side,seen_idx,exec_px,qty,fee,reason,ts,pred,th,gate,pnl,entry_px,entry_idx
buy,644657,476.3,209.95171110644552,0.0,5m BUY signal,2024-01-12 04:50:00,0.09720190614461899,0.04999999999999982,FREE,,,
sell,644700,476.36,209.95171110644552,0.0,5m SELL signal,2024-01-12 08:30:00,3.818074941635132,-0.5,FREE,12.597102666387208,476.3,644657.0
buy,644721,476.0,210.11049811484537,0.0,5m BUY signal,2024-01-12 10:15:00,0.07919353246688843,0.04999999999999982,FREE,,,
sell,644733,476.51,210.11049811484537,0.0,5m SELL signal,2024-01-12 11:15:00,3.2141916751861572,-0.5,FREE,107.15635403856923,476.0,644721.0
buy,644796,476.02,210.3267792460505,0.0,5m BUY signal,2024-01-12 16:30:00,0.17959283292293549,0.04999999999999982,FREE,,,
sell,644862,474.1,210.3267792460505,0.0,5m SELL signal,2024-01-16 06:15:00,3.925122022628784,-0.5,FREE,-403.8274161524084,476.02,644796.0
buy,644905,473.9,210.4155434491508,0.0,5m BUY signal,2024-01-16 09:50:00,1.0943527221679688,-0.0500000000000001,FREE,,,
sell,644978,474.95,210.4155434491508,0.0,5m SELL signal,2024-01-16 15:55:00,3.121044635772705,-0.5,FREE,220.93632062161072,473.9,644905.0
buy,645087,471.82,211.81141613575974,0.0,ADAPTIVE_FORCE_BUY->first acceptable 5m signal,2024-01-17 09:25:00,1.5366922616958618,1.2999999999999996,FORCE_BUY,,,
sell,645233,473.25,211.81141613575974,0.0,5m SELL signal,2024-01-18 05:50:00,2.28906512260437,-0.5,FREE,302.8903250741379,471.82,645087.0
buy,645307,473.41,211.73982950560463,0.0,5m BUY signal,2024-01-18 12:00:00,1.876709222793579,-0.5,FREE,,,
sell,645326,473.6001,211.73982950560463,0.0,5m SELL signal,2024-01-18 13:35:00,1.5588418245315552,-0.5,FREE,40.25174158900965,473.41,645307.0
buy,645641,484.2105,207.1000203998825,0.0,ADAPTIVE_FORCE_BUY->first acceptable 5m signal,2024-01-22 08:05:00,2.4135687351226807,1.2499999999999996,FORCE_BUY,,,
sell,645972,487.08,207.1000203998825,0.0,5m SELL signal,2024-01-24 04:40:00,1.6102633476257324,1.5499999999999994,FREE,594.2735085374545,484.2105,645641.0
buy,646093,485.89,207.60723195862184,0.0,5m BUY signal,2024-01-24 15:10:00,1.3476531505584717,-0.5,FREE,,,
sell,646960,488.86,207.60723195862184,0.0,ADAPTIVE_FORCE_SELL->first acceptable 5m signal,2024-01-31 09:30:00,1.4526605606079102,1.2499999999999996,FORCE_SELL,616.5934789171125,485.89,646093.0
buy,647169,484.08,209.65722900200768,0.0,5m BUY signal,2024-02-01 10:55:00,2.102882146835327,1.8499999999999996,FREE,,,
sell,647176,485.19,209.65722900200768,0.0,5m SELL signal,2024-02-01 11:30:00,2.307476043701172,1.0499999999999996,FREE,232.71952419223138,484.08,647169.0
buy,647253,491.53,206.95296510789598,0.0,5m BUY signal,2024-02-01 17:55:00,1.895613670349121,1.8499999999999996,FREE,,,
sell,647262,491.78,206.95296510789598,0.0,5m SELL signal,2024-02-01 18:40:00,1.467226505279541,1.0499999999999996,FREE,51.738241276973994,491.53,647253.0
buy,647286,491.71,206.9824270012021,0.0,5m BUY signal,2024-02-02 04:40:00,1.2764601707458496,0.9999999999999996,FREE,,,
sell,648614,499.43,206.9824270012021,0.0,5m SELL signal,2024-02-13 06:15:00,0.6224847435951233,-0.5,FREE,1597.904336449286,491.71,647286.0
buy,648644,494.98,208.8432532975279,0.0,5m BUY signal,2024-02-13 08:45:00,2.120965003967285,1.8499999999999996,FREE,,,
sell,648745,494.51,208.8432532975279,0.0,5m SELL signal,2024-02-13 17:10:00,1.160868763923645,-0.5,FREE,-98.1563290498438,494.98,648644.0
buy,649227,499.65,206.69484076485645,0.0,5m BUY signal,2024-02-16 09:55:00,1.763045310974121,1.7499999999999996,FREE,,,
sell,650494,505.05,206.69484076485645,0.0,5m SELL signal,2024-02-28 05:25:00,2.2366631031036377,1.5999999999999996,FREE,1116.1521401302318,499.65,649227.0
buy,650667,504.95,206.73577448913903,0.0,5m BUY signal,2024-02-29 04:05:00,1.3790390491485596,0.8999999999999997,FREE,,,
sell,650722,507.85,206.73577448913903,0.0,5m SELL signal,2024-02-29 08:45:00,2.578427791595459,1.6499999999999995,FREE,599.5337460185102,504.95,650667.0
buy,650739,506.98,207.09054217978866,0.0,5m BUY signal,2024-02-29 10:10:00,1.2412747144699097,0.8999999999999997,FREE,,,
sell,650761,506.951,207.09054217978866,0.0,5m SELL signal,2024-02-29 12:00:00,1.7600030899047852,1.6499999999999995,FREE,-6.005625723213118,506.98,650739.0
buy,650897,508.25,206.56125420282547,0.0,ADAPTIVE_FORCE_BUY->first acceptable 5m signal,2024-03-01 07:25:00,0.8977553248405457,0.8499999999999996,FORCE_BUY,,,
sell,651431,509.19,206.56125420282547,0.0,5m SELL signal,2024-03-06 05:00:00,0.8290907740592957,-0.5,FREE,194.16757895065547,508.25,650897.0
buy,651650,511.0,205.82959887971955,0.0,ADAPTIVE_FORCE_BUY->first acceptable 5m signal,2024-03-07 08:00:00,1.633487582206726,1.0499999999999996,FORCE_BUY,,,
sell,651850,516.61,205.82959887971955,0.0,5m SELL signal,2024-03-08 09:00:00,1.8641674518585205,1.2499999999999996,FREE,1154.7040497152295,511.0,651650.0
buy,651868,517.6889,205.4006355501382,0.0,5m BUY signal,2024-03-08 10:30:00,1.227187156677246,0.19999999999999984,FREE,,,
sell,652170,513.08,205.4006355501382,0.0,5m SELL signal,2024-03-12 04:05:00,1.8686538934707642,1.7499999999999996,FREE,-946.6709891870214,517.6889,651868.0
buy,652214,512.521,205.6246633563599,0.0,5m BUY signal,2024-03-12 08:00:00,1.7629709243774414,1.7499999999999996,FREE,,,
sell,652344,516.94,205.6246633563599,0.0,5m SELL signal,2024-03-12 18:50:00,1.8329778909683228,1.7499999999999996,FREE,908.6553873717742,512.521,652214.0
buy,652364,516.81,205.67638682579033,0.0,5m BUY signal,2024-03-13 04:30:00,1.3600847721099854,1.3499999999999996,FREE,,,
sell,652392,517.29,205.67638682579033,0.0,5m SELL signal,2024-03-13 07:05:00,1.9758449792861938,1.8499999999999996,FREE,98.7246656763831,516.81,652364.0
buy,652424,516.16,206.12666254865366,0.0,5m BUY signal,2024-03-13 09:45:00,1.4367115497589111,1.3499999999999996,FREE,,,
sell,652547,517.48,206.12666254865366,0.0,5m SELL signal,2024-03-14 04:00:00,1.7423059940338135,1.1499999999999997,FREE,272.08719456423313,516.16,652424.0
buy,652650,513.82,207.59492689205808,0.0,5m BUY signal,2024-03-14 13:00:00,1.3527569770812988,1.2999999999999996,FREE,,,
sell,652660,514.36,207.59492689205808,0.0,5m SELL signal,2024-03-14 13:50:00,1.5939496755599976,1.1499999999999997,FREE,112.10126052170381,513.82,652650.0
buy,652669,514.33,207.60703555343648,0.0,5m BUY signal,2024-03-14 14:35:00,1.8363503217697144,1.2999999999999996,FREE,,,
sell,652685,514.94,207.60703555343648,0.0,5m SELL signal,2024-03-14 15:55:00,1.4915666580200195,1.1499999999999997,FREE,126.64029168759909,514.33,652669.0
buy,652728,514.15,207.9260272058477,0.0,5m BUY signal,2024-03-14 19:30:00,1.634732723236084,1.2999999999999996,FREE,,,
sell,652759,514.25,207.9260272058477,0.0,5m SELL signal,2024-03-15 06:05:00,1.2721521854400635,1.0499999999999996,FREE,20.7926027205895,514.15,652728.0
buy,652781,514.03,208.01501758770343,0.0,5m BUY signal,2024-03-15 07:55:00,2.6396145820617676,-0.5,FREE,,,
sell,652813,510.93,208.01501758770343,0.0,5m SELL signal,2024-03-15 10:35:00,1.1088073253631592,1.0499999999999996,FREE,-644.8465545218735,514.03,652781.0
buy,652821,510.37,208.243260646365,0.0,5m BUY signal,2024-03-15 11:15:00,2.1306002140045166,-0.5,FREE,,,
sell,652923,511.31,208.243260646365,0.0,5m SELL signal,2024-03-18 04:00:00,1.2993401288986206,-0.5,FREE,195.74866500758262,510.37,652821.0
buy,653588,523.43,203.4213965594118,0.0,5m BUY signal,2024-03-21 13:00:00,0.9394399523735046,0.6499999999999997,FREE,,,
sell,653853,521.1,203.4213965594118,0.0,5m SELL signal,2024-03-25 04:00:00,1.4520899057388306,-0.5,FREE,-473.9718539834147,523.43,653588.0
buy,654086,521.6,203.22639905504118,0.0,5m BUY signal,2024-03-26 08:30:00,1.8625824451446533,1.6499999999999995,FREE,,,
sell,654198,519.46,203.22639905504118,0.0,5m SELL signal,2024-03-26 17:55:00,1.4957432746887207,-0.5,FREE,-434.90449397778536,521.6,654086.0
buy,654827,520.4,202.85931063245908,0.0,ADAPTIVE_FORCE_BUY->first acceptable 5m signal,2024-04-02 07:45:00,1.6566925048828125,1.5999999999999996,FORCE_BUY,,,
sell,655037,518.39,202.85931063245908,0.0,5m SELL signal,2024-04-03 09:45:00,1.3058472871780396,1.2999999999999996,FREE,-407.74721437124094,520.4,654827.0
buy,655785,518.97,202.63259540775084,0.0,5m BUY signal,2024-04-09 09:50:00,1.6146470308303833,1.4999999999999996,FREE,,,
sell,655802,516.46,202.63259540775084,0.0,5m SELL signal,2024-04-09 11:15:00,2.3814640045166016,1.6999999999999993,FREE,-508.6078144734528,518.97,655785.0
buy,655955,511.96,204.41368510095907,0.0,ADAPTIVE_FORCE_BUY->first acceptable 5m signal,2024-04-10 08:40:00,1.9879244565963745,1.5499999999999994,FORCE_BUY,,,
sell,656328,517.08,204.41368510095907,0.0,5m SELL signal,2024-04-12 08:00:00,2.416073799133301,-0.5,FREE,1046.598067716923,511.96,655955.0
buy,656332,516.27,204.73439923296712,0.0,5m BUY signal,2024-04-12 08:20:00,2.3886585235595703,2.2499999999999996,FREE,,,
sell,656348,515.18,204.73439923296712,0.0,5m SELL signal,2024-04-12 09:40:00,4.08179235458374,-0.5,FREE,-223.16049516394068,516.27,656332.0
buy,657236,497.42,212.0442840996341,0.0,ADAPTIVE_FORCE_BUY->first acceptable 5m signal,2024-04-19 04:00:00,1.7622605562210083,1.5499999999999994,FORCE_BUY,,,
sell,658003,503.11,212.0442840996341,0.0,5m SELL signal,2024-04-25 04:15:00,3.831218957901001,1.6499999999999995,FREE,1206.5319765269176,497.42,657236.0
buy,658055,500.09,213.32480108253898,0.0,5m BUY signal,2024-04-25 08:35:00,1.7238256931304932,1.1499999999999997,FREE,,,
sell,658108,502.05,213.32480108253898,0.0,5m SELL signal,2024-04-25 13:00:00,5.607951641082764,1.6499999999999995,FREE,418.11661012178416,500.09,658055.0
buy,658125,501.95,213.3673002958237,0.0,5m BUY signal,2024-04-25 14:25:00,1.2211658954620361,1.1499999999999997,FREE,,,
sell,658136,504.12,213.3673002958237,0.0,5m SELL signal,2024-04-25 15:20:00,5.027318954467773,1.6499999999999995,FREE,463.0070416419408,501.95,658125.0
buy,658225,507.09,212.11761901266175,0.0,5m BUY signal,2024-04-26 07:00:00,1.1080127954483032,0.7499999999999998,FREE,,,
sell,658226,507.34,212.11761901266175,0.0,5m SELL signal,2024-04-26 07:05:00,3.594127655029297,2.3999999999999995,FREE,53.02940475316544,507.09,658225.0
buy,658332,508.23,211.746163803561,0.0,5m BUY signal,2024-04-26 15:55:00,0.9187453389167786,0.7499999999999998,FREE,,,
sell,658374,509.67,211.746163803561,0.0,5m SELL signal,2024-04-26 19:55:00,3.5025508403778076,2.3999999999999995,FREE,304.91447587712736,508.23,658332.0
buy,658382,509.55,211.79603043030306,0.0,ADAPTIVE_FORCE_BUY->first acceptable 5m signal,2024-04-29 04:45:00,0.6970402002334595,-0.5,FORCE_BUY,,,
sell,658589,509.8,211.79603043030306,0.0,ADAPTIVE_FORCE_SELL->first acceptable 5m signal,2024-04-30 06:45:00,1.459746241569519,1.3499999999999996,FORCE_SELL,52.949007607575766,509.55,658382.0
buy,659126,506.47,213.18857249860505,0.0,ADAPTIVE_FORCE_BUY->first acceptable 5m signal,2024-05-03 04:00:00,1.065605878829956,0.5499999999999998,FORCE_BUY,,,
sell,660832,530.44,213.18857249860505,0.0,5m SELL signal,2024-05-16 07:15:00,1.2291383743286133,1.1499999999999997,FREE,5110.130082791569,506.47,659126.0
buy,660915,529.1,213.72849441723696,0.0,5m BUY signal,2024-05-16 14:10:00,1.157299518585205,1.1499999999999997,FREE,,,
sell,660954,528.68,213.72849441723696,0.0,5m SELL signal,2024-05-16 17:25:00,1.1856892108917236,1.1499999999999997,FREE,-89.76596765525507,529.1,660915.0
buy,660990,528.18,213.9308198502496,0.0,ADAPTIVE_FORCE_BUY->first acceptable 5m signal,2024-05-17 04:30:00,0.6815113425254822,-0.5,FORCE_BUY,,,
sell,661161,530.08,213.9308198502496,0.0,5m SELL signal,2024-05-20 04:00:00,1.0347888469696045,0.7499999999999998,FREE,406.4685577154937,528.18,660990.0
buy,661355,529.87,214.01560568860347,0.0,ADAPTIVE_FORCE_BUY->first acceptable 5m signal,2024-05-21 05:35:00,0.8991073369979858,-0.5,FORCE_BUY,,,
sell,661545,530.85,214.01560568860347,0.0,5m SELL signal,2024-05-22 07:00:00,1.675309419631958,0.6999999999999997,FREE,209.73529357483528,529.87,661355.0
buy,661555,530.48,214.16487761988228,0.0,5m BUY signal,2024-05-22 07:50:00,1.075744390487671,0.9999999999999996,FREE,,,
sell,661566,530.62,214.16487761988228,0.0,5m SELL signal,2024-05-22 08:45:00,0.971419632434845,0.6999999999999997,FREE,29.983082866780595,530.48,661555.0
buy,661603,530.5399,214.1972118641066,0.0,5m BUY signal,2024-05-22 11:50:00,1.2201825380325317,0.9999999999999996,FREE,,,
sell,661608,530.94,214.1972118641066,0.0,5m SELL signal,2024-05-22 12:15:00,0.8914560079574585,0.6999999999999997,FREE,85.70030446684316,530.5399,661603.0
buy,661624,530.14,214.52044302849959,0.0,5m BUY signal,2024-05-22 13:35:00,1.517966628074646,0.9999999999999996,FREE,,,
sell,661647,529.5158,214.52044302849959,0.0,5m SELL signal,2024-05-22 15:30:00,0.8462414145469666,0.6999999999999997,FREE,-133.90366053838375,530.14,661624.0
buy,661681,530.4,214.16282806672396,0.0,5m BUY signal,2024-05-22 18:20:00,1.1945744752883911,0.9999999999999996,FREE,,,
sell,661688,530.6,214.16282806672396,0.0,5m SELL signal,2024-05-22 18:55:00,0.8727983832359314,0.6999999999999997,FREE,42.83256561335453,530.4,661681.0
buy,661972,529.1495,214.7498893454567,0.0,5m BUY signal,2024-05-24 11:35:00,1.4673646688461304,1.1999999999999997,FREE,,,
sell,661979,529.765,214.7498893454567,0.0,5m SELL signal,2024-05-24 12:10:00,1.5443005561828613,1.0999999999999996,FREE,132.178556892128,529.1495,661972.0
buy,661988,529.26,214.95479561859176,0.0,5m BUY signal,2024-05-24 12:55:00,1.5085183382034302,1.1999999999999997,FREE,,,
sell,661994,529.61,214.95479561859176,0.0,5m SELL signal,2024-05-24 13:25:00,1.3980534076690674,1.0999999999999996,FREE,75.234178466512,529.26,661988.0
buy,662008,529.5753,214.9688803604745,0.0,5m BUY signal,2024-05-24 14:35:00,1.5394504070281982,1.1999999999999997,FREE,,,
sell,662274,527.03,214.9688803604745,0.0,5m SELL signal,2024-05-29 06:15:00,1.102586030960083,0.9999999999999996,FREE,-547.1602911815152,529.5753,662008.0
buy,662285,526.51,215.18119127154444,0.0,5m BUY signal,2024-05-29 07:10:00,1.1820639371871948,1.0999999999999996,FREE,,,
sell,662353,527.13,215.18119127154444,0.0,5m SELL signal,2024-05-29 12:50:00,1.1901202201843262,0.9999999999999996,FREE,133.41233858835852,526.51,662285.0
buy,662376,526.155,215.57993624496436,0.0,5m BUY signal,2024-05-29 14:45:00,1.239901065826416,1.0999999999999996,FREE,,,
sell,662384,526.85,215.57993624496436,0.0,5m SELL signal,2024-05-29 15:25:00,1.162709355354309,0.9999999999999996,FREE,149.828055690261,526.155,662376.0
buy,662390,526.11,215.8831601958896,0.0,5m BUY signal,2024-05-29 15:55:00,1.2535992860794067,1.0999999999999996,FREE,,,
sell,662468,524.07,215.8831601958896,0.0,ADAPTIVE_FORCE_SELL->first acceptable 5m signal,2024-05-30 06:45:00,1.0229846239089966,-0.5,FORCE_SELL,-440.4016467996069,526.11,662390.0
buy,663416,534.02,211.86076881738487,0.0,ADAPTIVE_FORCE_BUY->first acceptable 5m signal,2024-06-06 08:35:00,0.6030057072639465,0.5499999999999998,FORCE_BUY,,,
sell,663550,534.94,211.86076881738487,0.0,ADAPTIVE_FORCE_SELL->first acceptable 5m signal,2024-06-07 04:00:00,1.3824706077575684,1.2499999999999996,FORCE_SELL,194.9119073120095,534.02,663416.0
buy,663743,532.88,212.6797771940622,0.0,ADAPTIVE_FORCE_BUY->first acceptable 5m signal,2024-06-10 04:50:00,0.8056566715240479,-0.5,FORCE_BUY,,,
sell,663921,535.35,212.6797771940622,0.0,5m SELL signal,2024-06-11 04:00:00,0.8022752404212952,0.6999999999999997,FREE,525.3190496693395,532.88,663743.0
buy,663932,534.55,212.99807075267276,0.0,5m BUY signal,2024-06-11 04:55:00,0.8386005759239197,-0.5,FREE,,,
sell,663966,534.36,212.99807075267276,0.0,5m SELL signal,2024-06-11 08:00:00,1.146980881690979,0.6999999999999997,FREE,-40.46963344299523,534.55,663932.0
buy,663984,533.56,213.31743213021636,0.0,5m BUY signal,2024-06-11 09:30:00,1.3927329778671265,-0.5,FREE,,,
sell,663993,533.36,213.31743213021636,0.0,5m SELL signal,2024-06-11 10:15:00,0.8627287149429321,0.6999999999999997,FREE,-42.66348642602872,533.56,663984.0
buy,664014,533.89,213.10566895984604,0.0,5m BUY signal,2024-06-11 12:00:00,0.9027989506721497,-0.5,FREE,,,
sell,664038,535.5,213.10566895984604,0.0,5m SELL signal,2024-06-11 14:00:00,0.9346778988838196,0.6999999999999997,FREE,343.10012702535505,533.89,664014.0
buy,664358,541.32,210.8144641395063,0.0,ADAPTIVE_FORCE_BUY->first acceptable 5m signal,2024-06-13 10:10:00,1.782162070274353,1.5999999999999996,FORCE_BUY,,,
sell,664770,546.92,210.8144641395063,0.0,5m SELL signal,2024-06-17 13:30:00,1.5908375978469849,1.5499999999999994,FREE,1180.5609991812162,541.32,664358.0
buy,665078,549.56,209.80174453595382,0.0,5m BUY signal,2024-06-20 08:55:00,0.8431532382965088,0.6499999999999997,FREE,,,
sell,665395,545.31,209.80174453595382,0.0,5m SELL signal,2024-06-24 04:00:00,1.190596580505371,0.8999999999999997,FREE,-891.6574142778037,549.56,665078.0
buy,665512,543.77,210.39591980598593,0.0,5m BUY signal,2024-06-24 14:00:00,1.4408190250396729,1.1999999999999997,FREE,,,
sell,665521,544.405,210.39591980598593,0.0,5m SELL signal,2024-06-24 14:45:00,0.9748133420944214,0.8999999999999997,FREE,133.60140907679914,543.77,665512.0
buy,665612,543.72,210.6609849223456,0.0,ADAPTIVE_FORCE_BUY->first acceptable 5m signal,2024-06-25 06:40:00,1.4616609811782837,1.0999999999999996,FORCE_BUY,,,
sell,666211,549.48,210.6609849223456,0.0,5m SELL signal,2024-06-28 10:00:00,1.0796760320663452,0.8499999999999996,FREE,1213.4072731527087,543.72,665612.0
buy,666223,547.86,211.28390098771666,0.0,5m BUY signal,2024-06-28 11:00:00,1.7320046424865723,1.4999999999999996,FREE,,,
sell,666248,546.86,211.28390098771666,0.0,5m SELL signal,2024-06-28 13:05:00,1.65017831325531,0.8499999999999996,FREE,-211.28390098771666,547.86,666223.0
buy,666263,545.45,211.8300744232152,0.0,5m BUY signal,2024-06-28 14:20:00,1.5602043867111206,1.4999999999999996,FREE,,,
sell,667392,556.32,211.8300744232152,0.0,5m SELL signal,2024-07-10 04:00:00,0.7175872921943665,-0.5,FREE,2302.5929089803503,545.45,666263.0
buy,667468,557.09,211.53728661997718,0.0,5m BUY signal,2024-07-10 10:50:00,1.0219242572784424,0.9499999999999997,FREE,,,
sell,667475,557.68,211.53728661997718,0.0,5m SELL signal,2024-07-10 11:25:00,0.46215909719467163,-0.5,FREE,124.80699910576922,557.09,667468.0
buy,667783,557.39,211.64734566861418,0.0,5m BUY signal,2024-07-12 05:35:00,1.04068922996521,-0.5,FREE,,,
sell,667789,557.55,211.64734566861418,0.0,5m SELL signal,2024-07-12 06:15:00,0.7637102603912354,0.6499999999999997,FREE,33.86357530697153,557.39,667783.0
buy,667795,557.2,211.78028998122005,0.0,5m BUY signal,2024-07-12 06:50:00,0.9572592377662659,-0.5,FREE,,,
sell,667809,556.91,211.78028998122005,0.0,5m SELL signal,2024-07-12 08:00:00,0.9152736067771912,0.6499999999999997,FREE,-61.41628409457019,557.2,667795.0
buy,667816,556.66,211.87540202896068,0.0,5m BUY signal,2024-07-12 08:35:00,0.8682851791381836,-0.5,FREE,,,
sell,667871,561.94,211.87540202896068,0.0,5m SELL signal,2024-07-12 13:10:00,1.6340290307998657,0.6499999999999997,FREE,1118.7021227129308,556.66,667816.0
buy,667899,562.26,211.7548170173126,0.0,5m BUY signal,2024-07-12 15:30:00,0.915031909942627,-0.5,FREE,,,
sell,668012,561.89,211.7548170173126,0.0,5m SELL signal,2024-07-15 09:40:00,0.8789644241333008,0.7999999999999998,FREE,-78.34928229640663,562.26,667899.0
buy,668043,562.46,211.54022354275463,0.0,5m BUY signal,2024-07-15 12:15:00,1.0990833044052124,0.9999999999999996,FREE,,,
sell,668079,562.54,211.54022354275463,0.0,5m SELL signal,2024-07-15 15:15:00,0.985393226146698,0.7999999999999998,FREE,16.92321788340498,562.46,668043.0
buy,668084,560.83,212.1852207473587,0.0,5m BUY signal,2024-07-15 15:40:00,1.0141006708145142,0.9999999999999996,FREE,,,
sell,668115,562.291,212.1852207473587,0.0,5m SELL signal,2024-07-15 18:15:00,0.8091131448745728,0.7999999999999998,FREE,310.00260751189376,560.83,668084.0
buy,668136,560.71,212.7835065528581,0.0,ADAPTIVE_FORCE_BUY->first acceptable 5m signal,2024-07-16 04:00:00,1.446332573890686,-0.5,FORCE_BUY,,,
sell,668329,560.78,212.7835065528581,0.0,5m SELL signal,2024-07-17 04:50:00,1.3539259433746338,0.8499999999999996,FREE,14.894845458686522,560.71,668136.0
buy,668354,560.04,213.06466467522282,0.0,5m BUY signal,2024-07-17 07:00:00,1.5090128183364868,-0.5,FREE,,,
sell,668366,559.51,213.06466467522282,0.0,5m SELL signal,2024-07-17 08:00:00,2.0349581241607666,0.8499999999999996,FREE,-112.92427227786227,560.04,668354.0
buy,668374,559.42,213.09894271287033,0.0,5m BUY signal,2024-07-17 08:40:00,1.3816334009170532,-0.5,FREE,,,
sell,668388,560.38,213.09894271287033,0.0,5m SELL signal,2024-07-17 09:50:00,1.196783185005188,0.8499999999999996,FREE,204.57498500436327,559.42,668374.0
buy,668407,558.605,213.77607704449167,0.0,5m BUY signal,2024-07-17 11:25:00,1.8400847911834717,-0.5,FREE,,,
sell,668510,558.01,213.77607704449167,0.0,ADAPTIVE_FORCE_SELL->first acceptable 5m signal,2024-07-18 04:00:00,0.847004234790802,-0.5,FORCE_SELL,-127.19676584147838,558.605,668407.0
buy,669080,553.03,215.7011170308967,0.0,5m BUY signal,2024-07-23 04:05:00,1.31301748752594,1.2999999999999996,FREE,,,
sell,669095,554.62,215.7011170308967,0.0,5m SELL signal,2024-07-23 05:20:00,1.2765817642211914,-0.5,FREE,342.96477607913266,553.03,669080.0
buy,669238,553.13,216.28216427905906,0.0,5m BUY signal,2024-07-23 17:25:00,1.6230684518814087,1.2999999999999996,FREE,,,
sell,669317,549.71,216.28216427905906,0.0,ADAPTIVE_FORCE_SELL->first acceptable 5m signal,2024-07-24 08:00:00,1.4024906158447266,1.1999999999999997,FORCE_SELL,-739.6850018343731,553.13,669238.0
buy,669689,542.3,219.23744887671322,0.0,5m BUY signal,2024-07-26 07:00:00,1.2967146635055542,1.2499999999999996,FREE,,,
sell,669751,545.24,219.23744887671322,0.0,5m SELL signal,2024-07-26 12:10:00,2.266030788421631,2.1499999999999995,FREE,644.5580996975489,542.3,669689.0
buy,669791,543.18,220.0689028048513,0.0,5m BUY signal,2024-07-26 15:30:00,1.4223885536193848,1.2499999999999996,FREE,,,
sell,669844,545.98,220.0689028048513,0.0,5m SELL signal,2024-07-29 04:05:00,1.3563084602355957,1.3499999999999996,FREE,616.1929278535986,543.18,669791.0
buy,669912,544.55,220.64680847193597,0.0,5m BUY signal,2024-07-29 10:30:00,1.1383726596832275,1.0499999999999996,FREE,,,
sell,670085,546.37,220.64680847193597,0.0,5m SELL signal,2024-07-30 09:30:00,1.4201103448867798,1.3499999999999996,FREE,401.5771914189345,544.55,669912.0
buy,670102,543.84,221.67328027510231,0.0,5m BUY signal,2024-07-30 10:55:00,1.2325795888900757,0.9999999999999996,FREE,,,
sell,670131,540.38,221.67328027510231,0.0,5m SELL signal,2024-07-30 13:20:00,1.9991440773010254,1.3499999999999996,FREE,-766.9895497518621,543.84,670102.0
buy,670595,538.14,222.59599211182925,0.0,5m BUY signal,2024-08-02 04:05:00,1.3423677682876587,0.9999999999999996,FREE,,,
sell,670605,538.4,222.59599211182925,0.0,5m SELL signal,2024-08-02 04:55:00,1.0818393230438232,-0.5,FREE,57.87495794907358,538.14,670595.0
buy,670610,537.01,223.17216095232652,0.0,5m BUY signal,2024-08-02 05:20:00,1.0071710348129272,0.9999999999999996,FREE,,,
sell,670647,537.63,223.17216095232652,0.0,5m SELL signal,2024-08-02 08:25:00,0.9117152094841003,-0.5,FREE,138.36673979044346,537.01,670610.0
buy,670667,531.64,225.68664677751732,0.0,5m BUY signal,2024-08-02 10:05:00,1.4576157331466675,0.9999999999999996,FREE,,,
sell,670872,520.85,225.68664677751732,0.0,ADAPTIVE_FORCE_SELL->first acceptable 5m signal,2024-08-05 11:20:00,2.5647785663604736,-0.5,FORCE_SELL,-2435.158918729404,531.64,670667.0
buy,670989,519.84,226.12513460693654,0.0,5m BUY signal,2024-08-06 05:00:00,1.8587771654129028,1.7499999999999996,FREE,,,
sell,671006,520.49,226.12513460693654,0.0,5m SELL signal,2024-08-06 06:25:00,1.9259716272354126,1.8999999999999995,FREE,146.9813374945036,519.84,670989.0
buy,671045,518.52,226.98424614588524,0.0,5m BUY signal,2024-08-06 09:40:00,1.8032212257385254,1.7499999999999996,FREE,,,
sell,671076,526.7647,226.98424614588524,0.0,5m SELL signal,2024-08-06 12:15:00,2.6790807247161865,1.8999999999999995,FREE,1871.4170141989723,518.52,671045.0
buy,671120,522.19,228.97276532634362,0.0,5m BUY signal,2024-08-06 15:55:00,1.9336484670639038,1.7499999999999996,FREE,,,
sell,671149,521.01,228.97276532634362,0.0,5m SELL signal,2024-08-06 18:20:00,3.242345094680786,1.8999999999999995,FREE,-270.18786308510005,522.19,671120.0
buy,671290,521.07,228.9463996443439,0.0,5m BUY signal,2024-08-07 14:05:00,1.9266782999038696,1.6999999999999993,FREE,,,
sell,673225,561.17,228.9463996443439,0.0,5m SELL signal,2024-08-22 04:00:00,3.6370303630828857,0.8499999999999996,FREE,9180.75062573817,521.07,671290.0
buy,673331,557.37,230.50729513324444,0.0,5m BUY signal,2024-08-22 13:00:00,1.2087255716323853,-0.5,FREE,,,
sell,673346,557.02,230.50729513324444,0.0,5m SELL signal,2024-08-22 14:15:00,3.632892608642578,0.8499999999999996,FREE,-80.6775532966408,557.37,673331.0
buy,673359,555.67,231.06731249684134,0.0,5m BUY signal,2024-08-22 15:20:00,1.557013750076294,-0.5,FREE,,,
sell,673371,556.58,231.06731249684134,0.0,5m SELL signal,2024-08-22 16:20:00,2.204296112060547,0.8499999999999996,FREE,210.27125437214454,555.67,673359.0
buy,673408,557.0,230.89307861668215,0.0,5m BUY signal,2024-08-22 19:25:00,1.0132594108581543,-0.5,FREE,,,
sell,673973,561.76,230.89307861668215,0.0,5m SELL signal,2024-08-28 04:00:00,1.7293564081192017,1.5499999999999994,FREE,1099.051054215405,557.0,673408.0
buy,674004,561.93,230.82322681420706,0.0,5m BUY signal,2024-08-28 06:40:00,1.1480836868286133,-0.5,FREE,,,
sell,674102,557.06,230.82322681420706,0.0,5m SELL signal,2024-08-28 14:50:00,1.8531509637832642,1.5499999999999994,FREE,-1124.1091145851894,561.93,674004.0
buy,674121,556.55,231.03474392080167,0.0,5m BUY signal,2024-08-28 16:25:00,1.0870524644851685,-0.5,FREE,,,
sell,674209,560.18,231.03474392080167,0.0,5m SELL signal,2024-08-29 07:45:00,1.7379425764083862,-0.5,FREE,838.656120432509,556.55,674121.0
buy,674817,552.13,234.40320730544377,0.0,5m BUY signal,2024-09-04 11:30:00,0.8273977637290955,0.7999999999999998,FREE,,,
sell,675033,550.69,234.40320730544377,0.0,5m SELL signal,2024-09-05 13:55:00,2.31290864944458,1.9999999999999996,FREE,-337.54061851982516,552.13,674817.0
buy,675049,548.64,235.27905772644147,0.0,5m BUY signal,2024-09-05 15:15:00,1.283262848854065,0.7999999999999998,FREE,,,
sell,675126,546.08,235.27905772644147,0.0,ADAPTIVE_FORCE_SELL->first acceptable 5m signal,2024-09-06 05:50:00,0.963051438331604,-0.5,FORCE_SELL,-602.3143877796773,548.64,675049.0
buy,675490,546.67,235.02513004784453,0.0,ADAPTIVE_FORCE_BUY->first acceptable 5m signal,2024-09-10 04:20:00,1.0616294145584106,0.8999999999999997,FORCE_BUY,,,
sell,675730,548.8585,235.02513004784453,0.0,5m SELL signal,2024-09-11 09:00:00,1.9050159454345703,1.4999999999999996,FREE,514.3524971097289,546.67,675490.0
buy,675738,546.16,236.18635626989322,0.0,5m BUY signal,2024-09-11 09:40:00,1.383352279663086,0.9499999999999997,FREE,,,
sell,676621,563.37,236.18635626989322,0.0,5m SELL signal,2024-09-18 04:50:00,1.9736578464508057,1.0999999999999996,FREE,4064.767191404871,546.16,675738.0
buy,676697,562.09,236.72420347590196,0.0,5m BUY signal,2024-09-18 11:40:00,1.5686928033828735,1.1999999999999997,FREE,,,
sell,676706,563.019,236.72420347590196,0.0,5m SELL signal,2024-09-18 12:25:00,1.6692099571228027,1.0999999999999996,FREE,219.91678502910668,562.09,676697.0
buy,676717,563.11,236.68594824598895,0.0,5m BUY signal,2024-09-18 13:20:00,1.8166996240615845,1.1999999999999997,FREE,,,
sell,676718,563.71,236.68594824598895,0.0,5m SELL signal,2024-09-18 13:25:00,1.7056810855865479,1.0999999999999996,FREE,142.01156894759876,563.11,676717.0
buy,676737,562.86,237.04337825702027,0.0,5m BUY signal,2024-09-18 15:00:00,2.4001803398132324,1.1999999999999997,FREE,,,
sell,678388,568.85,237.04337825702027,0.0,5m SELL signal,2024-10-01 11:35:00,2.501654624938965,1.7999999999999994,FREE,1419.8898357595535,562.86,676737.0
buy,678399,568.42,237.22269751505226,0.0,5m BUY signal,2024-10-01 12:30:00,1.56201171875,-0.5,FREE,,,
sell,678417,569.69,237.22269751505226,0.0,5m SELL signal,2024-10-01 14:00:00,2.4253838062286377,1.7999999999999994,FREE,301.27282584413905,568.42,678399.0
buy,678432,569.96,237.1103209827885,0.0,5m BUY signal,2024-10-01 15:15:00,1.1106133460998535,-0.5,FREE,,,
sell,679079,570.1,237.1103209827885,0.0,5m SELL signal,2024-10-07 05:55:00,1.5538522005081177,0.9499999999999997,FREE,33.195444937587155,569.96,678432.0
buy,679182,568.61,237.73165085434258,0.0,5m BUY signal,2024-10-07 14:30:00,0.9823811054229736,0.9499999999999997,FREE,,,
sell,680570,583.71,237.73165085434258,0.0,5m SELL signal,2024-10-17 04:00:00,0.6358345150947571,-0.5,FREE,3589.7479279005784,568.61,679182.0
buy,680775,583.38,237.86612828720268,0.0,ADAPTIVE_FORCE_BUY->first acceptable 5m signal,2024-10-18 05:50:00,0.9542196393013,0.7499999999999998,FORCE_BUY,,,
sell,680981,582.89,237.86612828720268,0.0,5m SELL signal,2024-10-21 08:15:00,1.7311601638793945,0.6999999999999997,FREE,-116.55440286073149,583.38,680775.0
buy,681011,582.58,237.99270060305463,0.0,5m BUY signal,2024-10-21 10:45:00,1.0569477081298828,0.6999999999999997,FREE,,,
sell,681048,583.29,237.99270060305463,0.0,5m SELL signal,2024-10-21 13:50:00,1.309058427810669,0.6999999999999997,FREE,168.9748174281504,582.58,681011.0
buy,681058,582.36,238.37276312719922,0.0,5m BUY signal,2024-10-21 14:40:00,0.8820798993110657,0.6999999999999997,FREE,,,
sell,681073,583.68,238.37276312719922,0.0,5m SELL signal,2024-10-21 15:55:00,0.892166256904602,0.6999999999999997,FREE,314.6520473278878,582.36,681058.0
buy,681121,582.17,238.9910410740568,0.0,5m BUY signal,2024-10-22 04:00:00,1.3328652381896973,1.1499999999999997,FREE,,,
sell,681184,581.05,238.9910410740568,0.0,5m SELL signal,2024-10-22 09:25:00,1.666050672531128,1.6499999999999995,FREE,-267.6699660029447,582.17,681121.0
buy,681200,581.41,238.8430615505077,0.0,5m BUY signal,2024-10-22 10:45:00,1.3693310022354126,1.1499999999999997,FREE,,,
sell,681435,576.845,238.8430615505077,0.0,ADAPTIVE_FORCE_SELL->first acceptable 5m signal,2024-10-23 14:40:00,1.8367475271224976,1.5999999999999996,FORCE_SELL,-1090.3185759780536,581.41,681200.0
buy,681544,580.94,237.15947574638108,0.0,ADAPTIVE_FORCE_BUY->first acceptable 5m signal,2024-10-24 08:00:00,1.2164199352264404,1.1499999999999997,FORCE_BUY,,,
sell,681780,582.71,237.15947574638108,0.0,ADAPTIVE_FORCE_SELL->first acceptable 5m signal,2024-10-25 12:25:00,2.3188698291778564,1.9999999999999996,FORCE_SELL,419.7722720710902,580.94,681544.0
buy,681905,582.2,237.36722451421113,0.0,5m BUY signal,2024-10-28 06:55:00,1.2507379055023193,1.2499999999999996,FREE,,,
sell,682315,582.37,237.36722451421113,0.0,ADAPTIVE_FORCE_SELL->first acceptable 5m signal,2024-10-30 10:00:00,1.1833971738815308,0.7499999999999998,FORCE_SELL,40.352428167406174,582.2,681905.0
buy,682876,570.33,242.37818550723466,0.0,5m BUY signal,2024-11-04 09:30:00,1.5802770853042603,1.5499999999999994,FREE,,,
sell,683003,571.08,242.37818550723466,0.0,5m SELL signal,2024-11-05 04:05:00,0.581882119178772,-0.5,FREE,181.783639130426,570.33,682876.0
buy,683371,590.61,234.363343288247,0.0,5m BUY signal,2024-11-06 19:25:00,0.9842989444732666,0.8499999999999996,FREE,,,
sell,683947,598.45,234.363343288247,0.0,5m SELL signal,2024-11-12 04:00:00,0.7591455578804016,-0.5,FREE,1837.408611379864,590.61,683371.0
buy,683959,597.47,234.74775769637205,0.0,5m BUY signal,2024-11-12 05:00:00,1.224838376045227,1.1499999999999997,FREE,,,
sell,683973,597.93,234.74775769637205,0.0,5m SELL signal,2024-11-12 06:10:00,0.8457984924316406,-0.5,FREE,107.983968540313,597.47,683959.0
buy,684258,598.0001,234.72023961098287,0.0,ADAPTIVE_FORCE_BUY->first acceptable 5m signal,2024-11-13 14:15:00,1.2289776802062988,1.1999999999999997,FORCE_BUY,,,
sell,684663,586.07,234.72023961098287,0.0,ADAPTIVE_FORCE_SELL->first acceptable 5m signal,2024-11-15 16:00:00,1.6165995597839355,1.4999999999999996,FORCE_SELL,-2800.235930582969,598.0001,684258.0
buy,684759,584.96,235.16563667397554,0.0,5m BUY signal,2024-11-18 08:20:00,1.321089267730713,1.0499999999999996,FREE,,,
sell,684769,586.49,235.16563667397554,0.0,5m SELL signal,2024-11-18 09:10:00,0.7989665269851685,-0.5,FREE,359.8034241111762,584.96,684759.0
buy,684804,587.94,234.58566223240447,0.0,5m BUY signal,2024-11-18 12:05:00,1.4236539602279663,1.0499999999999996,FREE,,,
sell,684810,588.54,234.58566223240447,0.0,5m SELL signal,2024-11-18 12:35:00,0.9227293729782104,-0.5,FREE,140.75139733942135,587.94,684804.0
buy,684902,586.84,235.26522672322835,0.0,5m BUY signal,2024-11-19 04:20:00,1.0305591821670532,-0.5,FREE,,,
sell,684965,585.26,235.26522672322835,0.0,5m SELL signal,2024-11-19 09:35:00,2.5053226947784424,2.499999999999999,FREE,-371.71905822271043,586.84,684902.0
buy,684998,588.44,233.99382535523858,0.0,5m BUY signal,2024-11-19 12:20:00,0.47606030106544495,-0.5,FREE,,,
sell,687390,605.91,233.99382535523858,0.0,ADAPTIVE_FORCE_SELL->first acceptable 5m signal,2024-12-09 11:50:00,1.4496155977249146,1.2999999999999996,FORCE_SELL,4087.872128955998,588.44,684998.0
buy,688183,603.47,234.93992861450047,0.0,ADAPTIVE_FORCE_BUY->first acceptable 5m signal,2024-12-13 16:30:00,1.2232743501663208,0.7999999999999998,FORCE_BUY,,,
sell,688593,604.95,234.93992861450047,0.0,ADAPTIVE_FORCE_SELL->first acceptable 5m signal,2024-12-18 04:00:00,1.0351197719573975,-0.5,FORCE_SELL,347.711094349465,603.47,688183.0
buy,689181,592.02,240.07112904182642,0.0,ADAPTIVE_FORCE_BUY->first acceptable 5m signal,2024-12-23 05:25:00,1.3298434019088745,1.2499999999999996,FORCE_BUY,,,
sell,690824,596.03,240.07112904182642,0.0,5m SELL signal,2025-01-07 05:50:00,1.7249397039413452,1.6499999999999995,FREE,962.6852274577218,592.02,689181.0
buy,690937,587.83,243.4200279720324,0.0,5m BUY signal,2025-01-07 15:20:00,2.40513277053833,1.8999999999999995,FREE,,,
sell,693337,602.49,243.4200279720324,0.0,5m SELL signal,2025-01-28 10:25:00,3.4489359855651855,-0.5,FREE,3568.537610069987,587.83,690937.0
buy,693500,603.94,242.8356006438881,0.0,5m BUY signal,2025-01-29 08:05:00,2.4850475788116455,1.8999999999999995,FREE,,,
sell,693515,603.89,242.8356006438881,0.0,5m SELL signal,2025-01-29 09:20:00,2.5173451900482178,-0.5,FREE,-12.14178003221097,603.94,693500.0
buy,693722,601.62,243.75185478015624,0.0,5m BUY signal,2025-01-30 11:00:00,1.5215214490890503,1.3499999999999996,FREE,,,
sell,693730,603.13,243.75185478015624,0.0,5m SELL signal,2025-01-30 11:40:00,3.1481449604034424,-0.5,FREE,368.0653007180337,601.62,693722.0
buy,694016,593.51,247.70274498080175,0.0,5m BUY signal,2025-02-03 04:00:00,2.4456772804260254,1.7499999999999996,FREE,,,
sell,694139,599.9,247.70274498080175,0.0,5m SELL signal,2025-02-03 14:15:00,2.66137957572937,2.2999999999999994,FREE,1582.8205404273199,593.51,694016.0
buy,694150,598.99,248.07906094255824,0.0,5m BUY signal,2025-02-03 15:10:00,1.8452693223953247,1.7499999999999996,FREE,,,
sell,694183,601.9,248.07906094255824,0.0,5m SELL signal,2025-02-03 17:55:00,3.0639514923095703,2.2999999999999994,FREE,721.9100673428366,598.99,694150.0
buy,694208,596.44,250.35005496164874,0.0,ADAPTIVE_FORCE_BUY->first acceptable 5m signal,2025-02-04 04:00:00,2.576730489730835,1.6999999999999993,FORCE_BUY,,,
sell,694829,606.78,250.35005496164874,0.0,ADAPTIVE_FORCE_SELL->first acceptable 5m signal,2025-02-07 09:15:00,2.803218126296997,2.349999999999999,FORCE_SELL,2588.6195683034275,596.44,694208.0
buy,694988,603.43,251.73989750199564,0.0,ADAPTIVE_FORCE_BUY->first acceptable 5m signal,2025-02-10 07:10:00,2.554368495941162,1.0999999999999996,FORCE_BUY,,,
sell,696477,611.06,251.73989750199564,0.0,ADAPTIVE_FORCE_SELL->first acceptable 5m signal,2025-02-21 08:40:00,2.0787816047668457,-0.5,FORCE_SELL,1920.7754179402257,603.43,694988.0
buy,696813,595.6,258.27431458624824,0.0,5m BUY signal,2025-02-25 04:45:00,0.9825131297111511,0.8499999999999996,FREE,,,
sell,696820,595.95,258.27431458624824,0.0,5m SELL signal,2025-02-25 05:20:00,1.052039384841919,-0.5,FREE,90.39601010519276,595.6,696813.0
buy,696847,596.9,257.86325645447255,0.0,5m BUY signal,2025-02-25 07:45:00,1.1496256589889526,0.8499999999999996,FREE,,,
sell,696885,592.34,257.86325645447255,0.0,5m SELL signal,2025-02-25 10:55:00,1.2224265336990356,-0.5,FREE,-1175.8564494323807,596.9,696847.0
buy,696915,593.705,257.27039746716343,0.0,5m BUY signal,2025-02-25 13:25:00,0.9788846969604492,0.8499999999999996,FREE,,,
sell,696938,596.585,257.27039746716343,0.0,5m SELL signal,2025-02-25 15:20:00,1.3775047063827515,-0.5,FREE,740.9387447054295,593.705,696915.0
buy,696945,594.19,258.30737655118344,0.0,5m BUY signal,2025-02-25 15:55:00,1.3286737203598022,0.8499999999999996,FREE,,,
sell,696995,596.92,258.30737655118344,0.0,5m SELL signal,2025-02-26 04:00:00,1.656849980354309,1.4999999999999996,FREE,705.1791379847061,594.19,696945.0
buy,697797,581.64,265.09325220227703,0.0,5m BUY signal,2025-03-04 07:15:00,1.7009525299072266,1.6999999999999993,FREE,,,
sell,698070,582.38,265.09325220227703,0.0,5m SELL signal,2025-03-05 14:00:00,2.1797046661376953,-0.5,FREE,196.1690066296874,581.64,697797.0
buy,698092,583.62,264.530016479151,0.0,5m BUY signal,2025-03-05 15:50:00,2.556821346282959,2.0499999999999994,FREE,,,
sell,698120,583.18,264.530016479151,0.0,5m SELL signal,2025-03-05 18:10:00,1.4957590103149414,-0.5,FREE,-116.39320725084089,583.62,698092.0
buy,698125,582.5,264.8388240520365,0.0,5m BUY signal,2025-03-05 18:35:00,2.070051431655884,2.0499999999999994,FREE,,,
sell,698132,582.89,264.8388240520365,0.0,5m SELL signal,2025-03-05 19:10:00,1.6838189363479614,-0.5,FREE,103.28714138029062,582.5,698125.0
buy,698147,577.24,267.4310549367534,0.0,5m BUY signal,2025-03-06 04:25:00,3.370638847351074,2.349999999999999,FREE,,,
sell,698335,575.15,267.4310549367534,0.0,5m SELL signal,2025-03-07 04:05:00,1.5064018964767456,-0.5,FREE,-558.9309048178231,577.24,698147.0
buy,698463,575.02,267.4915155070671,0.0,5m BUY signal,2025-03-07 15:00:00,2.5553507804870605,2.499999999999999,FREE,,,
sell,698571,568.75,267.4915155070671,0.0,5m SELL signal,2025-03-10 08:00:00,2.7653229236602783,1.2999999999999996,FREE,-1677.171802229306,575.02,698463.0
buy,698577,567.39,268.1326767208524,0.0,5m BUY signal,2025-03-10 08:30:00,3.9271912574768066,2.0999999999999996,FREE,,,
sell,698585,568.44,268.1326767208524,0.0,5m SELL signal,2025-03-10 09:10:00,1.7734243869781494,1.2999999999999996,FREE,281.5393105569133,567.39,698577.0
buy,698657,557.63,273.33059332389104,0.0,5m BUY signal,2025-03-10 15:10:00,2.4105212688446045,2.0999999999999996,FREE,,,
sell,698715,561.65,273.33059332389104,0.0,5m SELL signal,2025-03-11 04:00:00,2.6268343925476074,-0.5,FREE,1098.788985162037,557.63,698657.0
buy,698854,559.48,274.3907337891674,0.0,5m BUY signal,2025-03-11 15:40:00,2.9584805965423584,1.9999999999999996,FREE,,,
sell,698948,561.04,274.3907337891674,0.0,5m SELL signal,2025-03-12 07:35:00,2.390843391418457,2.349999999999999,FREE,428.04954471108624,559.48,698854.0
buy,698977,559.32,275.2345299382723,0.0,5m BUY signal,2025-03-12 10:00:00,2.2474524974823,2.0499999999999994,FREE,,,
sell,698996,557.84,275.2345299382723,0.0,5m SELL signal,2025-03-12 11:35:00,2.5992488861083984,2.349999999999999,FREE,-407.34710430864806,559.32,698977.0
buy,699168,555.53,276.37900775973543,0.0,5m BUY signal,2025-03-13 09:50:00,1.4772496223449707,1.4499999999999995,FREE,,,
sell,699175,557.13,276.37900775973543,0.0,5m SELL signal,2025-03-13 10:25:00,3.093857765197754,2.4499999999999993,FREE,442.206412415583,555.53,699168.0
buy,699184,555.06,277.4097153338043,0.0,5m BUY signal,2025-03-13 11:10:00,1.5140020847320557,1.4499999999999995,FREE,,,
sell,699220,552.85,277.4097153338043,0.0,5m SELL signal,2025-03-13 14:10:00,2.528308391571045,2.4499999999999993,FREE,-613.075470887686,555.06,699184.0
buy,699559,564.6,271.6364879955609,0.0,ADAPTIVE_FORCE_BUY->first acceptable 5m signal,2025-03-17 10:30:00,1.4305706024169922,1.2999999999999996,FORCE_BUY,,,
sell,699709,566.01,271.6364879955609,0.0,5m SELL signal,2025-03-18 07:10:00,2.6203322410583496,2.349999999999999,FREE,383.00744807373223,564.6,699559.0
buy,699730,564.5,272.3630975560096,0.0,5m BUY signal,2025-03-18 08:55:00,1.443619728088379,1.3999999999999995,FREE,,,
sell,699889,562.51,272.3630975560096,0.0,5m SELL signal,2025-03-19 06:30:00,1.9362754821777344,1.8999999999999995,FREE,-542.0025641364616,564.5,699730.0
buy,699938,563.9897,271.64851770560875,0.0,5m BUY signal,2025-03-19 10:40:00,1.356797456741333,1.2499999999999996,FREE,,,
sell,699951,565.46,271.64851770560875,0.0,5m SELL signal,2025-03-19 11:45:00,1.9550424814224243,1.8999999999999995,FREE,399.4048155825744,563.9897,699938.0
buy,700247,561.83,273.4036466935079,0.0,ADAPTIVE_FORCE_BUY->first acceptable 5m signal,2025-03-21 04:30:00,1.7513506412506104,1.7499999999999996,FORCE_BUY,,,
sell,700841,574.82,273.4036466935079,0.0,ADAPTIVE_FORCE_SELL->first acceptable 5m signal,2025-03-26 06:30:00,0.7720292210578918,-0.5,FORCE_SELL,3551.51337054867,561.83,700247.0
buy,701034,569.16,276.1225036762285,0.0,5m BUY signal,2025-03-27 06:40:00,1.6149935722351074,1.1999999999999997,FREE,,,
sell,701047,568.55,276.1225036762285,0.0,5m SELL signal,2025-03-27 07:45:00,1.571022629737854,1.5499999999999994,FREE,-168.43472724250316,569.16,701034.0
buy,701054,568.2,276.2925896957404,0.0,5m BUY signal,2025-03-27 08:20:00,1.292060375213623,1.1999999999999997,FREE,,,
sell,701074,568.51,276.2925896957404,0.0,5m SELL signal,2025-03-27 10:00:00,1.812373161315918,1.5499999999999994,FREE,85.65070280566444,568.2,701054.0
buy,701183,566.36,277.34144390127364,0.0,5m BUY signal,2025-03-27 19:05:00,1.567212700843811,1.1999999999999997,FREE,,,
sell,701219,566.45,277.34144390127364,0.0,ADAPTIVE_FORCE_SELL->first acceptable 5m signal,2025-03-28 06:10:00,1.761279582977295,1.4499999999999995,FORCE_SELL,24.960729951123454,566.36,701183.0
buy,703952,525.28,299.07870259266764,0.0,5m BUY signal,2025-04-17 10:25:00,2.5380876064300537,2.3999999999999995,FREE,,,
sell,704000,530.02,299.07870259266764,0.0,5m SELL signal,2025-04-17 14:25:00,4.405668258666992,-0.5,FREE,1417.6330502892474,525.28,703952.0
buy,704080,520.61,304.48453534923584,0.0,5m BUY signal,2025-04-21 05:10:00,1.8926959037780762,1.4499999999999995,FREE,,,
sell,704090,521.3,304.48453534923584,0.0,5m SELL signal,2025-04-21 06:00:00,3.1944785118103027,-0.5,FREE,210.09432939095473,520.61,704080.0
buy,704096,520.99,304.66571004732646,0.0,5m BUY signal,2025-04-21 06:30:00,1.4544939994812012,1.4499999999999995,FREE,,,
sell,704101,522.25,304.66571004732646,0.0,5m SELL signal,2025-04-21 07:00:00,3.7777860164642334,-0.5,FREE,383.87879465962857,520.99,704096.0
buy,704174,510.0188,311.97216077567384,0.0,5m BUY signal,2025-04-21 13:05:00,1.7220690250396729,1.4499999999999995,FREE,,,
sell,704201,510.8,311.97216077567384,0.0,5m SELL signal,2025-04-21 15:20:00,3.967283010482788,-0.5,FREE,243.7126519979603,510.0188,704174.0
buy,704639,533.35,298.7820000454002,0.0,5m BUY signal,2025-04-24 04:00:00,1.7424086332321167,1.0499999999999996,FREE,,,
sell,704654,532.53,298.7820000454002,0.0,5m SELL signal,2025-04-24 05:15:00,3.363522529602051,-0.5,FREE,-245.0012400372431,533.35,704639.0
buy,704678,534.31,297.78663787721916,0.0,5m BUY signal,2025-04-24 07:15:00,1.635374903678894,1.0499999999999996,FREE,,,
sell,704694,536.22,297.78663787721916,0.0,5m SELL signal,2025-04-24 08:35:00,4.20500373840332,-0.5,FREE,568.7724783455129,534.31,704678.0
buy,704924,546.37,292.2546094451058,0.0,ADAPTIVE_FORCE_BUY->first acceptable 5m signal,2025-04-25 11:45:00,1.929808259010315,1.7499999999999996,FORCE_BUY,,,
sell,708350,590.53,292.2546094451058,0.0,5m SELL signal,2025-05-21 10:00:00,2.444194793701172,1.3999999999999995,FREE,12905.963553095864,546.37,704924.0
buy,708356,589.29,292.869579520471,0.0,5m BUY signal,2025-05-21 10:30:00,1.6357976198196411,1.4499999999999995,FREE,,,
sell,708363,591.71,292.869579520471,0.0,5m SELL signal,2025-05-21 11:05:00,2.2918906211853027,1.3999999999999995,FREE,708.7443824395612,589.29,708356.0
buy,708388,590.13,293.6537015539931,0.0,5m BUY signal,2025-05-21 13:10:00,1.8339791297912598,1.4499999999999995,FREE,,,
sell,712166,597.989,293.6537015539931,0.0,5m SELL signal,2025-06-20 09:10:00,2.9400393962860107,2.3999999999999995,FREE,2307.8244405128426,590.13,708388.0
buy,712177,597.02,294.13031948439044,0.0,5m BUY signal,2025-06-20 10:05:00,1.5058958530426025,1.0499999999999996,FREE,,,
sell,712194,595.87,294.13031948439044,0.0,5m SELL signal,2025-06-20 11:30:00,2.6894748210906982,2.3999999999999995,FREE,-338.2498674070423,597.02,712177.0
buy,712200,594.62,294.7486352143617,0.0,5m BUY signal,2025-06-20 12:00:00,1.4559762477874756,1.0499999999999996,FREE,,,
sell,712468,602.5,294.7486352143617,0.0,5m SELL signal,2025-06-23 18:25:00,4.507967948913574,-0.5,FREE,2322.619245489169,594.62,712200.0
buy,712891,608.74,291.72726076264564,0.0,ADAPTIVE_FORCE_BUY->first acceptable 5m signal,2025-06-26 06:00:00,0.3830646574497223,-0.5,FORCE_BUY,,,
sell,715118,626.67,291.72726076264564,0.0,5m SELL signal,2025-07-15 04:00:00,1.3823374509811401,0.8499999999999996,FREE,5230.6697854742215,608.74,712891.0
buy,715225,623.22,293.3421945735489,0.0,5m BUY signal,2025-07-15 12:55:00,1.2219359874725342,-0.5,FREE,,,
sell,715233,624.29,293.3421945735489,0.0,5m SELL signal,2025-07-15 13:35:00,1.433895468711853,0.8499999999999996,FREE,313.87614819367866,623.22,715225.0
buy,715245,624.56,293.2153814690676,0.0,5m BUY signal,2025-07-15 14:35:00,0.725886344909668,-0.5,FREE,,,
sell,715286,621.49,293.2153814690676,0.0,5m SELL signal,2025-07-15 18:00:00,1.3960764408111572,0.8499999999999996,FREE,-900.1712211100189,624.56,715245.0
buy,715288,621.04,293.4278426980723,0.0,5m BUY signal,2025-07-15 18:10:00,1.2818310260772705,-0.5,FREE,,,
sell,717392,641.1,293.4278426980723,0.0,5m SELL signal,2025-07-31 04:00:00,2.8943724632263184,2.2999999999999994,FREE,5886.162524523348,621.04,715288.0
buy,717458,639.14,294.32767461547417,0.0,5m BUY signal,2025-07-31 09:30:00,1.4061471223831177,1.3499999999999996,FREE,,,
sell,717987,632.2,294.32767461547417,0.0,5m SELL signal,2025-08-05 05:35:00,0.6271512508392334,-0.5,FREE,-2042.6340618313734,639.14,717458.0
buy,718307,632.52,294.1787704608594,0.0,ADAPTIVE_FORCE_BUY->first acceptable 5m signal,2025-08-06 16:15:00,1.8813897371292114,1.4499999999999995,FORCE_BUY,,,
sell,718352,635.75,294.1787704608594,0.0,5m SELL signal,2025-08-07 04:00:00,1.9173023700714111,1.7499999999999996,FREE,950.1974285885813,632.52,718307.0
buy,718434,632.98,295.4661337174814,0.0,5m BUY signal,2025-08-07 10:50:00,1.3026145696640015,1.2499999999999996,FREE,,,
sell,719497,647.0,295.4661337174814,0.0,5m SELL signal,2025-08-15 04:00:00,1.6558083295822144,1.3999999999999995,FREE,4142.4351947190835,632.98,718434.0
buy,719566,644.01,296.837919465863,0.0,5m BUY signal,2025-08-15 09:50:00,1.1044142246246338,1.0999999999999996,FREE,,,
sell,719883,642.97,296.837919465863,0.0,5m SELL signal,2025-08-19 04:45:00,0.9397061467170715,0.8999999999999997,FREE,-308.7114362444867,644.01,719566.0
buy,719896,643.01,296.81945394156537,0.0,5m BUY signal,2025-08-19 05:55:00,0.9143050312995911,-0.5,FREE,,,
sell,719917,643.2,296.81945394156537,0.0,5m SELL signal,2025-08-19 07:45:00,0.9304935336112976,0.8999999999999997,FREE,56.395696248913616,643.01,719896.0
buy,719920,643.0,296.9117772553886,0.0,5m BUY signal,2025-08-19 08:00:00,1.22831392288208,-0.5,FREE,,,
sell,719944,644.09,296.9117772553886,0.0,5m SELL signal,2025-08-19 10:00:00,1.0545812845230103,0.8999999999999997,FREE,323.633837208383,643.0,719920.0
buy,719950,643.37,297.2440533634196,0.0,5m BUY signal,2025-08-19 10:30:00,1.1620012521743774,-0.5,FREE,,,
sell,719985,639.71,297.2440533634196,0.0,5m SELL signal,2025-08-19 13:25:00,1.116353154182434,0.8999999999999997,FREE,-1087.9132353101063,643.37,719950.0
buy,719999,638.8,297.6674911977351,0.0,5m BUY signal,2025-08-19 14:35:00,0.8828796148300171,-0.5,FREE,,,
sell,720015,639.77,297.6674911977351,0.0,5m SELL signal,2025-08-19 15:55:00,1.2483186721801758,0.8999999999999997,FREE,288.73746646181115,638.8,719999.0
buy,720056,639.1904,297.93740776390723,0.0,5m BUY signal,2025-08-19 19:20:00,1.6372413635253906,-0.5,FREE,,,
sell,720092,639.32,297.93740776390723,0.0,5m SELL signal,2025-08-20 06:15:00,1.1746399402618408,0.7999999999999998,FREE,38.612688046230936,639.1904,720056.0
buy,720134,635.51,299.7235976328007,0.0,5m BUY signal,2025-08-20 09:50:00,1.1385709047317505,-0.5,FREE,,,
sell,720152,636.26,299.7235976328007,0.0,5m SELL signal,2025-08-20 11:20:00,0.8330509066581726,0.7999999999999998,FREE,224.79269822460054,635.51,720134.0
buy,720159,635.14,300.25212745197246,0.0,5m BUY signal,2025-08-20 11:55:00,1.618552327156067,-0.5,FREE,,,
sell,720165,637.425,300.25212745197246,0.0,5m SELL signal,2025-08-20 12:25:00,0.8080396056175232,0.7999999999999998,FREE,686.0761112277474,635.14,720159.0
buy,720170,636.58,300.6506838748838,0.0,5m BUY signal,2025-08-20 12:50:00,1.3693413734436035,-0.5,FREE,,,
sell,720176,636.52,300.6506838748838,0.0,5m SELL signal,2025-08-20 13:20:00,0.8933228254318237,0.7999999999999998,FREE,-18.039041032510802,636.58,720170.0
buy,720187,635.56,301.10481040348833,0.0,5m BUY signal,2025-08-20 14:15:00,1.5075219869613647,-0.5,FREE,,,
sell,720197,637.46,301.10481040348833,0.0,5m SELL signal,2025-08-20 15:05:00,0.8718284368515015,0.7999999999999998,FREE,572.0991397666552,635.56,720187.0
buy,720304,635.6,301.9859541217868,0.0,5m BUY signal,2025-08-21 08:15:00,1.5025767087936401,1.4999999999999996,FREE,,,
sell,720446,636.58,301.9859541217868,0.0,ADAPTIVE_FORCE_SELL->first acceptable 5m signal,2025-08-22 04:10:00,0.9392663240432739,-0.5,FORCE_SELL,295.94623503935657,635.6,720304.0
buy,720822,641.47,299.68388026696033,0.0,5m BUY signal,2025-08-26 04:00:00,1.6402876377105713,0.9999999999999996,FREE,,,
sell,720918,643.24,299.68388026696033,0.0,5m SELL signal,2025-08-26 12:20:00,1.0237847566604614,0.7999999999999998,FREE,530.4404680725144,641.47,720822.0
buy,723390,660.15,292.00736066487855,0.0,5m BUY signal,2025-09-15 13:00:00,0.8304161429405212,0.7499999999999998,FREE,,,
sell,723399,660.425,292.00736066487855,0.0,5m SELL signal,2025-09-15 13:45:00,1.2896082401275635,1.2499999999999996,FREE,80.30202418283496,660.15,723390.0
buy,723410,659.545,292.3969724084064,0.0,5m BUY signal,2025-09-15 14:40:00,0.8668937683105469,0.7499999999999998,FREE,,,
sell,723416,659.935,292.3969724084064,0.0,5m SELL signal,2025-09-15 15:10:00,1.2839336395263672,1.2499999999999996,FREE,114.0348192392745,659.545,723410.0
buy,723994,662.19,291.40125339606703,0.0,5m BUY signal,2025-09-18 15:45:00,1.3415741920471191,-0.5,FREE,,,
sell,724139,661.59,291.40125339606703,0.0,5m SELL signal,2025-09-19 11:55:00,0.7903203964233398,0.4999999999999998,FREE,-174.84075203764684,662.19,723994.0
buy,724154,662.41,291.0405266138857,0.0,5m BUY signal,2025-09-19 13:10:00,1.1394295692443848,-0.5,FREE,,,
sell,724159,662.71,291.0405266138857,0.0,5m SELL signal,2025-09-19 13:35:00,0.8501371145248413,0.4999999999999998,FREE,87.31215798418556,662.41,724154.0
buy,724168,662.44,291.15915010006665,0.0,5m BUY signal,2025-09-19 14:20:00,1.1589292287826538,-0.5,FREE,,,
sell,724175,663.09,291.15915010006665,0.0,5m SELL signal,2025-09-19 14:55:00,0.757703423500061,0.4999999999999998,FREE,189.2534475650367,662.44,724168.0
buy,724193,663.35,291.0450302854499,0.0,5m BUY signal,2025-09-19 16:25:00,0.9623121619224548,-0.5,FREE,,,
sell,724292,661.95,291.0450302854499,0.0,ADAPTIVE_FORCE_SELL->first acceptable 5m signal,2025-09-22 09:05:00,1.0523720979690552,-0.5,FORCE_SELL,-407.46304239962325,663.35,724193.0
buy,725756,669.89,287.5953631155169,0.0,5m BUY signal,2025-10-02 05:05:00,0.41491153836250305,-0.5,FREE,,,
sell,725934,671.08,287.5953631155169,0.0,5m SELL signal,2025-10-03 04:05:00,1.3664207458496094,1.0999999999999996,FREE,342.23848210748076,669.89,725756.0
buy,726074,669.2,288.403311834371,0.0,5m BUY signal,2025-10-03 15:55:00,0.6821975111961365,-0.5,FREE,,,
sell,726093,669.27,288.403311834371,0.0,5m SELL signal,2025-10-03 17:30:00,1.124927282333374,1.0999999999999996,FREE,20.188231828387607,669.2,726074.0
buy,726113,669.43,288.33438075883885,0.0,5m BUY signal,2025-10-03 19:45:00,0.6810822486877441,-0.5,FREE,,,
sell,726131,671.3,288.33438075883885,0.0,5m SELL signal,2025-10-06 05:20:00,1.318711519241333,1.0499999999999996,FREE,539.1852920190299,669.43,726113.0
buy,726288,671.4,288.2914355129707,0.0,5m BUY signal,2025-10-06 18:35:00,0.8955035209655762,0.6999999999999997,FREE,,,
sell,726315,671.14,288.2914355129707,0.0,5m SELL signal,2025-10-07 04:50:00,1.8761917352676392,-0.5,FREE,-74.95577323336975,671.4,726288.0
buy,726404,668.11,289.5988894496043,0.0,5m BUY signal,2025-10-07 12:20:00,2.05757212638855,-0.5,FREE,,,
sell,726448,669.37,289.5988894496043,0.0,5m SELL signal,2025-10-07 16:00:00,0.48401159048080444,-0.5,FREE,364.8946007064988,668.11,726404.0
buy,726470,669.3011,289.62870168729984,0.0,5m BUY signal,2025-10-07 17:50:00,0.7587637305259705,-0.5,FREE,,,
sell,726473,669.36,289.62870168729984,0.0,5m SELL signal,2025-10-07 18:05:00,0.512478232383728,-0.5,FREE,17.059130529380276,669.3011,726470.0
buy,726754,671.95,288.51234133702064,0.0,5m BUY signal,2025-10-09 10:00:00,1.0384083986282349,0.9499999999999997,FREE,,,
sell,726769,671.61,288.51234133702064,0.0,5m SELL signal,2025-10-09 11:15:00,0.9523325562477112,0.7499999999999998,FREE,-98.0941960545962,671.95,726754.0
buy,726789,669.8,289.29198800441395,0.0,5m BUY signal,2025-10-09 12:55:00,1.0385253429412842,0.9499999999999997,FREE,,,
sell,726921,672.12,289.29198800441395,0.0,ADAPTIVE_FORCE_SELL->first acceptable 5m signal,2025-10-10 08:00:00,1.0662583112716675,-0.5,FORCE_SELL,671.1574121702548,669.8,726789.0
buy,727257,656.93,295.9812019203366,0.0,5m BUY signal,2025-10-14 04:00:00,1.4002010822296143,0.6499999999999997,FREE,,,
sell,727297,656.9,295.9812019203366,0.0,5m SELL signal,2025-10-14 07:20:00,1.5555036067962646,0.7499999999999998,FREE,-8.879436057602023,656.93,727257.0
buy,727312,656.43,296.1931227114378,0.0,5m BUY signal,2025-10-14 08:35:00,0.9357737898826599,0.6499999999999997,FREE,,,
sell,727318,657.53,296.1931227114378,0.0,5m SELL signal,2025-10-14 09:05:00,1.4430159330368042,0.7499999999999998,FREE,325.81243498258834,656.43,727312.0
buy,727325,653.77,297.896605803955,0.0,5m BUY signal,2025-10-14 09:40:00,0.7595098614692688,0.6499999999999997,FREE,,,
sell,727460,666.16,297.896605803955,0.0,5m SELL signal,2025-10-15 05:00:00,3.4274048805236816,0.5999999999999996,FREE,3690.938945910999,653.77,727325.0
buy,727556,663.01,299.31193032135667,0.0,5m BUY signal,2025-10-15 13:00:00,0.783831775188446,0.7499999999999998,FREE,,,
sell,727566,664.19,299.31193032135667,0.0,5m SELL signal,2025-10-15 13:50:00,2.8123831748962402,0.5999999999999996,FREE,353.18807777921995,663.01,727556.0
buy,727587,664.08,299.36150915573705,0.0,5m BUY signal,2025-10-15 15:35:00,1.4919592142105103,0.7499999999999998,FREE,,,
sell,727619,665.84,299.36150915573705,0.0,5m SELL signal,2025-10-15 18:15:00,1.822430968284607,0.5999999999999996,FREE,526.8762561140945,664.08,727587.0
buy,727632,665.01,299.7351427140283,0.0,5m BUY signal,2025-10-15 19:20:00,1.0416165590286255,0.7499999999999998,FREE,,,
sell,727640,666.99,299.7351427140283,0.0,5m SELL signal,2025-10-16 04:00:00,1.9774727821350098,-0.5,FREE,593.4755825737815,665.01,727632.0
buy,727686,667.67,299.4298723004325,0.0,5m BUY signal,2025-10-16 07:50:00,0.7192596793174744,-0.5,FREE,,,
sell,727695,667.96,299.4298723004325,0.0,5m SELL signal,2025-10-16 08:35:00,1.0841810703277588,-0.5,FREE,86.83466296714857,667.67,727686.0
buy,727762,658.43,303.76376760141085,0.0,5m BUY signal,2025-10-16 14:10:00,1.1895687580108643,-0.5,FREE,,,
sell,727772,660.172,303.76376760141085,0.0,5m SELL signal,2025-10-16 15:00:00,1.8520419597625732,-0.5,FREE,529.1564831616806,658.43,727762.0
buy,727819,658.27,304.64146016825714,0.0,5m BUY signal,2025-10-16 18:55:00,1.3287028074264526,-0.5,FREE,,,
sell,727844,653.87,304.64146016825714,0.0,5m SELL signal,2025-10-17 05:00:00,1.9483978748321533,0.9999999999999996,FREE,-1340.4224247403245,658.27,727819.0
buy,727859,653.68,304.73000789410463,0.0,5m BUY signal,2025-10-17 06:15:00,1.6613712310791016,-0.5,FREE,,,
sell,727867,655.74,304.73000789410463,0.0,5m SELL signal,2025-10-17 06:55:00,1.6823525428771973,0.9999999999999996,FREE,627.7438162618736,653.68,727859.0
buy,727974,664.57,300.6811252034852,0.0,5m BUY signal,2025-10-17 15:50:00,0.9044477343559265,-0.5,FREE,,,
sell,727994,665.06,300.6811252034852,0.0,5m SELL signal,2025-10-17 17:30:00,1.0317237377166748,0.9999999999999996,FREE,147.33375134967628,664.57,727974.0
buy,728517,663.625,301.33130778350704,0.0,5m BUY signal,2025-10-22 13:40:00,1.7126543521881104,1.3999999999999995,FREE,,,
sell,728525,666.06,301.33130778350704,0.0,5m SELL signal,2025-10-22 14:20:00,2.9127886295318604,1.3999999999999995,FREE,733.7417344528232,663.625,728517.0
buy,729253,685.48,292.79443727356403,0.0,5m BUY signal,2025-10-28 11:35:00,1.4518903493881226,0.8999999999999997,FREE,,,
sell,729357,689.43,292.79443727356403,0.0,5m SELL signal,2025-10-29 04:15:00,2.028515100479126,1.5999999999999996,FREE,1156.5380272305579,685.48,729253.0
buy,729361,688.37,293.2453025110235,0.0,5m BUY signal,2025-10-29 04:35:00,1.1611469984054565,0.8999999999999997,FREE,,,
sell,729379,688.13,293.2453025110235,0.0,5m SELL signal,2025-10-29 06:05:00,2.3830220699310303,1.5999999999999996,FREE,-70.37887260264831,688.37,729361.0
buy,729474,688.02,293.2921862982335,0.0,5m BUY signal,2025-10-29 14:00:00,1.097795844078064,0.8999999999999997,FREE,,,
sell,729480,688.465,293.2921862982335,0.0,5m SELL signal,2025-10-29 14:30:00,1.6687504053115845,1.5999999999999996,FREE,130.5150229027286,688.02,729474.0
buy,729481,683.55,295.4010753270622,0.0,5m BUY signal,2025-10-29 14:35:00,1.992721438407898,0.8999999999999997,FREE,,,
sell,729498,688.01,295.4010753270622,0.0,5m SELL signal,2025-10-29 16:00:00,2.5855207443237305,1.5999999999999996,FREE,1317.4887959587081,683.55,729481.0
buy,729522,685.2005,296.6122964530412,0.0,5m BUY signal,2025-10-29 18:00:00,2.027843475341797,0.8999999999999997,FREE,,,
sell,729590,687.49,296.6122964530412,0.0,5m SELL signal,2025-10-30 07:40:00,1.4889634847640991,-0.5,FREE,679.0938527292305,685.2005,729522.0
buy,729599,684.74,297.8035278916104,0.0,5m BUY signal,2025-10-30 08:25:00,2.3236265182495117,-0.5,FREE,,,
sell,729697,683.23,297.8035278916104,0.0,5m SELL signal,2025-10-30 16:35:00,3.097228527069092,-0.5,FREE,-449.68332711632894,684.74,729599.0
buy,729806,683.27,297.78609387414195,0.0,5m BUY signal,2025-10-31 09:40:00,1.4253309965133667,-0.5,FREE,,,
sell,729818,684.36,297.78609387414195,0.0,5m SELL signal,2025-10-31 10:40:00,2.7752466201782227,-0.5,FREE,324.5868423228242,683.27,729806.0
buy,729829,683.025,298.3681288440508,0.0,5m BUY signal,2025-10-31 11:35:00,1.1303348541259766,-0.5,FREE,,,
sell,729854,680.67,298.3681288440508,0.0,5m SELL signal,2025-10-31 13:40:00,2.035264730453491,-0.5,FREE,-702.656943427745,683.025,729829.0
buy,729882,681.8,297.87362021161636,0.0,5m BUY signal,2025-10-31 16:00:00,1.9605402946472168,-0.5,FREE,,,
sell,729906,682.1,297.87362021161636,0.0,5m SELL signal,2025-10-31 18:05:00,2.0435080528259277,-0.5,FREE,89.36208606350523,681.8,729882.0
buy,730003,680.3604,298.6352473576409,0.0,5m BUY signal,2025-11-03 10:30:00,3.132234573364258,2.2999999999999994,FREE,,,
sell,730041,684.18,298.6352473576409,0.0,5m SELL signal,2025-11-03 13:40:00,2.0453853607177734,-0.5,FREE,1140.6671908072221,680.3604,730003.0
buy,730121,675.73,302.3696795127502,0.0,5m BUY signal,2025-11-04 04:20:00,2.4804000854492188,2.2999999999999994,FREE,,,
sell,730135,676.17,302.3696795127502,0.0,5m SELL signal,2025-11-04 05:30:00,1.4566863775253296,-0.5,FREE,133.04265898559223,675.73,730121.0
buy,730226,675.62,302.61582871456784,0.0,5m BUY signal,2025-11-04 13:05:00,2.386728525161743,2.2999999999999994,FREE,,,
sell,730251,675.94,302.61582871456784,0.0,5m SELL signal,2025-11-04 15:10:00,2.2863893508911133,-0.5,FREE,96.83706518867685,675.62,730226.0
buy,730302,673.32,303.7933571872586,0.0,5m BUY signal,2025-11-04 19:25:00,2.3099544048309326,2.2999999999999994,FREE,,,
sell,730363,675.23,303.7933571872586,0.0,5m SELL signal,2025-11-05 08:25:00,2.603414535522461,-0.5,FREE,580.2453122276543,673.32,730302.0
buy,730494,676.83,303.0752014147609,0.0,5m BUY signal,2025-11-05 19:20:00,2.2265477180480957,1.9499999999999993,FREE,,,
sell,730608,671.38,303.0752014147609,0.0,5m SELL signal,2025-11-06 12:50:00,3.3525333404541016,2.0999999999999996,FREE,-1651.7598477104607,676.83,730494.0
buy,730709,669.59,303.8854055852718,0.0,5m BUY signal,2025-11-07 05:15:00,2.2252163887023926,2.1499999999999995,FREE,,,
sell,730728,669.1,303.8854055852718,0.0,5m SELL signal,2025-11-07 06:50:00,1.5664335489273071,-0.5,FREE,-148.90384873678596,669.59,730709.0
buy,730767,665.77,305.40535752152454,0.0,5m BUY signal,2025-11-07 10:05:00,2.366018056869507,2.1499999999999995,FREE,,,
sell,730837,670.92,305.40535752152454,0.0,5m SELL signal,2025-11-07 15:55:00,2.9069526195526123,-0.5,FREE,1572.8375912358445,665.77,730767.0
buy,731340,683.3,299.87203639446983,0.0,5m BUY signal,2025-11-12 09:45:00,0.8800824284553528,-0.5,FREE,,,
sell,731361,682.44,299.87203639446983,0.0,5m SELL signal,2025-11-12 11:30:00,2.024717092514038,1.1499999999999997,FREE,-257.88995129921403,683.3,731340.0
buy,731392,683.55,299.38508158443716,0.0,5m BUY signal,2025-11-12 14:05:00,1.039660930633545,-0.5,FREE,,,
sell,731409,683.805,299.38508158443716,0.0,5m SELL signal,2025-11-12 15:30:00,2.034156084060669,1.1499999999999997,FREE,76.34319580403012,683.55,731392.0
buy,731439,681.2,300.52997021850564,0.0,5m BUY signal,2025-11-12 18:00:00,1.4336093664169312,-0.5,FREE,,,
sell,731453,682.38,300.52997021850564,0.0,5m SELL signal,2025-11-12 19:10:00,2.1283576488494873,1.1499999999999997,FREE,354.62536485782164,681.2,731439.0
buy,731461,682.11,300.64892917227996,0.0,5m BUY signal,2025-11-12 19:50:00,1.3350703716278076,-0.5,FREE,,,
sell,731463,683.71,300.64892917227996,0.0,ADAPTIVE_FORCE_SELL->first acceptable 5m signal,2025-11-13 04:00:00,2.3183040618896484,1.3499999999999996,FORCE_SELL,481.0382866756548,682.11,731461.0
buy,732084,661.96,310.5273420816659,0.0,5m BUY signal,2025-11-18 07:45:00,2.3557207584381104,2.349999999999999,FREE,,,
sell,732145,663.53,310.5273420816659,0.0,5m SELL signal,2025-11-18 12:50:00,2.2916784286499023,-0.5,FREE,487.5279270681957,661.96,732084.0
buy,732182,660.16,312.1125292223821,0.0,5m BUY signal,2025-11-18 15:55:00,2.3675107955932617,2.349999999999999,FREE,,,
sell,732228,659.8153,312.1125292223821,0.0,5m SELL signal,2025-11-18 19:45:00,2.0974225997924805,-0.5,FREE,-107.58518882295164,660.16,732182.0
buy,732310,665.64,309.3813804798762,0.0,5m BUY signal,2025-11-19 10:35:00,2.359102964401245,2.349999999999999,FREE,,,
sell,732384,666.37,309.3813804798762,0.0,5m SELL signal,2025-11-19 16:45:00,2.6202328205108643,2.2499999999999996,FREE,225.84840775031526,665.64,732310.0
buy,732620,653.57,315.4405350771533,0.0,5m BUY signal,2025-11-21 04:25:00,1.9897618293762207,-0.5,FREE,,,
sell,732661,656.33,315.4405350771533,0.0,5m SELL signal,2025-11-21 07:50:00,2.8087899684906006,2.2999999999999994,FREE,870.6158768129402,653.57,732620.0
buy,732683,654.35,316.39502771786965,0.0,5m BUY signal,2025-11-21 09:40:00,2.0452182292938232,-0.5,FREE,,,
sell,732703,654.79,316.39502771786965,0.0,5m SELL signal,2025-11-21 11:20:00,2.5512490272521973,2.2999999999999994,FREE,139.21381219584393,654.35,732683.0
buy,732723,658.55,314.58856609123666,0.0,5m BUY signal,2025-11-21 13:00:00,2.298053503036499,-0.5,FREE,,,
sell,732732,663.04,314.58856609123666,0.0,5m SELL signal,2025-11-21 13:45:00,3.8558647632598877,2.2999999999999994,FREE,1412.5026617496555,658.55,732723.0
buy,732904,667.08,312.68334062051554,0.0,5m BUY signal,2025-11-24 12:05:00,2.510469675064087,2.2999999999999994,FREE,,,
sell,733190,676.8,312.68334062051554,0.0,5m SELL signal,2025-11-26 04:00:00,1.5968724489212036,1.4999999999999996,FREE,3039.282070831384,667.08,732904.0
buy,734392,686.1,308.4449569041902,0.0,5m BUY signal,2025-12-05 11:10:00,1.4982620477676392,-0.5,FREE,,,
sell,734420,686.86,308.4449569041902,0.0,5m SELL signal,2025-12-05 13:30:00,1.588281273841858,1.5499999999999994,FREE,234.41816724718174,686.1,734392.0
buy,734527,686.22,308.7326267074875,0.0,5m BUY signal,2025-12-08 06:25:00,2.0778119564056396,-0.5,FREE,,,
sell,734648,683.95,308.7326267074875,0.0,5m SELL signal,2025-12-08 16:30:00,1.5502065420150757,1.5499999999999994,FREE,-700.823062625991,686.22,734527.0
buy,734754,682.88,309.2163777480467,0.0,5m BUY signal,2025-12-09 09:20:00,0.7731436491012573,0.6999999999999997,FREE,,,
sell,734761,684.47,309.2163777480467,0.0,5m SELL signal,2025-12-09 09:55:00,1.5100526809692383,1.4499999999999995,FREE,491.65404061940404,682.88,734754.0
buy,734793,684.18,309.34744376802234,0.0,5m BUY signal,2025-12-09 12:35:00,0.8912469148635864,0.6999999999999997,FREE,,,
sell,734846,682.8896,309.34744376802234,0.0,5m SELL signal,2025-12-09 17:00:00,1.5150257349014282,1.4499999999999995,FREE,-399.1819414382489,684.18,734793.0
buy,734874,682.74,309.41522707878147,0.0,5m BUY signal,2025-12-09 19:20:00,0.7407563924789429,0.6999999999999997,FREE,,,
sell,734970,683.59,309.41522707878147,0.0,5m SELL signal,2025-12-10 11:20:00,1.6745938062667847,-0.5,FREE,263.0029430169713,682.74,734874.0
buy,734995,682.88,309.7369304691662,0.0,5m BUY signal,2025-12-10 13:25:00,0.8562064170837402,0.8499999999999996,FREE,,,
sell,735008,685.985,309.7369304691662,0.0,5m SELL signal,2025-12-10 14:30:00,2.4435527324676514,-0.5,FREE,961.7331691067668,682.88,734995.0
buy,735025,687.45,309.07686122320314,0.0,5m BUY signal,2025-12-10 15:55:00,1.1207051277160645,0.8499999999999996,FREE,,,
sell,735116,685.84,309.07686122320314,0.0,5m SELL signal,2025-12-11 07:30:00,2.245985507965088,2.1999999999999993,FREE,-497.6137465693613,687.45,735025.0
buy,735144,682.655,310.5188924146482,0.0,5m BUY signal,2025-12-11 09:50:00,1.0283640623092651,0.6999999999999997,FREE,,,
sell,735150,686.44,310.5188924146482,0.0,5m SELL signal,2025-12-11 10:20:00,2.6513593196868896,2.1999999999999993,FREE,1175.3140077894689,682.655,735144.0
buy,735155,684.83,311.2489063112175,0.0,5m BUY signal,2025-12-11 10:45:00,0.8768606185913086,0.6999999999999997,FREE,,,
sell,735166,686.48,311.2489063112175,0.0,5m SELL signal,2025-12-11 11:40:00,2.722839117050171,2.1999999999999993,FREE,513.5606954135019,684.83,735155.0
buy,735272,688.23,310.4574767222071,0.0,5m BUY signal,2025-12-12 04:30:00,0.8614584803581238,0.7999999999999998,FREE,,,
sell,735363,681.54,310.4574767222071,0.0,5m SELL signal,2025-12-12 12:05:00,2.0299012660980225,1.9499999999999993,FREE,-2076.9605192715826,688.23,735272.0
buy,735388,681.73,310.37095138141643,0.0,5m BUY signal,2025-12-12 14:10:00,1.060285210609436,0.7999999999999998,FREE,,,
sell,735458,684.22,310.37095138141643,0.0,5m SELL signal,2025-12-15 04:00:00,1.598495364189148,-0.5,FREE,772.8236689397297,681.73,735388.0
buy,735650,678.7,312.8952591044537,0.0,5m BUY signal,2025-12-16 04:00:00,1.7065199613571167,0.9999999999999996,FREE,,,
sell,735670,679.88,312.8952591044537,0.0,5m SELL signal,2025-12-16 05:40:00,1.4191169738769531,-0.5,FREE,369.2164057432397,678.7,735650.0
buy,735708,679.57,313.0379927894639,0.0,5m BUY signal,2025-12-16 08:50:00,1.4880386590957642,0.9999999999999996,FREE,,,
sell,735731,678.46,313.0379927894639,0.0,5m SELL signal,2025-12-16 10:45:00,1.270520567893982,-0.5,FREE,-347.47217199630916,679.57,735708.0
buy,735739,677.14,313.6482213248954,0.0,5m BUY signal,2025-12-16 11:25:00,1.350642442703247,0.9999999999999996,FREE,,,
sell,735782,678.7,313.6482213248954,0.0,5m SELL signal,2025-12-16 15:00:00,1.442689061164856,-0.5,FREE,489.2912252668554,677.14,735739.0
buy,735796,678.58,313.7036868360496,0.0,5m BUY signal,2025-12-16 16:10:00,1.3980495929718018,0.9999999999999996,FREE,,,
sell,735803,678.44,313.7036868360496,0.0,5m SELL signal,2025-12-16 16:45:00,1.272550344467163,-0.5,FREE,-43.91851615704267,678.58,735796.0
buy,735819,677.95,313.9304215606601,0.0,5m BUY signal,2025-12-16 18:05:00,1.2353780269622803,0.9999999999999996,FREE,,,
sell,735825,678.48,313.9304215606601,0.0,5m SELL signal,2025-12-16 18:35:00,1.4465805292129517,-0.5,FREE,166.38312342714127,677.95,735819.0
buy,735830,677.14,314.55166202037486,0.0,5m BUY signal,2025-12-16 19:00:00,1.1670788526535034,0.9999999999999996,FREE,,,
sell,735838,677.8,314.55166202037486,0.0,5m SELL signal,2025-12-16 19:40:00,1.382735252380371,-0.5,FREE,207.6040969334374,677.14,735830.0
buy,736082,674.241,316.2120317770798,0.0,5m BUY signal,2025-12-18 08:00:00,1.6922379732131958,1.4999999999999996,FREE,,,
sell,736088,675.71,316.2120317770798,0.0,5m SELL signal,2025-12-18 08:30:00,2.7476375102996826,1.5999999999999996,FREE,464.51547468054633,674.241,736082.0
buy,736430,682.99,312.8415232903712,0.0,5m BUY signal,2025-12-22 05:00:00,1.0711747407913208,-0.5,FREE,,,
sell,736466,683.46,312.8415232903712,0.0,5m SELL signal,2025-12-22 08:00:00,1.531794786453247,1.4999999999999996,FREE,147.035515946483,682.99,736430.0
buy,736492,682.99,313.05680538227074,0.0,5m BUY signal,2025-12-22 10:10:00,1.1428145170211792,-0.5,FREE,,,
sell,736613,685.23,313.05680538227074,0.0,5m SELL signal,2025-12-23 04:15:00,2.009345769882202,1.2499999999999996,FREE,701.2472440562893,682.99,736492.0
buy,736645,684.76,313.2716787664194,0.0,5m BUY signal,2025-12-23 07:05:00,0.9551401734352112,0.5499999999999998,FREE,,,
sell,736691,686.33,313.2716787664194,0.0,5m SELL signal,2025-12-23 10:55:00,2.7372891902923584,1.2499999999999996,FREE,491.83653566329417,684.76,736645.0
buy,736863,688.05,312.4885564824601,0.0,5m BUY signal,2025-12-24 09:15:00,0.654716432094574,0.5999999999999996,FREE,,,
sell,736867,688.07,312.4885564824601,0.0,5m SELL signal,2025-12-24 09:35:00,2.2105038166046143,2.0499999999999994,FREE,6.249771129679044,688.05,736863.0
buy,736908,690.13,311.5557953702728,0.0,5m BUY signal,2025-12-24 13:00:00,0.6588786840438843,0.5999999999999996,FREE,,,
sell,737257,687.495,311.5557953702728,0.0,5m SELL signal,2025-12-29 13:20:00,2.5492355823516846,2.3999999999999995,FREE,-820.9495208006659,690.13,736908.0
buy,737264,687.22,311.6804684643719,0.0,5m BUY signal,2025-12-29 13:55:00,0.925029993057251,0.7999999999999998,FREE,,,
sell,737912,685.1,311.6804684643719,0.0,5m SELL signal,2026-01-05 04:00:00,0.7973048686981201,-0.5,FREE,-660.7625931444699,687.22,737264.0
buy,738110,687.06,310.7913267326598,0.0,5m BUY signal,2026-01-06 04:30:00,1.087082028388977,1.0499999999999996,FREE,,,
sell,738115,687.27,310.7913267326598,0.0,5m SELL signal,2026-01-06 04:55:00,0.7854529023170471,-0.5,FREE,65.26617861386987,687.06,738110.0
buy,738296,691.2,309.02424063014337,0.0,5m BUY signal,2026-01-07 04:00:00,0.9271506667137146,0.7499999999999998,FREE,,,
sell,738364,692.7422,309.02424063014337,0.0,5m SELL signal,2026-01-07 09:40:00,1.7644234895706177,1.2499999999999996,FREE,476.57718389980084,691.2,738296.0
buy,738435,689.46,310.495362033265,0.0,5m BUY signal,2026-01-07 15:35:00,0.7536432147026062,0.7499999999999998,FREE,,,
sell,738456,689.98,310.495362033265,0.0,5m SELL signal,2026-01-07 17:20:00,1.2878422737121582,1.2499999999999996,FREE,161.45758825729214,689.46,738435.0
buy,738467,689.87,310.54487062158404,0.0,5m BUY signal,2026-01-07 18:15:00,1.0496777296066284,0.7499999999999998,FREE,,,
sell,738536,688.4,310.54487062158404,0.0,5m SELL signal,2026-01-08 08:00:00,1.6498966217041016,1.2499999999999996,FREE,-456.500959813737,689.87,738467.0
buy,738552,688.6636,310.4260032560142,0.0,5m BUY signal,2026-01-08 09:20:00,0.5821874141693115,0.5499999999999998,FREE,,,
sell,738626,689.88,310.4260032560142,0.0,5m SELL signal,2026-01-08 15:30:00,1.5505417585372925,1.2499999999999996,FREE,377.60219036062233,688.6636,738552.0
buy,738661,690.06,310.34502960070006,0.0,5m BUY signal,2026-01-08 18:25:00,0.6284536123275757,0.5499999999999998,FREE,,,
sell,738671,689.95,310.34502960070006,0.0,5m SELL signal,2026-01-08 19:15:00,1.4176965951919556,1.2499999999999996,FREE,-34.13795325604596,690.06,738661.0
buy,738673,689.9,310.3675216306755,0.0,5m BUY signal,2026-01-08 19:25:00,0.9434311389923096,0.5499999999999998,FREE,,,
sell,738685,690.0,310.3675216306755,0.0,5m SELL signal,2026-01-09 04:25:00,1.4008448123931885,0.9499999999999997,FREE,31.03675216307461,689.9,738673.0
buy,738831,693.9001,308.62308554958577,0.0,5m BUY signal,2026-01-09 16:35:00,1.2761626243591309,1.1499999999999997,FREE,,,
sell,738835,694.0292,308.62308554958577,0.0,5m SELL signal,2026-01-09 16:55:00,1.5659312009811401,0.9499999999999997,FREE,39.84324034444967,693.9001,738831.0
buy,738872,689.28,310.74952583204293,0.0,ADAPTIVE_FORCE_BUY->first acceptable 5m signal,2026-01-12 04:00:00,0.7784558534622192,0.6999999999999997,FORCE_BUY,,,
sell,739151,693.98,310.74952583204293,0.0,5m SELL signal,2026-01-13 11:15:00,1.9917945861816406,1.9499999999999993,FREE,1460.5227714106159,689.28,738872.0
buy,739171,692.92,311.2248974440356,0.0,5m BUY signal,2026-01-13 12:55:00,1.1607483625411987,-0.5,FREE,,,
sell,739285,691.45,311.2248974440356,0.0,5m SELL signal,2026-01-14 06:25:00,1.4970773458480835,1.0999999999999996,FREE,-457.50059924270545,692.92,739171.0
buy,739291,691.07,311.3960312814598,0.0,5m BUY signal,2026-01-14 06:55:00,0.7832384705543518,0.6999999999999997,FREE,,,
sell,739448,691.69,311.3960312814598,0.0,5m SELL signal,2026-01-15 04:00:00,1.8904671669006348,-0.5,FREE,193.0655393945065,691.07,739291.0
buy,739832,680.48,316.5258653848356,0.0,5m BUY signal,2026-01-20 04:00:00,1.7579015493392944,0.8499999999999996,FREE,,,
sell,740020,678.5,316.5258653848356,0.0,5m SELL signal,2026-01-20 19:40:00,1.4261037111282349,-0.5,FREE,-626.7212134619803,680.48,739832.0
buy,740456,688.63,311.869653752539,0.0,5m BUY signal,2026-01-23 08:00:00,0.795567512512207,0.7499999999999998,FREE,,,
sell,740599,689.44,311.869653752539,0.0,5m SELL signal,2026-01-26 04:00:00,0.9362875819206238,0.7999999999999998,FREE,252.61441953957504,688.63,740456.0
buy,741065,695.56,309.1256168887666,0.0,ADAPTIVE_FORCE_BUY->first acceptable 5m signal,2026-01-28 10:55:00,0.9364876747131348,0.8999999999999997,FORCE_BUY,,,
sell,741174,697.47,309.1256168887666,0.0,5m SELL signal,2026-01-29 04:00:00,2.122323989868164,-0.5,FREE,590.4299282575695,695.56,741065.0
buy,741197,696.27,309.65838541285433,0.0,5m BUY signal,2026-01-29 05:55:00,1.001585841178894,0.9999999999999996,FREE,,,
sell,741204,696.89,309.65838541285433,0.0,5m SELL signal,2026-01-29 06:30:00,1.9616434574127197,-0.5,FREE,191.9881989559711,696.27,741197.0
buy,741246,690.39,312.5738093112068,0.0,5m BUY signal,2026-01-29 10:00:00,1.0284923315048218,0.9999999999999996,FREE,,,
sell,741266,688.48,312.5738093112068,0.0,5m SELL signal,2026-01-29 11:40:00,2.59065580368042,-0.5,FREE,-597.015975784395,690.39,741246.0
buy,741372,688.26,312.673722480719,0.0,5m BUY signal,2026-01-30 04:30:00,1.7535043954849243,1.2999999999999996,FREE,,,
sell,741381,688.65,312.673722480719,0.0,5m SELL signal,2026-01-30 05:15:00,2.5343003273010254,2.4499999999999993,FREE,121.94275176747614,688.26,741372.0
buy,741756,696.61,309.1008727786669,0.0,5m BUY signal,2026-02-03 04:35:00,1.0912333726882935,-0.5,FREE,,,
sell,742139,687.05,309.1008727786669,0.0,5m SELL signal,2026-02-05 04:30:00,1.0195287466049194,-0.5,FREE,-2955.004343764074,696.61,741756.0
buy,742176,682.97,310.9474129794619,0.0,5m BUY signal,2026-02-05 07:35:00,1.4533886909484863,1.3499999999999996,FREE,,,
sell,742223,680.36,310.9474129794619,0.0,5m SELL signal,2026-02-05 11:30:00,1.664960265159607,-0.5,FREE,-811.5727478763997,682.97,742176.0
buy,742243,680.14,311.0479929054411,0.0,5m BUY signal,2026-02-05 13:10:00,1.6283543109893799,1.3499999999999996,FREE,,,
sell,742348,680.75,311.0479929054411,0.0,5m SELL signal,2026-02-06 05:55:00,1.934018850326538,1.3499999999999996,FREE,189.73927567232332,680.14,742243.0
buy,742373,680.75,311.0479929054411,0.0,5m BUY signal,2026-02-06 08:00:00,2.607081890106201,1.9999999999999996,FREE,,,
sell,742392,684.7,311.0479929054411,0.0,5m SELL signal,2026-02-06 09:35:00,1.6563729047775269,1.3499999999999996,FREE,1228.6395719765064,680.75,742373.0
buy,742908,692.74,307.4379431566757,0.0,5m BUY signal,2026-02-11 04:35:00,0.5243417620658875,0.3999999999999998,FREE,,,
sell,742956,695.25,307.4379431566757,0.0,5m SELL signal,2026-02-11 08:35:00,2.5441741943359375,2.4499999999999993,FREE,771.6692373232532,692.74,742908.0
buy,742974,692.66,308.58751765610657,0.0,5m BUY signal,2026-02-11 10:05:00,0.5019857287406921,0.3999999999999998,FREE,,,
sell,743136,694.54,308.58751765610657,0.0,ADAPTIVE_FORCE_SELL->first acceptable 5m signal,2026-02-12 07:35:00,2.73172664642334,2.499999999999999,FORCE_SELL,580.144533193479,692.66,742974.0
buy,743305,681.11,314.6721887989785,0.0,5m BUY signal,2026-02-13 05:40:00,0.8260990977287292,0.6999999999999997,FREE,,,
sell,743592,683.35,314.6721887989785,0.0,5m SELL signal,2026-02-17 13:35:00,1.5018048286437988,-0.5,FREE,704.8657029097146,681.11,743305.0
buy,743648,682.47,315.0779378079358,0.0,5m BUY signal,2026-02-17 18:15:00,1.5355998277664185,1.4999999999999996,FREE,,,
sell,743660,682.2,315.0779378079358,0.0,5m SELL signal,2026-02-17 19:15:00,1.0111939907073975,-0.5,FREE,-85.07104320813694,682.47,743648.0
buy,743973,682.36,315.00405822816964,0.0,5m BUY signal,2026-02-19 13:20:00,1.4084786176681519,1.3499999999999996,FREE,,,
sell,744053,686.69,315.00405822816964,0.0,5m SELL signal,2026-02-20 04:00:00,2.056328058242798,0.9999999999999996,FREE,1363.9675721279875,682.36,743973.0
buy,744116,682.0155,317.1630802301441,0.0,5m BUY signal,2026-02-20 09:15:00,1.4969053268432617,1.4499999999999995,FREE,,,
sell,744125,686.94,317.1630802301441,0.0,5m SELL signal,2026-02-20 10:00:00,4.990333557128906,0.9999999999999996,FREE,1561.86958859337,682.0155,744116.0
buy,744245,686.77,317.24158937241754,0.0,5m BUY signal,2026-02-23 04:00:00,1.5440367460250854,1.3999999999999995,FREE,,,
sell,744298,686.55,317.24158937241754,0.0,5m SELL signal,2026-02-23 08:25:00,1.506526231765747,0.9999999999999996,FREE,-69.79314966194052,686.77,744245.0
buy,744323,684.03,318.41032291512545,0.0,5m BUY signal,2026-02-23 10:30:00,1.4311918020248413,1.3999999999999995,FREE,,,
sell,744358,683.81,318.41032291512545,0.0,5m SELL signal,2026-02-23 13:25:00,1.4389538764953613,0.9999999999999996,FREE,-70.05027104133629,684.03,744323.0
buy,744369,681.745,319.3747851654092,0.0,5m BUY signal,2026-02-23 14:20:00,1.5050410032272339,1.3999999999999995,FREE,,,
sell,744823,692.86,319.3747851654092,0.0,5m SELL signal,2026-02-26 04:10:00,1.812726378440857,1.5499999999999994,FREE,3549.850737113526,681.745,744369.0
buy,744896,685.32,322.8885975160588,0.0,5m BUY signal,2026-02-26 10:20:00,1.6892420053482056,1.2999999999999996,FREE,,,
sell,745296,686.45,322.8885975160588,0.0,5m SELL signal,2026-03-02 11:40:00,1.901304841041565,0.9499999999999997,FREE,364.8641151931449,685.32,744896.0
buy,745467,672.36,329.65506241432945,0.0,5m BUY signal,2026-03-03 09:55:00,2.044121503829956,0.9499999999999997,FREE,,,
sell,745480,673.47,329.65506241432945,0.0,5m SELL signal,2026-03-03 11:00:00,2.5551960468292236,0.9499999999999997,FREE,365.9171192799102,672.36,745467.0
buy,745518,680.59,326.2063722419936,0.0,5m BUY signal,2026-03-03 14:10:00,1.1904876232147217,0.9499999999999997,FREE,,,
sell,745579,680.72,326.2063722419936,0.0,5m SELL signal,2026-03-03 19:15:00,2.5585238933563232,0.9499999999999997,FREE,42.40682839145769,680.59,745518.0
buy,745584,678.75,327.15315169439396,0.0,5m BUY signal,2026-03-03 19:40:00,1.1124727725982666,0.9499999999999997,FREE,,,
sell,746178,664.64,327.15315169439396,0.0,5m SELL signal,2026-03-09 05:10:00,1.4579012393951416,-0.5,FREE,-4616.130970407903,678.75,745584.0
buy,746189,665.75,326.6076916893158,0.0,5m BUY signal,2026-03-09 06:05:00,2.1204400062561035,1.3499999999999996,FREE,,,
sell,746230,666.355,326.6076916893158,0.0,5m SELL signal,2026-03-09 09:30:00,1.1714929342269897,-0.5,FREE,197.597653472042,665.75,746189.0
buy,746238,663.15,328.18618471783765,0.0,5m BUY signal,2026-03-09 10:10:00,2.024203300476074,1.3499999999999996,FREE,,,
sell,746244,666.91,328.18618471783765,0.0,5m SELL signal,2026-03-09 10:40:00,1.499490737915039,-0.5,FREE,1233.9800545390665,663.15,746238.0
buy,746273,670.76,326.302475475838,0.0,5m BUY signal,2026-03-09 13:05:00,1.8546329736709595,1.3499999999999996,FREE,,,
sell,746285,669.115,326.302475475838,0.0,5m SELL signal,2026-03-09 14:05:00,1.6239330768585205,-0.5,FREE,-536.7675721577475,670.76,746273.0
buy,746429,674.91,323.50073473206106,0.0,5m BUY signal,2026-03-10 10:05:00,1.9047609567642212,1.7499999999999996,FREE,,,
sell,746434,678.94,323.50073473206106,0.0,5m SELL signal,2026-03-10 10:30:00,2.4562318325042725,-0.5,FREE,1303.7079609702341,674.91,746429.0
buy,746604,675.45,325.1722390095278,0.0,ADAPTIVE_FORCE_BUY->first acceptable 5m signal,2026-03-11 08:40:00,1.959347128868103,1.7999999999999994,FORCE_BUY,,,
sell,746939,664.54,325.1722390095278,0.0,5m SELL signal,2026-03-13 04:35:00,2.812842607498169,-0.5,FREE,-3547.6291275939748,675.45,746604.0
buy,747005,669.3,322.8596439733925,0.0,5m BUY signal,2026-03-13 10:05:00,2.0348997116088867,1.9999999999999996,FREE,,,
sell,747125,666.49,322.8596439733925,0.0,5m SELL signal,2026-03-16 04:05:00,2.833343505859375,-0.5,FREE,-907.2355995652154,669.3,747005.0
buy,747364,668.66,321.8118686803852,0.0,5m BUY signal,2026-03-17 08:00:00,1.4004387855529785,-0.5,FREE,,,
sell,747365,669.41,321.8118686803852,0.0,5m SELL signal,2026-03-17 08:05:00,1.2586747407913208,0.8499999999999996,FREE,241.3589015102889,668.66,747364.0
buy,747391,672.59,320.29034480640007,0.0,5m BUY signal,2026-03-17 10:15:00,1.0131464004516602,-0.5,FREE,,,
sell,747396,673.28,320.29034480640007,0.0,5m SELL signal,2026-03-17 10:40:00,1.008765459060669,0.8499999999999996,FREE,221.00033791639711,672.59,747391.0
buy,747406,671.26,321.2541837011784,0.0,5m BUY signal,2026-03-17 11:30:00,0.683444619178772,-0.5,FREE,,,
sell,747424,671.84,321.2541837011784,0.0,5m SELL signal,2026-03-17 13:00:00,1.0301846265792847,0.8499999999999996,FREE,186.32742654669664,671.26,747406.0
buy,747442,671.0926,321.61196648241946,0.0,5m BUY signal,2026-03-17 14:30:00,1.2868437767028809,-0.5,FREE,,,
sell,747508,674.26,321.61196648241946,0.0,5m SELL signal,2026-03-18 04:00:00,2.401566505432129,0.6999999999999997,FREE,1018.6737426364293,671.0926,747442.0
buy,747559,670.49,323.42031129537526,0.0,5m BUY signal,2026-03-18 08:15:00,1.4784519672393799,1.3999999999999995,FREE,,,
sell,747573,668.33,323.42031129537526,0.0,5m SELL signal,2026-03-18 09:25:00,2.157738447189331,0.6999999999999997,FREE,-698.5878723980003,670.49,747559.0
buy,747585,665.97,324.5664168776944,0.0,5m BUY signal,2026-03-18 10:25:00,1.7774239778518677,1.3999999999999995,FREE,,,
sell,747593,667.96,324.5664168776944,0.0,5m SELL signal,2026-03-18 11:05:00,1.719746708869934,0.6999999999999997,FREE,645.8871695866148,665.97,747585.0
buy,747610,666.34,325.35549992139863,0.0,5m BUY signal,2026-03-18 12:30:00,1.6684439182281494,1.3999999999999995,FREE,,,
sell,747627,666.71,325.35549992139863,0.0,5m SELL signal,2026-03-18 13:55:00,0.8063141703605652,0.6999999999999997,FREE,120.38153497091898,666.34,747610.0
buy,747632,665.78,325.8099752960373,0.0,5m BUY signal,2026-03-18 14:20:00,1.4606502056121826,1.3999999999999995,FREE,,,
sell,747662,660.681,325.8099752960373,0.0,5m SELL signal,2026-03-18 16:50:00,0.9827985167503357,0.6999999999999997,FREE,-1661.3050640344723,665.78,747632.0
buy,747676,660.66,325.8203316207448,0.0,5m BUY signal,2026-03-18 18:00:00,1.6994843482971191,1.3999999999999995,FREE,,,
sell,747923,655.5,325.8203316207448,0.0,5m SELL signal,2026-03-20 06:35:00,2.1461572647094727,0.7999999999999998,FREE,-1681.232911163033,660.66,747676.0
buy,747963,653.17,326.982603881682,0.0,5m BUY signal,2026-03-20 09:55:00,2.049832820892334,1.7999999999999994,FREE,,,
sell,747987,652.97,326.982603881682,0.0,5m SELL signal,2026-03-20 11:55:00,1.4957243204116821,0.7999999999999998,FREE,-65.39652077631409,653.17,747963.0
buy,748016,648.975,328.9954633947716,0.0,5m BUY signal,2026-03-20 14:20:00,1.9777355194091797,1.7999999999999994,FREE,,,
sell,748043,650.0304,328.9954633947716,0.0,5m SELL signal,2026-03-20 16:35:00,2.6097612380981445,0.7999999999999998,FREE,347.22181206682984,648.975,748016.0
buy,748084,643.16,332.509877275777,0.0,5m BUY signal,2026-03-23 04:00:00,2.79933500289917,2.1999999999999993,FREE,,,
sell,748140,660.8452,332.509877275777,0.0,5m SELL signal,2026-03-23 08:40:00,5.330164909362793,1.4999999999999996,FREE,5880.5036815975745,643.16,748084.0
buy,748150,656.78,334.56797763373777,0.0,5m BUY signal,2026-03-23 09:30:00,2.410346508026123,2.1999999999999993,FREE,,,
sell,748160,661.79,334.56797763373777,0.0,5m SELL signal,2026-03-23 10:20:00,4.088137626647949,1.4999999999999996,FREE,1676.1855679450232,656.78,748150.0
buy,748176,659.23,335.86721162300154,0.0,5m BUY signal,2026-03-23 11:40:00,2.294402599334717,2.1999999999999993,FREE,,,
sell,748198,657.09,335.86721162300154,0.0,5m SELL signal,2026-03-23 13:30:00,1.9096606969833374,1.4999999999999996,FREE,-718.7558328732188,659.23,748176.0
buy,748489,657.66,335.576112406651,0.0,ADAPTIVE_FORCE_BUY->first acceptable 5m signal,2026-03-25 05:45:00,2.091811180114746,2.0499999999999994,FORCE_BUY,,,
sell,748730,654.425,335.576112406651,0.0,5m SELL signal,2026-03-26 09:50:00,1.4664322137832642,1.2999999999999996,FREE,-1085.5887236355206,657.66,748489.0
buy,748778,647.12,339.3642560293648,0.0,5m BUY signal,2026-03-26 13:50:00,2.189811944961548,2.0999999999999996,FREE,,,
sell,749044,636.84,339.3642560293648,0.0,5m SELL signal,2026-03-30 04:00:00,2.0702223777770996,-0.5,FREE,-3488.6645519818608,647.12,748778.0
buy,749482,653.91,330.50531848379853,0.0,5m BUY signal,2026-04-01 08:35:00,1.6794438362121582,1.5499999999999994,FREE,,,
sell,749521,657.495,330.50531848379853,0.0,5m SELL signal,2026-04-01 11:50:00,2.8697657585144043,-0.5,FREE,1184.8615667644297,653.91,749482.0
buy,749619,648.0,335.3481394699153,0.0,5m BUY signal,2026-04-02 04:00:00,1.9205783605575562,1.5499999999999994,FREE,,,
sell,749685,647.12,335.3481394699153,0.0,5m SELL signal,2026-04-02 09:30:00,2.566385507583618,-0.5,FREE,-295.1063627335239,648.0,749619.0
buy,750037,656.59,330.5114120132374,0.0,5m BUY signal,2026-04-07 06:45:00,1.5463056564331055,1.4999999999999996,FREE,,,
sell,750063,656.12,330.5114120132374,0.0,5m SELL signal,2026-04-07 08:55:00,1.8260020017623901,-0.5,FREE,-155.3403636462306,656.59,750037.0
buy,750076,653.53,331.8212593914975,0.0,5m BUY signal,2026-04-07 10:00:00,1.5104635953903198,1.4999999999999996,FREE,,,
sell,750145,658.11,331.8212593914975,0.0,5m SELL signal,2026-04-07 15:45:00,2.011335611343384,-0.5,FREE,1519.7413680130721,653.53,750076.0
buy,751076,692.885,315.16758050490114,0.0,ADAPTIVE_FORCE_BUY->first acceptable 5m signal,2026-04-14 12:55:00,0.39215025305747986,-0.5,FORCE_BUY,,,
