date,equity,cash,pos,buy_th,sell_th,p_day
2022-10-03,100000.0,100000.0,0,0.3,0.3,0.17142274214877953
2022-10-04,100000.0,100000.0,0,0.3,0.3,0.1579288642735113
2022-10-05,100000.0,100000.0,0,0.3,0.3,0.14985027279013838
2022-10-06,100000.0,100000.0,0,0.3,0.3,0.1702775583545452
2022-10-07,100000.0,100000.0,0,0.3,0.3,0.1537388705418424
2022-10-10,100000.0,100000.0,0,0.3,0.3,0.14973284801262227
2022-10-11,100000.0,100000.0,0,0.3,0.3,0.15665641090284135
2022-10-12,100000.0,100000.0,0,0.3,0.3,0.1575554505241024
2022-10-13,100000.0,100000.0,0,0.3,0.3,0.1419721225593018
2022-10-14,100000.0,100000.0,0,0.3,0.3,0.14973645361659382
2022-10-17,100000.0,100000.0,0,0.3,0.3,0.16079414456721153
2022-10-18,100000.0,100000.0,0,0.3,0.3,0.15244549294851725
2022-10-19,100000.0,100000.0,0,0.3,0.3,0.15299371468732212
2022-10-20,100000.0,100000.0,0,0.3,0.3,0.1560997024899502
2022-10-21,100000.0,100000.0,0,0.3,0.3,0.1917395565510472
2022-10-24,100000.0,100000.0,0,0.3,0.3,0.1739190936817653
2022-10-25,100000.0,100000.0,0,0.3,0.3,0.16092303428636967
2022-10-26,100000.0,100000.0,0,0.3,0.3,0.14265627982525672
2022-10-27,100000.0,100000.0,0,0.3,0.3,0.16498389744438172
2022-10-28,100000.0,100000.0,0,0.3,0.3,0.17953259651968576
2022-10-31,100000.0,100000.0,0,0.3,0.3,0.1791108104719599
2022-11-01,100000.0,100000.0,0,0.3,0.3,0.2001329501844907
2022-11-02,100000.0,100000.0,0,0.3,0.3,0.15116798522851296
2022-11-03,100000.0,100000.0,0,2.0999999999999996,-0.5,0.1865168015176355
2022-11-04,100000.0,100000.0,0,-0.5,-0.5,0.22435277953598717
2022-11-07,100000.0,100000.0,0,-0.5,-0.5,0.19185233312661346
2022-11-08,100000.0,100000.0,0,-0.5,-0.5,0.20069265457653288
2022-11-09,100000.0,100000.0,0,-0.5,-0.5,0.2661573124867172
2022-11-10,100000.0,100000.0,0,-0.5,-0.5,0.2316429539017432
2022-11-11,100000.0,100000.0,0,-0.5,-0.5,0.17221546882251637
2022-11-14,100000.0,100000.0,0,-0.5,-0.5,0.1751784071514132
2022-11-15,100000.0,100000.0,0,-0.5,-0.5,0.18087154007306505
2022-11-16,100000.0,100000.0,0,-0.5,-0.5,0.1489875383956187
2022-11-17,100000.0,100000.0,0,-0.5,-0.5,0.1643491598863546
2022-11-18,100000.0,100000.0,0,-0.5,-0.5,0.18778138675612613
2022-11-21,100000.0,100000.0,0,0.7499999999999998,-0.5,0.19361195424825128
2022-11-22,100000.0,100000.0,0,1.2499999999999996,2.4499999999999993,0.21608052538604353
2022-11-23,100000.0,100000.0,0,1.0999999999999996,2.499999999999999,0.19789212737558778
2022-11-25,100000.0,100000.0,0,1.6499999999999995,-0.5,0.17778378747682902
2022-11-28,100000.0,100000.0,0,2.3999999999999995,0.8999999999999997,0.19020376696936048
2022-11-29,100000.0,100000.0,0,2.349999999999999,-0.5,0.24255415862282162
2022-11-30,100000.0,100000.0,0,2.4499999999999993,0.8999999999999997,0.227207011475531
2022-12-01,100000.0,100000.0,0,-0.5,0.5499999999999998,0.2173858695638321
2022-12-02,100000.0,100000.0,0,1.2999999999999996,-0.5,0.21492509361676546
2022-12-05,100000.0,100000.0,0,-0.5,-0.5,0.21380339826103825
2022-12-06,100000.0,100000.0,0,-0.5,-0.5,0.23644792221808966
2022-12-07,100000.0,100000.0,0,-0.5,-0.5,0.24176826785927866
2022-12-08,100000.0,100000.0,0,-0.5,1.2499999999999996,0.25123324131199504
2022-12-09,100000.0,100000.0,0,-0.5,1.2499999999999996,0.24604033123641464
2022-12-12,100000.0,100000.0,0,2.2499999999999996,-0.5,0.2812296800540851
2022-12-13,100000.0,100000.0,0,2.2499999999999996,2.2499999999999996,0.2020806980326112
2022-12-14,100000.0,100000.0,0,-0.5,-0.5,0.21940499963378157
2022-12-15,100000.0,100000.0,0,2.4499999999999993,-0.5,0.20809388516594782
2022-12-16,100000.0,100000.0,0,2.499999999999999,0.9499999999999997,0.2526173206096902
2022-12-19,100000.0,100000.0,0,-0.5,-0.5,0.22009220154921202
2022-12-20,100000.0,100000.0,0,-0.5,-0.5,0.24535434846913307
2022-12-21,100000.0,100000.0,0,-0.5,-0.5,0.2500820840196814
2022-12-22,100000.0,100000.0,0,-0.5,-0.5,0.22873560183514377
2022-12-23,100000.0,100000.0,0,-0.5,-0.5,0.27056397686422784
2022-12-27,100000.0,100000.0,0,-0.5,-0.5,0.23972022054530032
2022-12-28,100000.0,100000.0,0,-0.5,-0.5,0.19029811939108254
2022-12-29,100000.0,100000.0,0,-0.5,-0.5,0.20797683082995322
2022-12-30,100000.0,100000.0,0,-0.5,-0.5,0.2212968406454402
2023-01-03,100000.0,100000.0,0,1.5499999999999994,-0.5,0.22481743763188652
2023-01-04,100000.0,100000.0,0,1.8999999999999995,1.8499999999999996,0.2592840505043904
2023-01-05,100000.0,100000.0,0,1.8999999999999995,2.3999999999999995,0.24736675758380047
2023-01-06,100000.0,100000.0,0,2.4499999999999993,0.7499999999999998,0.2251008602581541
2023-01-09,100000.0,100000.0,0,2.4499999999999993,-0.5,0.19780234515866993
2023-01-10,100000.0,100000.0,0,2.1999999999999993,-0.5,0.25709550498989336
2023-01-11,100000.0,100000.0,0,-0.5,-0.5,0.23239142986416064
2023-01-12,100000.0,100000.0,0,-0.5,-0.5,0.22335118189157555
2023-01-13,100000.0,100000.0,0,-0.5,-0.5,0.24945746216678752
2023-01-17,100000.0,100000.0,0,-0.5,-0.5,0.24039361488661046
2023-01-18,100000.0,100000.0,0,-0.5,1.4499999999999995,0.20475633587947914
2023-01-19,100000.0,100000.0,0,-0.5,1.1499999999999997,0.22993178673848302
2023-01-20,100000.0,100000.0,0,-0.5,2.0499999999999994,0.23265339239086846
2023-01-23,100000.0,100000.0,0,-0.5,2.0499999999999994,0.255778715123645
2023-01-24,100000.0,100000.0,0,-0.5,-0.5,0.23774250591003218
2023-01-25,100000.0,100000.0,0,-0.5,-0.5,0.25093131104214095
2023-01-26,100000.0,100000.0,0,-0.5,-0.5,0.24882977175502483
2023-01-27,100000.0,100000.0,0,-0.5,-0.5,0.2300999018955386
2023-01-30,100000.0,100000.0,0,-0.5,1.9499999999999993,0.2105084929062384
2023-01-31,100000.0,100000.0,0,-0.5,-0.5,0.22377625954685929
2023-02-01,100000.0,100000.0,0,-0.5,2.499999999999999,0.21123193082069835
2023-02-02,100000.0,100000.0,0,-0.5,2.499999999999999,0.2133696339934711
2023-02-03,100000.0,100000.0,0,-0.5,2.4499999999999993,0.20942296113902373
2023-02-06,100000.0,100000.0,0,-0.5,1.4499999999999995,0.23651715964447986
2023-02-07,100000.0,100000.0,0,-0.5,1.4499999999999995,0.2419520604225502
2023-02-08,100000.0,100000.0,0,-0.5,1.5999999999999996,0.23458508211039195
2023-02-09,100000.0,100000.0,0,-0.5,-0.5,0.20973524185903822
2023-02-10,100000.0,100000.0,0,-0.5,-0.5,0.22522572520538428
2023-02-13,100000.0,100000.0,0,-0.5,-0.5,0.21383002484061753
2023-02-14,100000.0,100000.0,0,-0.5,-0.5,0.22995085285307618
2023-02-15,100000.0,100000.0,0,-0.5,-0.5,0.22401566907986034
2023-02-16,100000.0,100000.0,0,2.349999999999999,-0.5,0.21431968675711657
2023-02-17,100000.0,100000.0,0,2.4499999999999993,1.6999999999999993,0.2097655783038439
2023-02-21,100000.0,100000.0,0,-0.5,-0.5,0.21261595772826436
2023-02-22,100000.0,100000.0,0,-0.5,-0.5,0.21713401603260843
2023-02-23,100000.0,100000.0,0,-0.5,1.5999999999999996,0.20649867249025702
2023-02-24,100000.0,100000.0,0,-0.5,-0.5,0.21399940760081984
2023-02-27,100000.0,100000.0,0,1.3999999999999995,-0.5,0.1953370287511574
2023-02-28,100000.0,100000.0,0,1.7499999999999996,2.1999999999999993,0.19916298086127807
2023-03-01,100000.0,100000.0,0,1.6499999999999995,1.9999999999999996,0.19525383847256397
2023-03-02,100000.0,100000.0,0,2.499999999999999,2.0499999999999994,0.20078595680083097
2023-03-03,100000.0,100000.0,0,-0.5,2.3999999999999995,0.20083599546271066
2023-03-06,100000.0,100000.0,0,-0.5,-0.5,0.18974982956094252
2023-03-07,100000.0,100000.0,0,-0.5,-0.5,0.18969405428369765
2023-03-08,100000.0,100000.0,0,-0.5,2.349999999999999,0.20450044581776697
2023-03-09,100000.0,100000.0,0,-0.5,2.349999999999999,0.18584577286885087
2023-03-10,100000.0,100000.0,0,-0.5,1.6499999999999995,0.18711673192856845
2023-03-13,100000.0,100000.0,0,-0.5,2.4499999999999993,0.1951781159132084
2023-03-14,100000.0,100000.0,0,1.4499999999999995,2.499999999999999,0.19717019738368546
2023-03-15,100000.0,100000.0,0,1.3999999999999995,-0.5,0.20437988798485762
2023-03-16,100000.0,100000.0,0,0.7499999999999998,-0.5,0.21577094410843758
2023-03-17,100000.0,100000.0,0,0.7499999999999998,-0.5,0.2069592493007999
2023-03-20,100000.0,100000.0,0,-0.5,1.7499999999999996,0.22082732957587278
2023-03-21,100000.0,100000.0,0,-0.5,1.8499999999999996,0.22198231777093258
2023-03-22,100000.0,100000.0,0,-0.5,1.8499999999999996,0.21165165524903976
2023-03-23,100000.0,100000.0,0,-0.5,1.8499999999999996,0.20461295393938553
2023-03-24,100000.0,100000.0,0,-0.5,-0.5,0.21368334312119888
2023-03-27,100000.0,100000.0,0,-0.5,1.3499999999999996,0.2045773040879987
2023-03-28,100000.0,100000.0,0,2.2999999999999994,1.0999999999999996,0.21207512537443943
2023-03-29,100000.0,100000.0,0,-0.5,1.0999999999999996,0.21204832917531694
2023-03-30,100000.0,100000.0,0,2.0499999999999994,2.499999999999999,0.2250065542981944
2023-03-31,100000.0,100000.0,0,2.0499999999999994,2.499999999999999,0.2187672042012301
2023-04-03,100000.0,100000.0,0,-0.5,1.0999999999999996,0.2038662287096288
2023-04-04,100000.0,100000.0,0,-0.5,1.1499999999999997,0.2110504665491464
2023-04-05,100000.0,100000.0,0,-0.5,0.5999999999999996,0.2004008655537426
2023-04-06,100000.0,100000.0,0,-0.5,1.3499999999999996,0.20214491428375223
2023-04-10,100000.0,100000.0,0,2.2999999999999994,1.2999999999999996,0.20400869909243205
2023-04-11,100000.0,100000.0,0,2.1999999999999993,1.3999999999999995,0.20452717468584333
2023-04-12,100000.0,100000.0,0,-0.5,1.0999999999999996,0.20049371522789391
2023-04-13,100000.0,100000.0,0,2.499999999999999,1.1999999999999997,0.20386233656949607
2023-04-14,100000.0,100000.0,0,2.349999999999999,1.4499999999999995,0.20400562555461607
2023-04-17,100000.0,100000.0,0,2.0999999999999996,1.9499999999999993,0.20239617952725483
2023-04-18,100000.0,100000.0,0,2.0999999999999996,1.8499999999999996,0.19525302359444285
2023-04-19,100000.0,100000.0,0,1.9999999999999996,1.7499999999999996,0.20117457662353322
2023-04-20,100000.0,100000.0,0,2.499999999999999,1.7999999999999994,0.20266082486483347
2023-04-21,100000.0,100000.0,0,2.499999999999999,1.8499999999999996,0.20283214588654971
2023-04-24,100000.0,100000.0,0,1.4999999999999996,0.6499999999999997,0.20859770673692823
2023-04-25,100000.0,100000.0,0,1.4999999999999996,0.44999999999999973,0.20532078177748123
2023-04-26,100000.0,100000.0,0,2.2499999999999996,-0.5,0.1872664884466441
2023-04-27,100000.0,100000.0,0,-0.5,1.9499999999999993,0.2059270997808713
2023-04-28,100000.0,100000.0,0,-0.5,1.6499999999999995,0.20450225644901707
2023-05-01,100000.0,100000.0,0,2.2999999999999994,-0.5,0.20442639742739402
2023-05-02,100000.0,100000.0,0,2.3999999999999995,1.9499999999999993,0.20545492725975142
2023-05-03,100000.0,100000.0,0,2.499999999999999,2.0499999999999994,0.19443162606979866
2023-05-04,100000.0,100000.0,0,2.499999999999999,1.8499999999999996,0.1956918984005546
2023-05-05,100000.0,100000.0,0,2.2999999999999994,2.499999999999999,0.21380596904522164
2023-05-08,100000.0,100000.0,0,2.2999999999999994,2.499999999999999,0.22153936010297906
2023-05-09,100000.0,100000.0,0,1.5499999999999994,2.1499999999999995,0.20388813944092485
2023-05-10,100000.0,100000.0,0,0.5999999999999996,1.9999999999999996,0.2111284612121207
2023-05-11,100000.0,100000.0,0,1.5999999999999996,2.0999999999999996,0.2174555795215453
2023-05-12,100000.0,100000.0,0,0.8999999999999997,1.7499999999999996,0.21595265951159515
2023-05-15,100000.0,100000.0,0,0.8999999999999997,1.7499999999999996,0.19898204251596976
2023-05-16,100000.0,100000.0,0,-0.5,1.0999999999999996,0.20212749942514355
2023-05-17,100000.0,100000.0,0,-0.5,1.2999999999999996,0.21025146965799713
2023-05-18,100000.0,100000.0,0,1.5499999999999994,1.2499999999999996,0.20845527217891147
2023-05-19,100000.0,100000.0,0,1.0999999999999996,0.44999999999999973,0.19808522469157827
2023-05-22,100000.0,100000.0,0,1.0999999999999996,0.44999999999999973,0.20335476439827568
2023-05-23,100000.0,100000.0,0,-0.5,-0.5,0.1876637949665252
2023-05-24,100000.0,100000.0,0,2.349999999999999,-0.5,0.18696755008845245
2023-05-25,100000.0,100000.0,0,-0.5,0.8999999999999997,0.19315093940750738
2023-05-26,100000.0,100000.0,0,-0.5,0.8999999999999997,0.19735667517984182
2023-05-30,100000.0,100000.0,0,-0.5,1.7999999999999994,0.20864558499427066
2023-05-31,100000.0,100000.0,0,-0.5,1.4999999999999996,0.20333410549376185
2023-06-01,100000.0,100000.0,0,-0.5,1.8499999999999996,0.1976610679859712
2023-06-02,100000.0,100000.0,0,-0.5,1.7999999999999994,0.21013293251898288
2023-06-05,100000.0,100000.0,0,-0.5,1.7999999999999994,0.20857398161778662
2023-06-06,100000.0,100000.0,0,2.2499999999999996,2.0999999999999996,0.21054203952887363
2023-06-07,100000.0,100000.0,0,2.2499999999999996,-0.5,0.193324782265796
2023-06-08,100000.0,100000.0,0,2.499999999999999,1.4499999999999995,0.1976709986052233
2023-06-09,100000.0,100000.0,0,-0.5,0.9999999999999996,0.20907563640020865
2023-06-12,100000.0,100000.0,0,1.2999999999999996,2.2499999999999996,0.2119743566606933
2023-06-13,100000.0,100000.0,0,1.0499999999999996,2.4499999999999993,0.20064109103316183
2023-06-14,100000.0,100000.0,0,1.3499999999999996,2.1499999999999995,0.2028034961715782
2023-06-15,100000.0,100000.0,0,1.4999999999999996,2.499999999999999,0.19625371183672455
2023-06-16,100000.0,100000.0,0,2.1999999999999993,2.499999999999999,0.20137763620974858
2023-06-20,100000.0,100000.0,0,-0.5,1.7499999999999996,0.18692746789259015
2023-06-21,100000.0,100000.0,0,-0.5,1.3499999999999996,0.18553606419595772
2023-06-22,100000.0,100000.0,0,-0.5,1.3499999999999996,0.1921164265442863
2023-06-23,100000.0,100000.0,0,2.499999999999999,0.6499999999999997,0.18641506928652088
2023-06-26,100000.0,100000.0,0,2.0499999999999994,1.3499999999999996,0.1860685095573976
2023-06-27,100000.0,100000.0,0,1.9499999999999993,1.5999999999999996,0.18528393495018625
2023-06-28,100000.0,100000.0,0,1.3499999999999996,1.5999999999999996,0.18888824678019997
2023-06-29,100000.0,100000.0,0,1.4999999999999996,1.4499999999999995,0.1905000663202379
2023-06-30,100000.0,100000.0,0,1.5499999999999994,2.0499999999999994,0.1844613668157757
2023-07-03,100000.0,100000.0,0,1.7499999999999996,1.8499999999999996,0.1878224852288298
2023-07-05,100000.0,100000.0,0,1.3499999999999996,2.2999999999999994,0.1860800099640064
2023-07-06,100000.0,100000.0,0,1.3999999999999995,1.9499999999999993,0.1896096768643445
2023-07-07,100000.0,100000.0,0,1.0499999999999996,1.8499999999999996,0.20125456858400612
2023-07-10,100000.0,100000.0,0,1.2499999999999996,0.5999999999999996,0.19856844710779323
2023-07-11,100000.0,100000.0,0,-0.5,0.8499999999999996,0.19321624144100905
2023-07-12,100000.0,100000.0,0,-0.5,0.8499999999999996,0.19798557114835055
2023-07-13,100000.0,100000.0,0,-0.5,0.8499999999999996,0.2040170785797336
2023-07-14,100000.0,100000.0,0,0.5999999999999996,-0.5,0.20046298174672725
2023-07-17,100000.0,100000.0,0,-0.5,0.5499999999999998,0.20662079925617435
2023-07-18,100000.0,100000.0,0,-0.5,0.5499999999999998,0.20511026396826404
2023-07-19,100000.0,100000.0,0,-0.5,0.44999999999999973,0.20599627707430404
2023-07-20,100000.0,100000.0,0,-0.5,-0.5,0.21520677530617283
2023-07-21,100000.0,100000.0,0,-0.5,-0.5,0.20560955028825
2023-07-24,100000.0,100000.0,0,-0.5,-0.5,0.19543436383221266
2023-07-25,100000.0,100000.0,0,1.9999999999999996,1.1499999999999997,0.19637192113501936
2023-07-26,100000.0,100000.0,0,2.2999999999999994,1.1499999999999997,0.2022847725496936
2023-07-27,100000.0,100000.0,0,2.0999999999999996,1.1499999999999997,0.216622925589505
2023-07-28,100000.0,100000.0,0,1.7999999999999994,1.7499999999999996,0.20071789624973868
2023-07-31,100000.0,100000.0,0,1.3499999999999996,2.2499999999999996,0.1947357868845694
2023-08-01,100000.0,100000.0,0,1.2499999999999996,2.1499999999999995,0.19796574080413074
2023-08-02,100000.0,100000.0,0,2.349999999999999,-0.5,0.20497008850049725
2023-08-03,100000.0,100000.0,0,2.349999999999999,1.0499999999999996,0.20756279539461922
2023-08-04,100000.0,100000.0,0,1.9999999999999996,0.5499999999999998,0.21417098934198006
2023-08-07,100000.0,100000.0,0,1.9999999999999996,0.5499999999999998,0.209592008469239
2023-08-08,100000.0,100000.0,0,-0.5,-0.5,0.2106093073625407
2023-08-09,100000.0,100000.0,0,1.4999999999999996,1.9499999999999993,0.20603213916993712
2023-08-10,100000.0,100000.0,0,1.6999999999999993,1.6499999999999995,0.19960291191117271
2023-08-11,100000.0,100000.0,0,-0.5,-0.5,0.19406504963538226
2023-08-14,100000.0,100000.0,0,-0.5,2.0499999999999994,0.19775171199339517
2023-08-15,100000.0,100000.0,0,2.4499999999999993,1.9499999999999993,0.19638677118324752
2023-08-16,100000.0,100000.0,0,2.4499999999999993,1.6999999999999993,0.19510607146360284
2023-08-17,100000.0,100000.0,0,2.1499999999999995,1.1499999999999997,0.19763524150388034
2023-08-18,100000.0,100000.0,0,-0.5,1.5499999999999994,0.19696448987772763
2023-08-21,100000.0,100000.0,0,-0.5,1.5499999999999994,0.1971348834240957
2023-08-22,100000.0,100000.0,0,-0.5,-0.5,0.20287824240307165
2023-08-23,100000.0,100000.0,0,0.19999999999999984,-0.5,0.1978942004937552
2023-08-24,100000.0,100000.0,0,1.0499999999999996,-0.5,0.20084609783593843
2023-08-25,100000.0,100000.0,0,1.1499999999999997,-0.5,0.19830191921331622
2023-08-28,100000.0,100000.0,0,1.1499999999999997,-0.5,0.19287802896284642
2023-08-29,100000.0,100000.0,0,1.1499999999999997,-0.5,0.20102374219711414
2023-08-30,100000.0,100000.0,0,1.1499999999999997,-0.5,0.204137527820068
2023-08-31,100000.0,100000.0,0,1.0999999999999996,-0.5,0.21159623368046543
2023-09-01,100000.0,100000.0,0,1.2999999999999996,-0.5,0.20298255407286114
2023-09-05,100000.0,100000.0,0,1.2499999999999996,0.3999999999999998,0.2058301469059817
2023-09-06,100000.0,100000.0,0,2.2999999999999994,-0.5,0.2068386548256865
2023-09-07,100000.0,100000.0,0,2.2999999999999994,-0.5,0.20751739493958063
2023-09-08,100000.0,100000.0,0,1.5499999999999994,0.8499999999999996,0.20371011496653937
2023-09-11,100000.0,100000.0,0,1.5499999999999994,0.8499999999999996,0.20249162992582667
2023-09-12,100000.0,100000.0,0,1.0499999999999996,1.6999999999999993,0.21104827730080578
2023-09-13,100000.0,100000.0,0,0.44999999999999973,-0.5,0.20454294176006393
2023-09-14,100000.0,100000.0,0,0.7499999999999998,2.2499999999999996,0.20402879179130573
2023-09-15,100000.0,100000.0,0,1.0999999999999996,-0.5,0.22199593380793728
2023-09-18,100000.0,100000.0,0,1.6999999999999993,1.0999999999999996,0.2128544294143604
2023-09-19,100000.0,100000.0,0,1.6999999999999993,1.0999999999999996,0.20791330565625046
2023-09-20,100000.0,100000.0,0,2.1999999999999993,-0.5,0.2151073463629983
2023-09-21,100000.0,100000.0,0,2.0999999999999996,-0.5,0.21601503691184543
2023-09-22,100000.0,100000.0,0,-0.5,1.2499999999999996,0.20842707863742113
2023-09-25,100000.0,100000.0,0,2.499999999999999,1.7499999999999996,0.19940233338631033
2023-09-26,100000.0,100000.0,0,-0.5,1.6499999999999995,0.21728021953591714
2023-09-27,100000.0,100000.0,0,-0.5,-0.5,0.21156731842517726
2023-09-28,100000.0,100000.0,0,2.499999999999999,1.8999999999999995,0.22802713738790667
2023-09-29,100000.0,100000.0,0,2.499999999999999,2.1499999999999995,0.223728325629038
2023-10-02,100000.0,100000.0,0,1.2999999999999996,2.0999999999999996,0.2326880539274916
2023-10-03,100000.0,100000.0,0,1.5999999999999996,1.9999999999999996,0.23564374800256097
2023-10-04,100000.0,100000.0,0,2.3999999999999995,1.8499999999999996,0.2438819214469717
2023-10-05,100000.0,100000.0,0,1.8499999999999996,2.4499999999999993,0.23200367424512183
2023-10-06,100000.0,100000.0,0,2.0999999999999996,2.4499999999999993,0.2226461508413321
2023-10-09,100000.0,100000.0,0,-0.5,-0.5,0.21011674509617936
2023-10-10,100000.0,100000.0,0,-0.5,-0.5,0.20905695128134938
2023-10-11,100000.0,100000.0,0,-0.5,-0.5,0.1939053739821092
2023-10-12,100000.0,100000.0,0,-0.5,-0.5,0.20592230194453456
2023-10-13,100000.0,100000.0,0,1.0499999999999996,2.349999999999999,0.2090437119153167
2023-10-16,100000.0,100000.0,0,1.0499999999999996,2.349999999999999,0.20689934020050696
2023-10-17,100000.0,100000.0,0,2.2499999999999996,1.9499999999999993,0.2095349776362564
2023-10-18,100000.0,100000.0,0,2.4499999999999993,1.6499999999999995,0.2144600581780971
2023-10-19,100000.0,100000.0,0,2.4499999999999993,0.8499999999999996,0.24053033144998257
2023-10-20,100000.0,100000.0,0,-0.5,0.7499999999999998,0.27554427893900063
2023-10-23,100000.0,100000.0,0,2.349999999999999,-0.5,0.28560736885033744
2023-10-24,100000.0,100000.0,0,2.349999999999999,2.4499999999999993,0.25188988309299964
2023-10-25,100000.0,100000.0,0,2.2499999999999996,-0.5,0.30089571619500693
2023-10-26,100000.0,100000.0,0,2.4499999999999993,-0.5,0.29688870373717235
2023-10-27,100000.0,100000.0,0,2.4499999999999993,2.4499999999999993,0.26479523014278744
2023-10-30,100000.0,100000.0,0,-0.5,-0.5,0.2643530513382711
2023-10-31,100000.0,100000.0,0,-0.5,-0.5,0.2489674363009667
2023-11-01,100000.0,100000.0,0,0.09999999999999987,-0.5,0.25357941903786757
2023-11-02,100000.0,100000.0,0,0.24999999999999978,-0.5,0.21629984124997295
2023-11-03,100000.0,100000.0,0,0.24999999999999978,-0.5,0.2312566443281897
2023-11-06,100000.0,100000.0,0,0.24999999999999978,-0.5,0.22263220080417145
2023-11-07,100000.0,100000.0,0,0.24999999999999978,-0.5,0.23234647626293806
2023-11-08,100000.0,100000.0,0,0.24999999999999978,-0.5,0.21631664405034337
2023-11-09,100000.0,100000.0,0,2.1999999999999993,1.4999999999999996,0.2177273233687305
2023-11-10,100000.0,100000.0,0,-0.5,1.8499999999999996,0.19992725049978885
2023-11-13,100000.0,100000.0,0,-0.5,1.0999999999999996,0.2281262871508026
2023-11-14,100000.0,100000.0,0,-0.5,0.9999999999999996,0.21160344360099556
2023-11-15,100000.0,100000.0,0,1.1999999999999997,-0.5,0.21778114055177478
2023-11-16,100000.0,100000.0,0,1.1499999999999997,-0.5,0.23725575853463257
2023-11-17,100000.0,100000.0,0,1.0499999999999996,-0.5,0.24345142729839928
2023-11-20,100000.0,100000.0,0,1.8499999999999996,1.6999999999999993,0.2437434502421775
2023-11-21,100000.0,100000.0,0,1.7499999999999996,1.4499999999999995,0.21152178457363077
2023-11-22,100000.0,100000.0,0,2.2499999999999996,1.1999999999999997,0.23237222727089132
2023-11-24,100000.0,100000.0,0,1.5999999999999996,-0.5,0.218006138262445
2023-11-27,100000.0,100000.0,0,1.1999999999999997,1.4499999999999995,0.23682273387907374
2023-11-28,100000.0,100000.0,0,1.5999999999999996,1.1999999999999997,0.21837240718351106
2023-11-29,100000.0,100000.0,0,1.0999999999999996,1.0999999999999996,0.23481260559919073
2023-11-30,100000.0,100000.0,0,0.8999999999999997,0.7999999999999998,0.2121036670283916
2023-12-01,100000.0,100000.0,0,0.8999999999999997,0.8499999999999996,0.21318058973214185
2023-12-04,100000.0,100000.0,0,1.7999999999999994,2.0499999999999994,0.2092750235564427
2023-12-05,100000.0,100000.0,0,1.7999999999999994,1.7499999999999996,0.21396683756741863
2023-12-06,100000.0,100000.0,0,1.7999999999999994,1.4499999999999995,0.20776124055025635
2023-12-07,100000.0,100000.0,0,1.6999999999999993,2.1999999999999993,1.0
2023-12-08,100000.0,100000.0,0,0.4999999999999998,1.9499999999999993,0.20568645661700888
2023-12-11,100000.0,100000.0,0,0.4999999999999998,1.9499999999999993,0.2139139895257086
2023-12-12,100000.0,100000.0,0,0.4999999999999998,1.9499999999999993,0.21537375021191343
2023-12-13,100000.0,100000.0,0,0.4999999999999998,1.9499999999999993,0.20652794756636292
2023-12-14,100000.0,100000.0,0,0.9499999999999997,2.4499999999999993,0.21479522128114859
2023-12-15,100000.0,100000.0,0,-0.5,-0.5,0.21252065524343858
2023-12-18,100000.0,100000.0,0,-0.5,0.4999999999999998,0.20596527776641804
2023-12-19,100000.0,100000.0,0,2.499999999999999,0.6499999999999997,0.2075773609002111
2023-12-20,100000.0,100000.0,0,-0.5,0.5999999999999996,0.2288066794455016
2023-12-21,100000.0,100000.0,0,2.2499999999999996,0.6999999999999997,0.21013632965754336
2023-12-22,100000.0,100000.0,0,-0.5,0.7999999999999998,0.20963388675248432
2023-12-26,100000.0,100000.0,0,-0.5,0.7999999999999998,0.22480247390011562
2023-12-27,100000.0,100000.0,0,-0.5,0.7999999999999998,0.21893113056068567
2023-12-28,100000.0,100000.0,0,-0.5,0.7999999999999998,0.21583863397905587
2023-12-29,100000.0,100000.0,0,1.5499999999999994,1.3499999999999996,0.22615505411492473
2024-01-02,99076.76399625781,0.0,1,1.5499999999999994,1.3499999999999996,0.21707603567743675
2024-01-03,98180.60958195874,0.0,1,2.499999999999999,-0.5,0.2227279304202188
2024-01-04,98252.00649958146,98252.00649958146,0,2.1999999999999993,0.8499999999999996,0.22538925823203007
2024-01-05,98356.06601826672,0.0,1,2.4499999999999993,0.9499999999999997,0.22600954075438037
2024-01-08,100271.25668359292,100271.25668359292,0,2.4499999999999993,0.9499999999999997,0.22324643441615458
2024-01-09,100271.25668359292,100271.25668359292,0,1.2499999999999996,-0.5,0.2210669624875606
2024-01-10,100694.133465917,100694.133465917,0,1.0499999999999996,-0.5,0.21761263433833888
2024-01-11,101340.59135517402,101340.59135517402,0,0.8999999999999997,2.499999999999999,0.22717600074337616
2024-01-12,101812.6316993677,101812.6316993677,0,-0.5,-0.5,0.21759319918935924
2024-01-16,102301.88848356646,0.0,1,1.0999999999999996,1.5999999999999996,0.21170529405072638
2024-01-17,101739.5567485653,0.0,1,1.0999999999999996,-0.5,0.21179461278409614
2024-01-18,102051.9632680104,102051.9632680104,0,1.7499999999999996,2.1499999999999995,0.21661531548201862
2024-01-19,102051.9632680104,102051.9632680104,0,1.7499999999999996,2.1499999999999995,0.22107312679794333
2024-01-22,102051.9632680104,102051.9632680104,0,1.7499999999999996,2.1499999999999995,0.2178182104426434
2024-01-23,102093.21455362867,102093.21455362867,0,-0.5,-0.5,0.22175327330786496
2024-01-24,102064.56242435196,102064.56242435196,0,-0.5,-0.5,0.2209819487924156
2024-01-25,101308.7509889817,0.0,1,-0.5,-0.5,0.22615083072720274
2024-01-26,101456.99603409185,101456.99603409185,0,-0.5,-0.5,0.21924420995128543
2024-01-29,101456.99603409185,101456.99603409185,0,-0.5,-0.5,0.22529302293427242
2024-01-30,100046.02668479574,0.0,1,2.2499999999999996,-0.5,0.2191667516761997
2024-01-31,100488.3351783791,100488.3351783791,0,1.9999999999999996,0.9999999999999996,0.22162072412643444
2024-02-01,100449.96986953942,100449.96986953942,0,1.7499999999999996,0.34999999999999987,0.21884958441655136
2024-02-02,100164.74126901342,100164.74126901342,0,-0.5,1.8499999999999996,0.22059445213633336
2024-02-05,100164.74126901342,100164.74126901342,0,-0.5,1.8499999999999996,0.22225499126119005
2024-02-06,100186.35285536181,0.0,1,0.9999999999999996,-0.5,0.22327341927979308
2024-02-07,100691.12088690809,0.0,1,1.2999999999999996,2.0499999999999994,0.2139263647476302
2024-02-08,100784.35772276799,100784.35772276799,0,0.8499999999999996,2.4499999999999993,0.21744957977486845
2024-02-09,101501.4027858137,0.0,1,0.9999999999999996,2.3999999999999995,0.22018179830395024
2024-02-12,101105.9280393966,0.0,1,2.1999999999999993,-0.5,0.22156196938987785
2024-02-13,99760.95159735355,0.0,1,2.499999999999999,-0.5,0.2369257762710786
2024-02-14,100189.11018790012,100189.11018790012,0,2.499999999999999,-0.5,0.22948087689961727
2024-02-15,100189.11018790012,100189.11018790012,0,2.499999999999999,-0.5,0.22810250017141662
2024-02-16,100229.0208925957,100229.0208925957,0,2.2499999999999996,0.5999999999999996,0.22906129394717442
2024-02-20,100229.0208925957,100229.0208925957,0,2.0499999999999994,-0.5,0.22719869510414337
2024-02-21,101438.36039721507,101438.36039721507,0,2.499999999999999,1.6499999999999995,0.22411947117539702
2024-02-22,101438.36039721507,101438.36039721507,0,0.8999999999999997,2.2999999999999994,0.2310668238391714
2024-02-23,100850.6985287777,0.0,1,0.7999999999999998,2.3999999999999995,0.2260590511379087
2024-02-26,100855.52001807877,0.0,1,2.499999999999999,-0.5,0.22336623057018398
2024-02-27,101082.13565402446,101082.13565402446,0,2.499999999999999,2.0499999999999994,0.22491273841829
2024-02-28,101084.30849032145,101084.30849032145,0,2.349999999999999,1.9499999999999993,0.22545036067958232
2024-02-29,101698.0214153108,101698.0214153108,0,2.349999999999999,2.4499999999999993,0.22438344805624702
2024-03-01,101799.93716582948,101799.93716582948,0,-0.5,-0.5,0.22318945207415894
2024-03-04,101712.57530858261,0.0,1,1.4999999999999996,-0.5,0.22088475892345394
2024-03-05,100197.25286205401,0.0,1,2.4499999999999993,-0.5,0.22757287007654817
2024-03-06,100840.11693027825,100840.11693027825,0,2.2499999999999996,1.4999999999999996,0.22391283931626424
2024-03-07,100840.11693027825,100840.11693027825,0,1.7499999999999996,1.6999999999999993,0.2202873325940402
2024-03-08,99485.02302597383,0.0,1,1.8999999999999995,1.4999999999999996,0.22541973900161064
2024-03-11,99412.3415635225,99412.3415635225,0,2.3999999999999995,1.1499999999999997,0.22187945447515323
2024-03-12,99472.30621541137,99472.30621541137,0,2.2499999999999996,1.2999999999999996,0.22644837520851516
2024-03-13,99472.30621541137,99472.30621541137,0,2.2499999999999996,1.9999999999999996,0.17253183482171844
2024-03-14,99497.28328280477,0.0,1,1.8499999999999996,-0.5,0.22869365004177725
2024-03-15,98739.52158282042,0.0,1,2.1499999999999995,-0.5,0.2174332150966126
2024-03-18,99805.1111028244,0.0,1,2.2499999999999996,-0.5,0.2177074020120896
2024-03-19,100250.9043699992,0.0,1,2.2499999999999996,-0.5,0.22001378918610434
2024-03-20,100356.0658586661,100356.0658586661,0,2.3999999999999995,1.9999999999999996,0.21944144084767456
2024-03-21,100356.0658586661,100356.0658586661,0,2.3999999999999995,1.9999999999999996,0.21867245474480768
2024-03-22,100356.0658586661,100356.0658586661,0,0.5499999999999998,-0.5,0.22054726527830315
2024-03-25,100540.70205395092,0.0,1,0.6999999999999997,0.6499999999999997,0.2187859598896055
2024-03-26,100725.46238346855,100725.46238346855,0,0.5499999999999998,0.9499999999999997,0.22067058993010305
2024-03-27,100865.45465021704,100865.45465021704,0,1.0999999999999996,-0.5,0.2180065154861408
2024-03-28,100865.45465021704,100865.45465021704,0,0.6499999999999997,1.2999999999999996,0.21601875673080848
2024-04-01,100478.80637867573,0.0,1,1.4999999999999996,-0.5,0.21647861250426792
2024-04-02,100686.82767096696,100686.82767096696,0,1.0999999999999996,0.8999999999999997,0.21753232862948005
2024-04-03,101593.31815085108,0.0,1,1.0999999999999996,-0.5,0.21747291851935258
2024-04-04,101817.65165344866,101817.65165344866,0,1.0999999999999996,-0.5,0.22222213052190973
2024-04-05,101846.76619609294,0.0,1,1.0999999999999996,-0.5,0.21765319571130604
2024-04-08,102741.93897942318,102741.93897942318,0,1.4499999999999995,-0.5,0.2181098616477447
2024-04-09,102879.60411445289,102879.60411445289,0,1.4999999999999996,1.7999999999999994,0.21978449257469887
2024-04-10,103333.1304034269,0.0,1,1.3999999999999995,1.7999999999999994,0.21968686765211495
2024-04-11,104150.93398426488,104150.93398426488,0,0.8499999999999996,2.499999999999999,0.2212897795751758
2024-04-12,102488.88864912692,0.0,1,1.6999999999999993,2.2999999999999994,0.22335947955424293
2024-04-15,101009.69174296044,0.0,1,1.6999999999999993,2.2999999999999994,0.22245968976868633
2024-04-16,101400.9404967468,0.0,1,2.499999999999999,1.2499999999999996,0.2194513438984571
2024-04-17,102082.25084830813,0.0,1,2.2999999999999994,-0.5,0.2206740369629598
2024-04-18,100988.65773459997,0.0,1,2.499999999999999,-0.5,0.2188977453217178
2024-04-19,99352.10306886463,0.0,1,-0.5,1.1499999999999997,0.218615315762136
2024-04-22,100239.79014892985,0.0,1,1.7999999999999994,-0.5,0.2224348962688044
2024-04-23,100594.62126450127,100594.62126450127,0,1.7499999999999996,-0.5,0.22372586479041098
2024-04-24,100594.62126450127,100594.62126450127,0,1.1499999999999997,-0.5,0.2198339741567907
2024-04-25,100774.44387397358,100774.44387397358,0,1.1999999999999997,-0.5,0.22112421823651918
2024-04-26,100774.44387397358,100774.44387397358,0,1.9499999999999993,-0.5,0.2239013708067876
2024-04-29,100774.44387397358,100774.44387397358,0,1.9499999999999993,-0.5,0.22148668893744997
2024-04-30,99725.8181920135,0.0,1,2.2999999999999994,-0.5,0.2214078472713702
2024-05-01,99820.66452134344,99820.66452134344,0,2.1999999999999993,1.7499999999999996,0.22737277946015055
2024-05-02,99869.53202331145,99869.53202331145,0,2.499999999999999,2.3999999999999995,0.2294801593476565
2024-05-03,99869.53202331145,99869.53202331145,0,1.7999999999999994,2.0999999999999996,0.2301523855668874
2024-05-06,99869.53202331145,99869.53202331145,0,1.7999999999999994,2.0999999999999996,0.2285978747647778
2024-05-07,99861.59714340766,99861.59714340766,0,1.9999999999999996,-0.5,0.22262304850822892
2024-05-08,99984.28282038232,99984.28282038232,0,1.5999999999999996,-0.5,0.22119616753053598
2024-05-09,100568.1209412721,100568.1209412721,0,1.6999999999999993,-0.5,0.22361894055652332
2024-05-10,100568.1209412721,100568.1209412721,0,-0.5,-0.5,0.2199400384258523
2024-05-13,100568.1209412721,100568.1209412721,0,-0.5,-0.5,0.22034555986872587
2024-05-14,101306.12309323004,0.0,1,-0.5,-0.5,0.22378979626385184
2024-05-15,101998.20392340086,101998.20392340086,0,-0.5,1.9999999999999996,0.22565997235268712
2024-05-16,101998.20392340086,101998.20392340086,0,-0.5,1.8999999999999995,0.4791986851554508
2024-05-17,101959.81798816004,0.0,1,0.8499999999999996,1.7999999999999994,0.22042968881683908
2024-05-20,102925.20379346215,102925.20379346215,0,1.9499999999999993,-0.5,0.22077304970869793
2024-05-21,102977.06586501803,102977.06586501803,0,1.9499999999999993,0.9499999999999997,0.2226614542762786
2024-05-22,103856.94735576287,103856.94735576287,0,2.1999999999999993,1.3499999999999996,0.22528732964178588
2024-05-23,103129.59413957964,103129.59413957964,0,-0.5,2.1499999999999995,0.22599695523708707
2024-05-24,103905.23122154076,0.0,1,2.1499999999999995,1.9499999999999993,0.22841912403204853
2024-05-28,104229.68690588797,0.0,1,2.1499999999999995,1.9499999999999993,0.22283491653414234
2024-05-29,103113.37783806401,0.0,1,2.0499999999999994,2.1499999999999995,0.22084204813512176
2024-05-30,102201.27164850054,0.0,1,2.0499999999999994,-0.5,0.2200457592352997
2024-05-31,100887.29419452044,100887.29419452044,0,1.6499999999999995,1.1999999999999997,0.22425550897801474
2024-06-03,100887.29419452044,100887.29419452044,0,1.6499999999999995,1.1999999999999997,0.2204703796461722
2024-06-04,100887.29419452044,100887.29419452044,0,1.6499999999999995,1.1999999999999997,0.22239184254644884
2024-06-05,100933.71167755364,100933.71167755364,0,1.6499999999999995,1.1999999999999997,0.22953933970364396
2024-06-06,100933.71167755364,100933.71167755364,0,1.6499999999999995,1.1999999999999997,0.22338215434293462
2024-06-07,100933.71167755364,100933.71167755364,0,1.6499999999999995,1.1999999999999997,0.22449948789281202
2024-06-10,100933.71167755364,100933.71167755364,0,2.4499999999999993,0.44999999999999973,0.22708665406999848
2024-06-11,101123.59446357154,101123.59446357154,0,-0.5,0.8999999999999997,0.22639326812841623
2024-06-12,101860.47526265755,0.0,1,2.3999999999999995,1.1499999999999997,0.22402003516441438
2024-06-13,101971.58334945184,0.0,1,-0.5,0.24999999999999978,0.22252971580672265
2024-06-14,102375.07906571249,0.0,1,1.9999999999999996,0.5499999999999998,0.22131359383254998
2024-06-17,102667.976279023,0.0,1,-0.5,1.2999999999999996,0.22016762246127608
2024-06-18,102942.52185802309,102942.52185802309,0,-0.5,1.6499999999999995,0.22155192022773915
2024-06-20,102822.04892524808,0.0,1,-0.5,-0.5,0.220334238747962
2024-06-21,102602.42570266708,102602.42570266708,0,-0.5,-0.5,0.2188381261811817
2024-06-24,102618.78424197008,0.0,1,2.1499999999999995,-0.5,0.2172951189971916
2024-06-25,103274.31700010037,103274.31700010037,0,2.4499999999999993,-0.5,0.22112866699903808
2024-06-26,103399.5241569985,103399.5241569985,0,-0.5,1.2999999999999996,0.21726327400153686
2024-06-27,103399.5241569985,103399.5241569985,0,-0.5,1.2999999999999996,0.22049805500490202
2024-06-28,103472.88775928017,0.0,1,-0.5,1.2999999999999996,0.21607630438222633
2024-07-01,103896.25941043036,0.0,1,-0.5,1.2999999999999996,0.2190822801524536
2024-07-02,104170.42619716389,104170.42619716389,0,-0.5,1.2999999999999996,0.21574989512706444
2024-07-03,104170.42619716389,104170.42619716389,0,-0.5,1.2999999999999996,0.2128325709901183
2024-07-05,104170.42619716389,104170.42619716389,0,-0.5,1.2999999999999996,0.2138525844112419
2024-07-08,104170.42619716389,104170.42619716389,0,-0.5,1.2999999999999996,0.21202420312227663
2024-07-09,104170.42619716389,104170.42619716389,0,-0.5,1.2999999999999996,0.21009863949455454
2024-07-10,104905.00539906709,0.0,1,-0.5,1.2999999999999996,0.2106638965988975
2024-07-11,102834.76134398326,0.0,1,1.8499999999999996,-0.5,0.2097558494319011
2024-07-12,103633.00586658923,103633.00586658923,0,1.5499999999999994,-0.5,0.21263324474063758
2024-07-15,103865.2120809091,103865.2120809091,0,1.5499999999999994,-0.5,0.2093922990508985
2024-07-16,104832.11441645789,0.0,1,-0.5,0.7999999999999998,0.2102931980312028
2024-07-17,102883.78072192082,0.0,1,2.499999999999999,-0.5,0.2150410016521799
2024-07-18,103604.91254914862,103604.91254914862,0,2.499999999999999,0.6999999999999997,0.21526901496348086
2024-07-19,103355.67093157383,103355.67093157383,0,2.2999999999999994,0.1499999999999999,0.21934321943964927
2024-07-22,103257.6660524242,0.0,1,2.2999999999999994,0.1499999999999999,0.2111607586297226
2024-07-23,103191.89991046784,0.0,1,1.3499999999999996,-0.5,0.2060243983862338
2024-07-24,100704.73434300834,0.0,1,2.499999999999999,-0.5,0.21138062434063606
2024-07-25,100904.94991785883,0.0,1,1.9999999999999996,-0.5,0.21660223307902834
2024-07-26,101748.48149749628,101748.48149749628,0,2.0999999999999996,2.2999999999999994,0.21416547389434448
2024-07-29,101902.84396273798,0.0,1,0.7999999999999998,-0.5,0.20740849878006462
2024-07-30,102505.73358328264,102505.73358328264,0,0.6999999999999997,2.499999999999999,0.21449238948990734
2024-07-31,103228.81441580552,103228.81441580552,0,1.0499999999999996,2.4499999999999993,0.21602060982998875
2024-08-01,101081.32823265149,0.0,1,1.9499999999999993,-0.5,0.2125149919853795
2024-08-02,98967.08174881096,0.0,1,1.8499999999999996,-0.5,0.22233793212630648
2024-08-05,97036.9111311549,97036.9111311549,0,-0.5,-0.5,0.2262443967911046
2024-08-06,99552.21180980175,99552.21180980175,0,-0.5,-0.5,0.217238714392208
2024-08-07,96572.22290848808,0.0,1,-0.5,-0.5,0.21084074984193665
2024-08-08,99279.30114617092,99279.30114617092,0,-0.5,-0.5,0.22510341021842875
2024-08-09,99539.96363787723,99539.96363787723,0,2.349999999999999,-0.5,0.22058430340350824
2024-08-12,99539.96363787723,99539.96363787723,0,2.349999999999999,-0.5,0.21934559081716734
2024-08-13,99539.96363787723,99539.96363787723,0,2.349999999999999,-0.5,0.23318701257133356
2024-08-14,99539.96363787723,99539.96363787723,0,2.349999999999999,-0.5,0.22998503291303787
2024-08-15,99539.96363787723,99539.96363787723,0,2.349999999999999,-0.5,0.23506845969347348
2024-08-16,99539.96363787723,99539.96363787723,0,1.8499999999999996,-0.5,0.23792832932769956
2024-08-19,100057.86229271152,100057.86229271152,0,-0.5,-0.5,0.2391385268726569
2024-08-20,99895.67559759776,0.0,1,2.3999999999999995,-0.5,0.23807827219079525
2024-08-21,100972.3277000565,0.0,1,2.3999999999999995,-0.5,0.23351016524539434
2024-08-22,100361.35994288622,0.0,1,-0.5,-0.5,0.23438984716857245
2024-08-23,100783.830699943,100783.830699943,0,-0.5,-0.5,0.2383810364237311
2024-08-26,100048.14874587943,100048.14874587943,0,1.7499999999999996,-0.5,0.23119729985631468
2024-08-27,100076.05387162323,0.0,1,1.7999999999999994,-0.5,0.23501033348516462
2024-08-28,98780.98740965585,0.0,1,2.2999999999999994,-0.5,0.23514918276074523
2024-08-29,100475.84384818895,0.0,1,2.349999999999999,-0.5,0.2341970081238444
2024-08-30,100978.63851217343,100978.63851217343,0,2.0999999999999996,0.6499999999999997,0.23455097625206114
2024-09-03,98687.8789367426,0.0,1,2.2499999999999996,-0.5,0.24778742870462786
2024-09-04,98570.01323694193,0.0,1,2.3999999999999995,-0.5,0.24080944570841253
2024-09-05,98850.33547962098,0.0,1,2.349999999999999,-0.5,0.23831359563078222
2024-09-06,96466.80117878833,0.0,1,2.4499999999999993,-0.5,0.23743316713841367
2024-09-09,98032.09781821285,98032.09781821285,0,1.4499999999999995,-0.5,0.23859439568973315
2024-09-10,98650.98399798384,98650.98399798384,0,1.2999999999999996,-0.5,0.23724426553781444
2024-09-11,99060.53550289062,99060.53550289062,0,0.9499999999999997,2.499999999999999,0.24249854831510573
2024-09-12,99060.53550289062,99060.53550289062,0,0.9499999999999997,2.499999999999999,0.23435534239173897
2024-09-13,99317.79213500547,99317.79213500547,0,0.9499999999999997,2.499999999999999,0.23509542114306733
2024-09-16,99221.49391916463,0.0,1,-0.5,2.0999999999999996,0.23610240159097048
2024-09-17,99934.72618846806,99934.72618846806,0,-0.5,-0.5,0.23866674054638104
2024-09-18,101121.1315332943,101121.1315332943,0,1.4499999999999995,2.2999999999999994,0.23962275432760557
2024-09-19,101600.31883822824,101600.31883822824,0,-0.5,2.349999999999999,0.250306106880198
2024-09-20,101671.75695283631,0.0,1,-0.5,2.499999999999999,0.24649621316619705
2024-09-23,101966.89456861813,0.0,1,1.8999999999999995,1.3999999999999995,0.23784033624345935
2024-09-24,102762.18821867493,0.0,1,2.2999999999999994,1.6499999999999995,0.24511707139991157
2024-09-25,102465.93991542731,102465.93991542731,0,2.499999999999999,2.1499999999999995,0.22568731166956443
2024-09-26,102465.93991542731,102465.93991542731,0,2.499999999999999,2.1499999999999995,0.22507598971638787
2024-09-27,102465.93991542731,102465.93991542731,0,2.499999999999999,2.1499999999999995,0.23295177680254064
2024-09-30,103271.98640487697,103271.98640487697,0,2.349999999999999,0.9499999999999997,0.24172832625228405
2024-10-01,102446.56128790455,102446.56128790455,0,2.4499999999999993,1.1999999999999997,0.23593984494317718
2024-10-02,103336.69603081072,0.0,1,2.0999999999999996,2.499999999999999,0.2466525430274675
2024-10-03,102985.89457875001,0.0,1,2.0499999999999994,0.9999999999999996,0.2346011298432593
2024-10-04,104119.09566015739,104119.09566015739,0,-0.5,1.0499999999999996,0.23557953485689334
2024-10-07,104171.5603804663,0.0,1,-0.5,1.0499999999999996,0.23186943723321865
2024-10-08,105088.82998551715,0.0,1,-0.5,2.0999999999999996,0.2374355711360745
2024-10-09,105518.34288261527,105518.34288261527,0,-0.5,2.3999999999999995,0.2317418082956377
2024-10-10,106240.01906034752,0.0,1,1.4999999999999996,2.3999999999999995,0.2304883100474238
2024-10-11,106091.38341657608,0.0,1,1.1499999999999997,-0.5,0.24175861888658054
2024-10-14,106336.95534976368,106336.95534976368,0,1.1499999999999997,-0.5,0.23217981300830268
2024-10-15,105302.74552599121,105302.74552599121,0,2.1499999999999995,-0.5,0.23062281633675988
2024-10-16,105397.24523643673,105397.24523643673,0,1.8499999999999996,0.8499999999999996,0.23507123453980505
2024-10-17,105324.53388309613,105324.53388309613,0,1.6999999999999993,2.0999999999999996,0.21850226690768526
2024-10-18,105428.98655690599,0.0,1,1.1999999999999997,1.0499999999999996,0.2412482694558744
2024-10-21,105057.25771429004,0.0,1,1.5499999999999994,1.2499999999999996,0.24199410353704565
2024-10-22,105008.67169792186,105008.67169792186,0,1.4999999999999996,1.5499999999999994,0.237951544290974
2024-10-23,104055.74138382182,104055.74138382182,0,2.2499999999999996,1.7999999999999994,0.24078808956429817
2024-10-24,104055.74138382182,104055.74138382182,0,1.8999999999999995,1.2999999999999996,0.24846383755295967
2024-10-25,103783.9238463942,0.0,1,0.8499999999999996,2.499999999999999,0.2442597152226428
2024-10-28,104025.30621553843,0.0,1,1.4999999999999996,-0.5,0.24638123697049533
2024-10-29,104529.0107277801,104529.0107277801,0,1.5499999999999994,2.2999999999999994,0.25949290974323275
2024-10-30,103218.39194815134,0.0,1,1.4499999999999995,2.0499999999999994,0.2452091847063699
2024-10-31,101466.37630195828,0.0,1,2.499999999999999,-0.5,0.2537649278958784
2024-11-01,102003.6889762681,102003.6889762681,0,2.3999999999999995,1.1999999999999997,0.25375595544705454
2024-11-04,102113.64250929242,0.0,1,1.7499999999999996,1.2999999999999996,0.24763829540716956
2024-11-05,102796.81048276849,102796.81048276849,0,0.9999999999999996,1.2999999999999996,0.25785013674463836
2024-11-06,102796.81048276849,102796.81048276849,0,0.9999999999999996,1.2999999999999996,0.2634478451798447
2024-11-07,102796.81048276849,102796.81048276849,0,0.9999999999999996,1.2999999999999996,0.24712776787690405
2024-11-08,102796.81048276849,102796.81048276849,0,0.9999999999999996,1.2999999999999996,0.23876166429305265
2024-11-11,102796.81048276849,102796.81048276849,0,0.9999999999999996,1.2999999999999996,0.2445416611151615
2024-11-12,102754.39839402704,102754.39839402704,0,-0.5,1.0999999999999996,0.24105785612376338
2024-11-13,102792.74452928637,0.0,1,-0.5,-0.5,0.25105202309295577
2024-11-14,102463.89594304396,0.0,1,-0.5,-0.5,0.24319733160772597
2024-11-15,100508.3314261607,0.0,1,-0.5,-0.5,0.254510076752633
2024-11-18,100898.73905594922,100898.73905594922,0,-0.5,2.1999999999999993,0.25625557983606967
2024-11-19,101163.9623799946,101163.9623799946,0,-0.5,2.499999999999999,0.25423084237701565
2024-11-20,101163.9623799946,101163.9623799946,0,0.9999999999999996,2.1499999999999995,0.24898009090284492
2024-11-21,102344.42194382695,0.0,1,-0.5,-0.5,0.24297424307410717
2024-11-22,103189.1306505399,103189.1306505399,0,0.09999999999999987,1.8999999999999995,0.24232879815635125
2024-11-25,103511.78175934633,103511.78175934633,0,0.7499999999999998,2.0999999999999996,0.24260995613787287
2024-11-26,103777.97947288079,0.0,1,1.1499999999999997,2.0999999999999996,0.23873196119158704
2024-11-27,103152.04743448977,103152.04743448977,0,1.7499999999999996,-0.5,0.2350651689254375
2024-11-29,103376.46842376573,103376.46842376573,0,1.7499999999999996,-0.5,0.24374003546535983
2024-12-02,103376.46842376573,103376.46842376573,0,1.7499999999999996,-0.5,0.24430937516331253
2024-12-03,103376.46842376573,103376.46842376573,0,1.7499999999999996,-0.5,0.2324439107461218
2024-12-04,103376.46842376573,103376.46842376573,0,1.7499999999999996,-0.5,0.23859424906878943
2024-12-05,103222.04517156233,103222.04517156233,0,1.4999999999999996,-0.5,0.22820143106761256
2024-12-06,103222.04517156233,103222.04517156233,0,1.3999999999999995,-0.5,0.2334392571848124
2024-12-09,102907.36281568148,0.0,1,2.499999999999999,-0.5,0.22441244571525046
2024-12-10,102708.69852003136,0.0,1,2.499999999999999,1.1999999999999997,0.23659773372867052
2024-12-11,103800.26316244208,103800.26316244208,0,-0.5,2.0499999999999994,0.22753020503715082
2024-12-12,103800.26316244208,103800.26316244208,0,-0.5,2.0499999999999994,0.23806485392773583
2024-12-13,103660.74344761095,103660.74344761095,0,-0.5,2.0499999999999994,0.24049523059087574
2024-12-16,104010.78441601111,104010.78441601111,0,-0.5,2.0499999999999994,0.24754342914876412
2024-12-17,103849.84350927947,0.0,1,1.8999999999999995,1.9499999999999993,0.24699882706704512
2024-12-18,100915.54285870361,0.0,1,2.4499999999999993,-0.5,0.27284026220982305
2024-12-19,100283.52461341159,0.0,1,2.349999999999999,-0.5,0.2606668088833806
2024-12-20,102086.55065688117,0.0,1,2.3999999999999995,-0.5,0.2679561444021427
2024-12-23,102382.48210532019,0.0,1,2.3999999999999995,-0.5,0.25660166883486385
2024-12-24,102635.29771358932,102635.29771358932,0,1.7999999999999994,-0.5,0.2647971857520872
2024-12-26,102635.29771358932,102635.29771358932,0,1.2999999999999996,-0.5,0.24916829543171023
2024-12-27,101904.56737333573,0.0,1,1.7499999999999996,-0.5,0.24056149207874752
2024-12-30,100249.44620266427,0.0,1,2.4499999999999993,2.0999999999999996,0.24047498829992367
2024-12-31,100001.58836466113,0.0,1,2.499999999999999,2.4499999999999993,0.22742820963318708
2025-01-02,99342.39629676953,99342.39629676953,0,-0.5,-0.5,0.23231473522066712
2025-01-03,99723.62110833636,99723.62110833636,0,-0.5,2.2499999999999996,0.24022252828965832
2025-01-06,99723.62110833636,99723.62110833636,0,-0.5,2.2499999999999996,0.24424670613378538
2025-01-07,99261.75601052646,99261.75601052646,0,0.9499999999999997,-0.5,0.2397277903705479
2025-01-08,99611.18314427725,0.0,1,1.2999999999999996,1.9499999999999993,0.2343877553238115
2025-01-10,99468.5066424774,0.0,1,2.0999999999999996,1.9999999999999996,0.23909461272865493
2025-01-13,98852.32833814334,98852.32833814334,0,2.0999999999999996,1.9999999999999996,0.23376004769530787
2025-01-14,98694.30819653593,0.0,1,2.499999999999999,2.1999999999999993,0.22425329645168782
2025-01-15,98791.82995132195,98791.82995132195,0,1.8499999999999996,-0.5,0.24444657525565802
2025-01-16,99019.64328180712,0.0,1,0.7499999999999998,2.499999999999999,0.24135448190452924
2025-01-17,99911.25113547574,99911.25113547574,0,0.6499999999999997,-0.5,0.23550772052556937
2025-01-21,99911.25113547574,99911.25113547574,0,0.6499999999999997,-0.5,0.219706415831333
2025-01-22,99911.25113547574,99911.25113547574,0,0.6499999999999997,-0.5,0.23558234770331987
2025-01-23,100461.30658157589,0.0,1,-0.5,-0.5,0.23673278845788506
2025-01-24,100689.0126537859,100689.0126537859,0,-0.5,-0.5,0.23365323465474605
2025-01-27,100864.47370221045,100864.47370221045,0,-0.5,-0.5,0.24217446097362438
2025-01-28,101322.21059035626,0.0,1,-0.5,2.1999999999999993,0.23815366638920296
2025-01-29,101401.84809197049,0.0,1,1.3499999999999996,1.3499999999999996,0.2309664635482036
2025-01-30,103147.91775688378,103147.91775688378,0,2.0999999999999996,1.3499999999999996,0.22985788521509196
2025-01-31,103147.91775688378,103147.91775688378,0,2.1499999999999995,2.3999999999999995,0.23670630120298586
2025-02-03,105030.32598389489,0.0,1,2.1499999999999995,-0.5,0.2416711135240409
2025-02-04,104382.05277630388,104382.05277630388,0,1.3499999999999996,-0.5,0.23486520710594058
2025-02-05,104625.473831561,104625.473831561,0,0.2999999999999998,-0.5,0.23511672076919546
2025-02-06,105256.7598881648,0.0,1,0.2999999999999998,1.9999999999999996,0.22614340727796325
2025-02-07,105775.46397767005,0.0,1,-0.5,-0.5,0.2474269828349813
2025-02-10,106835.5743368149,106835.5743368149,0,1.4999999999999996,2.1499999999999995,0.23928521099217234
2025-02-11,106746.69786878028,0.0,1,1.2499999999999996,2.2499999999999996,0.2433058504915682
2025-02-12,106718.71301878717,106718.71301878717,0,0.6999999999999997,2.499999999999999,0.23884446302484155
2025-02-13,106718.71301878717,106718.71301878717,0,0.6999999999999997,2.499999999999999,0.23596646099697882
2025-02-14,106718.71301878717,106718.71301878717,0,0.6999999999999997,2.499999999999999,0.23941108096474326
2025-02-18,107025.15869853534,107025.15869853534,0,0.6999999999999997,2.499999999999999,0.23131768357088547
2025-02-19,106991.33741747834,106991.33741747834,0,1.5499999999999994,-0.5,0.24247048803597746
2025-02-20,107952.53070853955,0.0,1,-0.5,2.349999999999999,0.2535099614141868
2025-02-21,106840.37201031433,0.0,1,2.1999999999999993,-0.5,0.2701995214736102
2025-02-24,107295.97720247797,0.0,1,1.8499999999999996,-0.5,0.2510757027302623
2025-02-25,106375.95555768415,0.0,1,2.4499999999999993,-0.5,0.24618402832916916
2025-02-26,105682.41222334726,0.0,1,2.2499999999999996,2.0999999999999996,0.248032986493288
2025-02-27,103644.6073271451,0.0,1,2.1999999999999993,1.4499999999999995,0.2511059466624971
2025-02-28,104106.56595312357,104106.56595312357,0,-0.5,1.1999999999999997,0.24986091727194984
2025-03-03,101579.1444844909,0.0,1,-0.5,1.1999999999999997,0.25154610572689834
2025-03-04,101340.57676099193,101340.57676099193,0,2.3999999999999995,-0.5,0.24302655593887526
2025-03-05,101195.62368169724,101195.62368169724,0,2.3999999999999995,-0.5,0.2403920951242364
2025-03-06,99859.81383434199,0.0,1,2.2499999999999996,-0.5,0.2514148392585367
2025-03-07,98884.48471274425,0.0,1,2.1499999999999995,-0.5,0.24635732665052504
2025-03-10,95381.68946442463,0.0,1,-0.5,-0.5,0.2521085277572429
2025-03-11,95269.9608527408,0.0,1,-0.5,-0.5,0.24266057665698512
2025-03-12,96008.3642854192,96008.3642854192,0,-0.5,-0.5,0.24907328993926112
2025-03-13,96615.79921231745,0.0,1,-0.5,-0.5,0.2541823819734141
2025-03-14,97141.41681899813,97141.41681899813,0,-0.5,-0.5,0.25655047742926745
2025-03-17,97141.41681899813,97141.41681899813,0,-0.5,-0.5,0.24165369773734757
2025-03-18,96015.39019249908,0.0,1,2.4499999999999993,2.0999999999999996,0.2464995275512636
2025-03-19,96464.62600790964,96464.62600790964,0,2.499999999999999,2.3999999999999995,0.25080979931313846
2025-03-20,96521.00392287805,0.0,1,1.0999999999999996,2.349999999999999,0.24603133154399762
2025-03-21,96961.77772037007,0.0,1,1.0999999999999996,-0.5,0.25183083951796575
2025-03-24,97986.53935031271,97986.53935031271,0,1.0999999999999996,-0.5,0.2517044003599617
2025-03-25,98684.7527009219,98684.7527009219,0,1.2499999999999996,-0.5,0.2544416095733089
2025-03-26,96811.53739713853,96811.53739713853,0,1.4999999999999996,1.7499999999999996,0.2519194699909076
2025-03-27,96042.30995568537,0.0,1,2.499999999999999,2.499999999999999,0.24633021311898687
2025-03-28,93244.37944378261,0.0,1,2.3999999999999995,-0.5,0.2477500719201018
2025-03-31,93491.15547185043,93491.15547185043,0,2.4499999999999993,1.9999999999999996,0.24624980521167542
2025-04-01,95126.07853598775,95126.07853598775,0,2.1499999999999995,2.1999999999999993,0.23889249856025926
2025-04-02,93975.86523707146,0.0,1,1.5999999999999996,2.499999999999999,0.23457332358956673
2025-04-03,94520.81602038724,0.0,1,2.2999999999999994,2.0499999999999994,0.23717210991963436
2025-04-04,88683.5007973677,0.0,1,2.2999999999999994,1.8999999999999995,0.2646951504168387
2025-04-07,90082.43996200642,0.0,1,2.2999999999999994,1.8999999999999995,0.27374228540921874
2025-04-08,91091.70073834744,0.0,1,-0.5,-0.5,0.2503847855040611
2025-04-09,94624.03348766502,94624.03348766502,0,-0.5,-0.5,0.28205248902386654
2025-04-10,90888.79827702478,0.0,1,-0.5,-0.5,0.25127522844809475
2025-04-11,94368.88723055077,0.0,1,-0.5,-0.5,0.25118036385942166
2025-04-14,94237.11728214181,0.0,1,-0.5,-0.5,0.24868839194038497
2025-04-15,93772.0705823459,0.0,1,-0.5,-0.5,0.2533523915266987
2025-04-16,92161.20858852567,0.0,1,-0.5,-0.5,0.24174435795434193
2025-04-17,92999.35234433216,92999.35234433216,0,-0.5,-0.5,0.2409612627706522
2025-04-21,92503.68549526784,0.0,1,-0.5,-0.5,0.23298019964620828
2025-04-22,96453.85436794555,0.0,1,-0.5,-0.5,0.19767294949441028
2025-04-23,96868.43075662809,0.0,1,-0.5,-0.5,0.19210915760121247
2025-04-24,99834.24646028009,0.0,1,-0.5,-0.5,0.192832048080382
2025-04-25,100143.09679112768,100143.09679112768,0,-0.5,-0.5,0.20243339247290562
2025-04-28,100232.45041644739,0.0,1,-0.5,-0.5,0.1961534500018538
2025-04-29,100861.31910770161,100861.31910770161,0,-0.5,-0.5,0.2037577565340427
2025-04-30,100310.87840541276,100310.87840541276,0,-0.5,-0.5,0.20585261539453348
2025-05-01,99861.63963484844,0.0,1,-0.5,-0.5,0.20091775235729722
2025-05-02,101008.2532760034,101008.2532760034,0,-0.5,-0.5,0.20694106864704717
2025-05-05,101298.44323211674,0.0,1,-0.5,-0.5,0.20731702429356538
2025-05-06,102166.86365847259,0.0,1,-0.5,1.5999999999999996,0.2063893569251519
2025-05-07,101763.27469825477,101763.27469825477,0,-0.5,1.3499999999999996,0.21118748504799364
2025-05-08,101697.06824825384,0.0,1,-0.5,2.0999999999999996,0.21637910473568334
2025-05-09,102023.9352432912,102023.9352432912,0,-0.5,2.3999999999999995,0.21505325397326056
2025-05-12,102215.11943628696,102215.11943628696,0,-0.5,2.3999999999999995,0.23121652237418303
2025-05-13,102215.11943628696,102215.11943628696,0,-0.5,2.3999999999999995,0.21785023234108733
2025-05-14,102975.33756722597,0.0,1,-0.5,1.8999999999999995,0.22346571310737384
2025-05-15,102696.91988381784,0.0,1,-0.5,2.1999999999999993,0.225312161274288
2025-05-16,101915.88583517316,0.0,1,2.499999999999999,-0.5,0.22503573514622496
2025-05-19,101597.03974253271,101597.03974253271,0,2.499999999999999,-0.5,0.2301837867157073
2025-05-20,101794.93272864033,101794.93272864033,0,-0.5,1.3499999999999996,0.23226028447299865
2025-05-21,101418.49738916202,0.0,1,2.1999999999999993,1.4999999999999996,0.20806655296464094
2025-05-22,101540.69113969596,0.0,1,-0.5,0.8999999999999997,0.2200932265564611
2025-05-23,100518.2353609405,0.0,1,-0.5,1.7499999999999996,0.22396461118380628
2025-05-27,102357.23579768304,102357.23579768304,0,-0.5,1.7499999999999996,0.23001578890473706
2025-05-28,102772.06612021636,102772.06612021636,0,1.0999999999999996,2.0999999999999996,0.21631243093552288
2025-05-29,101800.89967378591,0.0,1,1.5499999999999994,2.2999999999999994,0.2176121768159781
2025-05-30,101753.70134301858,101753.70134301858,0,1.8499999999999996,2.1999999999999993,0.22060735301166878
2025-06-02,102594.43234959815,102594.43234959815,0,1.8499999999999996,2.1999999999999993,0.21986983948403296
2025-06-03,102594.43234959815,102594.43234959815,0,1.8499999999999996,2.1999999999999993,0.22223421452294953
2025-06-04,102594.43234959815,102594.43234959815,0,1.8499999999999996,2.1999999999999993,0.22580843339130827
2025-06-05,101433.44351547553,101433.44351547553,0,1.9499999999999993,1.8499999999999996,0.21402418515168575
2025-06-06,101835.52029631773,101835.52029631773,0,2.1499999999999995,1.6999999999999993,0.22358757209228666
2025-06-09,102085.68529171869,0.0,1,-0.5,1.3999999999999995,0.2176820768985023
2025-06-10,102481.52717889198,102481.52717889198,0,1.4999999999999996,2.0999999999999996,0.220281852538091
2025-06-11,102171.88045137389,0.0,1,1.6999999999999993,1.4999999999999996,0.21219856786219068
2025-06-12,101887.46683027832,0.0,1,1.6999999999999993,1.4999999999999996,0.21428696158434235
2025-06-13,101293.5221201352,0.0,1,1.9999999999999996,1.8999999999999995,0.2097838663173782
2025-06-16,102059.6966911317,0.0,1,2.0499999999999994,-0.5,0.21372306248671932
2025-06-17,101616.28846623209,101616.28846623209,0,1.5499999999999994,-0.5,0.21011141490129473
2025-06-18,101866.0946828851,0.0,1,1.0999999999999996,1.4999999999999996,0.21451307670725947
2025-06-20,101433.19878641544,0.0,1,1.0999999999999996,1.4999999999999996,0.20846690058300843
2025-06-23,102876.85799511755,102876.85799511755,0,-0.5,2.499999999999999,0.2152382224470328
2025-06-24,103677.02920920118,0.0,1,-0.5,2.499999999999999,0.21045413820187212
2025-06-25,103846.85588589363,0.0,1,0.9499999999999997,2.2999999999999994,0.20801427257936414
2025-06-26,104451.22781002441,104451.22781002441,0,1.2499999999999996,2.3999999999999995,0.20792295300194896
2025-06-27,104321.68062540586,0.0,1,0.9499999999999997,2.3999999999999995,0.20943609047002298
2025-06-30,105302.81003832583,105302.81003832583,0,0.9499999999999997,2.3999999999999995,0.2107539670580607
2025-07-01,104738.32222307069,0.0,1,1.8999999999999995,0.44999999999999973,0.208331526460889
2025-07-02,104839.9989023946,104839.9989023946,0,2.1999999999999993,1.0999999999999996,0.21186925511687968
2025-07-03,104839.9989023946,104839.9989023946,0,-0.5,2.499999999999999,0.21211877610734883
2025-07-07,104467.03756855977,0.0,1,2.0999999999999996,1.0499999999999996,0.20886769053516704
2025-07-08,105036.61604647903,0.0,1,1.7999999999999994,1.2999999999999996,0.21093179781617213
2025-07-09,105085.67933911733,105085.67933911733,0,1.4499999999999995,1.1499999999999997,0.21321580156495534
2025-07-10,105672.48670012999,0.0,1,1.6999999999999993,1.2999999999999996,0.2128281776189089
2025-07-11,105468.98344852155,0.0,1,2.2499999999999996,-0.5,0.21217894826144432
2025-07-14,105388.95278357418,105388.95278357418,0,1.2999999999999996,2.1499999999999995,0.21274519513132928
2025-07-15,105100.84379554751,0.0,1,1.5499999999999994,0.5999999999999996,0.20797998100949225
2025-07-16,106353.99288571022,0.0,1,1.4999999999999996,0.19999999999999984,0.20811802262053522
2025-07-17,106848.89088546664,106848.89088546664,0,-0.5,0.7999999999999998,0.21079129582452705
2025-07-18,106885.09599178917,106885.09599178917,0,1.2999999999999996,0.7999999999999998,0.20867222487733375
2025-07-21,106889.4312937098,0.0,1,2.0499999999999994,1.5999999999999996,0.21000082106269238
2025-07-22,106665.90834601261,106665.90834601261,0,2.0999999999999996,1.1999999999999997,0.21166103952648455
2025-07-23,106709.26209070816,106709.26209070816,0,2.0999999999999996,1.5999999999999996,0.21563442022162213
2025-07-24,106709.26209070816,106709.26209070816,0,2.0499999999999994,1.2499999999999996,0.21305639818664865
2025-07-25,106850.90904445206,106850.90904445206,0,-0.5,1.0499999999999996,0.21473560163061203
2025-07-28,106963.86303668986,106963.86303668986,0,-0.5,1.0499999999999996,0.21294304767417324
2025-07-29,107035.49777691992,0.0,1,-0.5,1.9999999999999996,0.20975611351696158
2025-07-30,108196.73461854417,0.0,1,-0.5,1.9999999999999996,0.21335753409140476
2025-07-31,107539.45324348072,0.0,1,1.1999999999999997,0.7999999999999998,0.20933011827764628
2025-08-01,106442.53158549796,106442.53158549796,0,2.499999999999999,-0.5,0.21281856121275947
2025-08-04,106442.53158549796,106442.53158549796,0,2.499999999999999,-0.5,0.2167095792076028
2025-08-05,106442.53158549796,106442.53158549796,0,2.499999999999999,-0.5,0.21337880050444066
2025-08-06,106442.53158549796,106442.53158549796,0,-0.5,2.4499999999999993,0.21559948405388185
2025-08-07,106442.53158549796,106442.53158549796,0,1.4499999999999995,-0.5,0.2121009397947425
2025-08-08,107129.86056588274,0.0,1,1.1499999999999997,-0.5,0.19228815041789782
2025-08-11,106518.78781116642,0.0,1,-0.5,1.9499999999999993,0.1965825453300404
2025-08-12,107995.55471801395,0.0,1,-0.5,-0.5,0.19642762858925364
2025-08-13,107960.19786801499,0.0,1,2.4499999999999993,-0.5,0.19767551508896028
2025-08-14,107697.96944711269,0.0,1,2.3999999999999995,1.4999999999999996,0.1977918039733038
2025-08-15,107327.84776642923,0.0,1,2.4499999999999993,1.2999999999999996,0.19938384244574256
2025-08-18,107374.34546500756,0.0,1,-0.5,1.1499999999999997,0.19552654075681133
2025-08-19,106010.50668382367,0.0,1,2.1999999999999993,1.1499999999999997,0.20557888690367246
2025-08-20,105122.06439273054,105122.06439273054,0,2.1999999999999993,-0.5,0.20021085281642914
2025-08-21,105497.65086594732,105497.65086594732,0,2.0999999999999996,-0.5,0.2010421598382192
2025-08-22,105772.55361822447,105772.55361822447,0,1.4999999999999996,1.9499999999999993,0.20282663101933282
2025-08-25,105629.94559825277,0.0,1,1.1499999999999997,-0.5,0.20255705842360947
2025-08-26,106183.70920827273,0.0,1,1.4499999999999995,-0.5,0.19887932079049694
2025-08-27,106142.9345948753,106142.9345948753,0,-0.5,2.3999999999999995,0.20241108261628363
2025-08-28,106142.9345948753,106142.9345948753,0,-0.5,2.3999999999999995,0.20389911012191655
2025-08-29,105716.49964973249,105716.49964973249,0,1.6499999999999995,-0.5,0.2027081706269848
2025-09-02,105716.49964973249,105716.49964973249,0,1.6499999999999995,-0.5,0.19970839561587794
2025-09-03,105736.9175570989,0.0,1,1.5499999999999994,0.7999999999999998,0.1998248580529516
2025-09-04,106956.42347889324,0.0,1,1.4999999999999996,2.3999999999999995,0.1989915075612554
2025-09-05,107244.13035542006,107244.13035542006,0,1.4999999999999996,2.3999999999999995,0.20093463908758022
2025-09-08,107420.40580888241,0.0,1,1.1499999999999997,-0.5,0.19850460362078745
2025-09-09,107787.80096451979,0.0,1,1.3999999999999995,2.0999999999999996,0.19781045678040465
2025-09-10,107856.45561481566,0.0,1,-0.5,2.1499999999999995,0.19623399652354143
2025-09-11,108424.24812807344,0.0,1,0.8999999999999997,-0.5,0.19236229421619425
2025-09-12,108852.87580965036,0.0,1,0.6999999999999997,2.1499999999999995,0.19506321441734395
2025-09-15,109763.94157438747,0.0,1,0.6999999999999997,2.1499999999999995,0.165976357983707
2025-09-16,109771.3636987438,0.0,1,-0.5,2.3999999999999995,0.1824061912212671
2025-09-17,109711.9867038933,109711.9867038933,0,1.6499999999999995,1.4499999999999995,0.20366551693015492
2025-09-18,109839.0747588671,0.0,1,1.1499999999999997,-0.5,0.18625956443988098
2025-09-19,110454.254619175,0.0,1,1.5999999999999996,-0.5,0.16783724977194472
2025-09-22,110923.92786581726,0.0,1,-0.5,1.8499999999999996,0.17557055839460686
2025-09-23,110216.65521205007,0.0,1,-0.5,1.8499999999999996,0.2076802280514802
2025-09-24,109690.18656212995,109690.18656212995,0,1.8999999999999995,-0.5,0.2096831171727006
2025-09-25,109573.55068507484,0.0,1,1.9999999999999996,1.5999999999999996,0.19318860768338753
2025-09-26,110124.29221794168,0.0,1,1.7999999999999994,1.8999999999999995,0.18111703176713892
2025-09-29,110538.07803454521,0.0,1,1.7999999999999994,1.8999999999999995,0.19868203039165186
2025-09-30,110604.57932649934,0.0,1,0.8499999999999996,2.1499999999999995,0.18674152603179994
2025-10-01,111470.94338001298,0.0,1,0.7999999999999998,2.3999999999999995,0.1749962333159691
2025-10-02,111953.07774668046,0.0,1,0.7999999999999998,2.3999999999999995,0.17803636133164444
2025-10-03,111384.12224885063,0.0,1,0.8499999999999996,1.8499999999999996,0.17870926780898752
2025-10-06,112086.08033058874,0.0,1,0.8499999999999996,1.8499999999999996,0.17094922296110412
2025-10-07,111611.31652377949,0.0,1,2.1999999999999993,-0.5,0.19060181544333812
2025-10-08,113168.57358295331,0.0,1,-0.5,1.7499999999999996,0.1649909314708817
2025-10-09,112974.6668991637,0.0,1,1.8499999999999996,0.7999999999999998,0.19288099506826054
2025-10-10,111305.9524162589,111305.9524162589,0,2.2999999999999994,1.0999999999999996,0.22648862853686327
2025-10-13,111899.09328727533,0.0,1,2.2999999999999994,1.0999999999999996,0.16844471632883504
2025-10-14,111671.0960665826,0.0,1,-0.5,2.4499999999999993,0.20076578229261813
2025-10-15,112434.27954235762,0.0,1,2.2999999999999994,-0.5,0.188305446569676
2025-10-16,113450.26142542911,0.0,1,1.5499999999999994,2.499999999999999,0.20544566433118105
2025-10-17,113197.18165645938,113197.18165645938,0,1.8999999999999995,-0.5,0.20011156103790492
2025-10-20,113197.18165645938,113197.18165645938,0,1.8999999999999995,-0.5,0.1654006964705858
2025-10-21,113032.33319019266,0.0,1,-0.5,-0.5,0.1915466850177164
2025-10-22,111931.58997072083,0.0,1,2.0999999999999996,2.2499999999999996,0.18978143002949718
2025-10-23,113310.16768390062,0.0,1,1.3999999999999995,-0.5,0.1793185048190112
2025-10-24,114378.90436969728,0.0,1,1.5499999999999994,-0.5,0.16345165103576811
2025-10-27,116494.15098179398,0.0,1,2.499999999999999,2.2499999999999996,0.17411659801186916
2025-10-28,117340.62007262424,0.0,1,-0.5,2.499999999999999,0.16345261263248742
2025-10-29,117562.88766759064,0.0,1,-0.5,2.4499999999999993,0.17157044677967628
2025-10-30,117298.01878358902,0.0,1,2.4499999999999993,2.349999999999999,0.19703091241727635
2025-10-31,117591.89706684843,0.0,1,2.499999999999999,1.8999999999999995,0.2037110153078349
2025-11-03,118207.82732741466,0.0,1,2.349999999999999,-0.5,0.20290799898256595
2025-11-04,116863.9166861363,116863.9166861363,0,1.8999999999999995,1.0999999999999996,0.22189063116220664
2025-11-05,117548.94715716888,0.0,1,1.5499999999999994,1.0499999999999996,0.19546779805841183
2025-11-06,117921.5341308588,117921.5341308588,0,1.1999999999999997,0.9499999999999997,0.2386411807980647
2025-11-07,118215.06823805776,0.0,1,1.3999999999999995,1.8499999999999996,0.19882997396206892
2025-11-10,120468.7149689867,0.0,1,1.3999999999999995,1.8499999999999996,0.18747919571942703
2025-11-11,120208.0103343034,0.0,1,-0.5,2.499999999999999,0.18720175343412934
2025-11-12,119653.77159242114,0.0,1,1.3499999999999996,2.499999999999999,0.1887344459173436
2025-11-13,119087.85080632851,0.0,1,2.1999999999999993,-0.5,0.21741468101296055
2025-11-14,119643.64107828337,0.0,1,2.3999999999999995,-0.5,0.21245385310452858
2025-11-17,120819.55256679986,120819.55256679986,0,2.349999999999999,0.7499999999999998,0.21487672291658108
2025-11-18,121859.46434067468,121859.46434067468,0,2.499999999999999,-0.5,0.20601992194041496
2025-11-19,123632.19469557212,123632.19469557212,0,2.1999999999999993,1.9499999999999993,0.2078589538623138
2025-11-20,123508.27355504782,123508.27355504782,0,-0.5,1.3499999999999996,0.2730151813867108
2025-11-21,124460.12140268536,124460.12140268536,0,-0.5,0.6999999999999997,0.21667736182449474
2025-11-24,124460.12140268536,124460.12140268536,0,-0.5,0.6999999999999997,0.19406272299514246
2025-11-25,124767.34617251619,124767.34617251619,0,1.6499999999999995,-0.5,0.21015538325829083
2025-11-26,124948.10659981439,0.0,1,1.6499999999999995,-0.5,0.185253097586207
2025-11-28,125742.2338703041,0.0,1,1.6499999999999995,-0.5,0.1617892493004656
2025-12-01,125390.86809589305,0.0,1,-0.5,2.2999999999999994,0.17493056251055217
2025-12-02,126477.46167571913,0.0,1,1.4999999999999996,-0.5,0.1709430762849983
2025-12-03,126518.08199646029,0.0,1,2.349999999999999,2.2999999999999994,0.1742337917973715
2025-12-04,126629.7878784985,0.0,1,2.349999999999999,2.3999999999999995,0.16498388025151176
2025-12-05,127042.08413402128,0.0,1,1.4999999999999996,2.499999999999999,0.17620183058981664
2025-12-08,127021.77397365069,0.0,1,1.4999999999999996,2.499999999999999,0.20952451440473538
2025-12-09,126720.9195680813,0.0,1,1.6499999999999995,-0.5,0.17608813874397652
2025-12-10,126887.72691520487,0.0,1,2.3999999999999995,1.6499999999999995,0.19233135610181903
2025-12-11,126739.46274449961,0.0,1,1.7499999999999996,1.7499999999999996,0.1821890387705889
2025-12-12,124461.12988460895,0.0,1,2.499999999999999,1.2499999999999996,0.22336696102472584
2025-12-15,125331.96863081836,125331.96863081836,0,2.2999999999999994,1.7999999999999994,0.21380634377272056
2025-12-16,126827.67112353045,126827.67112353045,0,1.7999999999999994,1.1499999999999997,0.20477012925994578
2025-12-17,125282.65908610639,0.0,1,1.4999999999999996,1.1999999999999997,0.22115916611285638
2025-12-18,126249.84011346225,126249.84011346225,0,2.2499999999999996,1.4499999999999995,0.20006812671413968
2025-12-19,126249.84011346225,126249.84011346225,0,2.2499999999999996,1.4499999999999995,0.1789625878446963
2025-12-22,126249.84011346225,126249.84011346225,0,2.2499999999999996,1.4499999999999995,0.18225882229929757
2025-12-23,126249.84011346225,126249.84011346225,0,1.3499999999999996,-0.5,0.17608287771886078
2025-12-24,126100.063145263,0.0,1,1.3499999999999996,-0.5,0.15775599156877124
2025-12-26,126136.49538077094,0.0,1,1.3499999999999996,-0.5,0.15732050940324088
2025-12-29,125479.98649691814,0.0,1,1.3499999999999996,-0.5,0.17458648732694293
2025-12-30,125075.91252487358,0.0,1,1.3499999999999996,-0.5,0.1701071334748625
2025-12-31,124327.02768387733,0.0,1,1.3999999999999995,0.8499999999999996,0.17680068260699514
2026-01-02,124211.65893810225,0.0,1,1.4999999999999996,-0.5,0.17737803889042025
2026-01-05,124964.22748291094,0.0,1,-0.5,-0.5,0.1662937723434655
2026-01-06,126275.80820132706,0.0,1,0.5499999999999998,1.9999999999999996,0.1537492886712618
2026-01-07,126349.01675456716,0.0,1,0.8499999999999996,1.6499999999999995,0.16262778785892099
2026-01-08,125509.05132480113,0.0,1,1.4499999999999995,-0.5,0.16851396308830655
2026-01-09,126879.30818251584,0.0,1,0.6499999999999997,2.0999999999999996,0.1672450639322949
2026-01-12,126585.82628536866,0.0,1,-0.5,2.349999999999999,0.14886936674174742
2026-01-13,126743.69930590302,0.0,1,0.9499999999999997,2.1499999999999995,0.15723583301740876
2026-01-14,125247.95363699431,0.0,1,0.9999999999999996,-0.5,0.17565193057810422
2026-01-15,126043.39077891735,0.0,1,1.5499999999999994,2.3999999999999995,0.16209586786181895
2026-01-16,125716.73530732712,0.0,1,0.9999999999999996,-0.5,0.17067137543323463
2026-01-20,123256.32476256111,0.0,1,0.9999999999999996,-0.5,0.19194351186803016
2026-01-21,125123.98283561319,0.0,1,1.4499999999999995,2.4499999999999993,0.1961869256795351
2026-01-22,125600.13191357092,0.0,1,1.5999999999999996,1.9999999999999996,0.16775685252602654
2026-01-23,125810.62927428339,0.0,1,1.9999999999999996,2.499999999999999,0.18707603502458445
2026-01-26,126869.18811709699,0.0,1,1.9999999999999996,2.1999999999999993,0.18556363295479092
2026-01-27,128379.10187759208,0.0,1,0.9999999999999996,2.0499999999999994,0.18385345958700272
2026-01-28,128164.55649071209,0.0,1,0.9499999999999997,-0.5,0.18122225567893027
2026-01-29,127211.74089702286,0.0,1,1.9499999999999993,-0.5,0.2541576635547125
2026-01-30,127370.49603089977,0.0,1,1.6999999999999993,-0.5,0.2566746146867136
2026-02-02,126887.31269781593,126887.31269781593,0,2.0999999999999996,2.4499999999999993,0.21697262086079014
2026-02-03,125050.72425204793,0.0,1,1.9499999999999993,2.349999999999999,0.23303727438618624
2026-02-04,122815.49645371015,122815.49645371015,0,2.3999999999999995,1.8999999999999995,0.22541546274160484
2026-02-05,121191.04174451904,0.0,1,2.1499999999999995,-0.5,0.29627750447783674
2026-02-06,123769.52235638848,123769.52235638848,0,-0.5,2.349999999999999,0.2063955590480422
2026-02-09,124996.43378135812,0.0,1,1.9999999999999996,-0.5,0.20117631525491542
2026-02-10,125228.38718508372,125228.38718508372,0,2.1499999999999995,-0.5,0.21737581937986347
2026-02-11,125228.38718508372,125228.38718508372,0,1.1499999999999997,-0.5,0.20619883298873068
2026-02-12,122515.32511596326,0.0,1,2.0499999999999994,-0.5,0.2861426383886348
2026-02-13,122666.45001900842,0.0,1,2.1999999999999993,-0.5,0.19135562850820775
2026-02-17,122216.98087554592,122216.98087554592,0,2.3999999999999995,1.1499999999999997,0.21057291572359652
2026-02-18,122396.91390171417,0.0,1,2.499999999999999,1.3999999999999995,0.19052075210887887
2026-02-19,122182.6116458284,0.0,1,2.4499999999999993,1.3499999999999996,0.18195771199820046
2026-02-20,123072.16817969394,0.0,1,2.3999999999999995,1.3499999999999996,0.1865475125535808
2026-02-23,121816.68043530642,0.0,1,1.6999999999999993,-0.5,0.2037000127088504
2026-02-24,123082.27677666968,0.0,1,1.7499999999999996,2.2499999999999996,0.18382929837868323
2026-02-25,124305.43722792876,0.0,1,1.4999999999999996,2.1499999999999995,0.15437945564349295
2026-02-26,122692.08493340593,0.0,1,1.3999999999999995,-0.5,0.18356926529754666
2026-02-27,122390.84874352874,0.0,1,1.4499999999999995,0.9999999999999996,0.16473139534647885
2026-03-02,121353.70669381731,121353.70669381731,0,1.4499999999999995,0.9999999999999996,0.212012257594824
2026-03-03,122582.44928563481,0.0,1,1.4499999999999995,0.9999999999999996,0.24494024963721298
2026-03-04,124878.67159277866,0.0,1,2.4499999999999993,2.2999999999999994,0.1955037416723541
2026-03-05,125652.18748477109,125652.18748477109,0,1.1999999999999997,1.9499999999999993,0.22785760063080054
2026-03-06,124808.04873047734,0.0,1,-0.5,1.8999999999999995,0.24389365071275124
2026-03-09,124543.33195337,0.0,1,-0.5,1.8999999999999995,0.24031976894486032
2026-03-10,125829.72399552594,125829.72399552594,0,-0.5,1.8999999999999995,0.23091639788310214
2026-03-11,125384.27892268683,0.0,1,1.9999999999999996,-0.5,0.23983685911646066
2026-03-12,124645.30746278244,0.0,1,2.349999999999999,-0.5,0.252446954547151
2026-03-13,123454.01757069904,0.0,1,2.3999999999999995,2.1999999999999993,0.289162283083114
2026-03-16,124387.12492812847,124387.12492812847,0,1.8999999999999995,1.7499999999999996,0.219737637116288
2026-03-17,125621.42153258597,125621.42153258597,0,1.8999999999999995,2.499999999999999,0.22132677758353195
2026-03-18,124620.99716249376,0.0,1,2.1999999999999993,1.5999999999999996,0.27410292899140015
2026-03-19,124996.0432695905,124996.0432695905,0,2.1499999999999995,0.6499999999999997,0.2862837056702156
2026-03-20,124350.31002322517,0.0,1,2.3999999999999995,1.4999999999999996,0.2955732988324074
2026-03-23,125328.03795518706,125328.03795518706,0,-0.5,-0.5,0.25387603637451683
2026-03-24,126045.04352286791,0.0,1,1.7999999999999994,-0.5,0.2238339202380215
2026-03-25,126890.4250486926,0.0,1,-0.5,-0.5,0.2149453821923286
2026-03-26,124983.13121380929,0.0,1,-0.5,-0.5,0.2623351013835285
2026-03-27,121583.91303563974,0.0,1,-0.5,-0.5,0.2314293874027337
