date,equity,cash,pos,buy_th,sell_th,p_day,daily_action,daily_buy_level,daily_sell_level,SPY,Return %,SPY %
1/2/2024,100000,100000,0,1.8,1.4,0.136849899,FORCE_BUY,0.2,0.3,475.31,0.00%,0.00%
1/3/2024,100000,100000,0,0.45,-0.5,0.170238071,FORCE_BUY,0.2,0.3,472.65,0.00%,-0.56%
1/4/2024,99684.62325,0,1,0.35,-0.5,0.271772601,FREE,0.2,0.3,468.79,-0.32%,-1.37%
1/5/2024,99823.13331,0,1,0.35,-0.5,0.239446314,FREE,0.2,0.3,467.28,-0.18%,-1.69%
1/8/2024,100128.485,100128.485,0,-0.5,-0.5,0.285283055,FREE,0.2,0.3,467.92,0.13%,-1.55%
1/9/2024,100128.485,100128.485,0,-0.5,-0.5,0.244832186,FREE,0.2,0.3,474.6,0.13%,-0.15%
1/10/2024,100436.9721,100436.9721,0,-0.5,-0.5,0.242635395,FREE,0.2,0.3,473.88,0.44%,-0.30%
1/11/2024,100964.7608,100964.7608,0,0.05,-0.5,0.284714081,FREE,0.2,0.3,476.56,0.96%,0.26%
1/12/2024,100865.0939,0,1,-0.05,-0.5,0.160988496,FORCE_BUY,0.2,0.3,476.35,0.87%,0.22%
1/16/2024,100674.2422,0,1,1.3,1.5,0.176031914,FORCE_BUY,0.2,0.3,476.68,0.67%,0.29%
1/17/2024,100158.9428,0,1,-0.5,-0.5,0.149350798,FORCE_BUY,0.2,0.3,474.93,0.16%,-0.08%
1/18/2024,101096.2364,0,1,1.25,1.55,0.168544681,FORCE_BUY,0.2,0.3,472.29,1.10%,-0.64%
1/19/2024,102347.375,0,1,1.25,1.55,0.162622165,FORCE_BUY,0.2,0.3,476.49,2.35%,0.25%
1/22/2024,102538.2266,0,1,1.25,1.55,0.159250967,FORCE_BUY,0.2,0.3,482.43,2.54%,1.50%
1/23/2024,103053.5261,0,1,-0.5,1.55,0.139463865,FORCE_BUY,0.2,0.3,483.45,3.05%,1.71%
1/24/2024,102947.4974,0,1,-0.5,2,0.19709623,FORCE_BUY,0.2,0.3,484.86,2.95%,2.01%
1/25/2024,103259.2217,0,1,1.5,1.75,0.153638429,FORCE_BUY,0.2,0.3,485.39,3.26%,2.12%
1/26/2024,103218.9308,0,1,1,1.45,0.152406312,FORCE_BUY,0.2,0.3,488.03,3.22%,2.68%
1/29/2024,104181.6713,0,1,1,1.45,0.143159327,FORCE_BUY,0.2,0.3,487.41,4.18%,2.55%
1/30/2024,103740.592,0,1,1.25,1.25,0.131180068,FORCE_BUY,0.2,0.3,491.27,3.74%,3.36%
1/31/2024,103995.7806,103995.7806,0,1.85,1.05,0.269474393,FREE,0.2,0.3,490.89,4.00%,3.28%
2/1/2024,105641.3922,0,1,1,2.35,0.183170604,FORCE_BUY,0.2,0.3,482.88,5.64%,1.59%
2/2/2024,106043.1277,0,1,0.9,2.25,0.196786697,FORCE_BUY,0.2,0.3,489.2,6.04%,2.92%
2/5/2024,105819.7026,0,1,0.9,2.25,0.182272362,FORCE_BUY,0.2,0.3,494.35,5.82%,4.01%
2/6/2024,106088.2424,0,1,0.95,2.5,0.144162826,FORCE_BUY,0.2,0.3,492.55,6.09%,3.63%
2/7/2024,106934.6797,0,1,0.95,2.5,0.127533228,FORCE_BUY,0.2,0.3,493.98,6.93%,3.93%
2/8/2024,106999.1292,0,1,0.75,-0.5,0.116489263,FORCE_BUY,0.2,0.3,498.1,7.00%,4.79%
2/9/2024,107630.7347,0,1,0.8,1.8,0.13468036,FORCE_BUY,0.2,0.3,498.32,7.63%,4.84%
2/12/2024,107458.8693,0,1,1.85,-0.5,0.177416516,FORCE_BUY,0.2,0.3,501.2,7.46%,5.45%
2/13/2024,107191.5701,107191.5701,0,2.2,-0.5,0.225449662,FREE,0.2,0.3,500.98,7.19%,5.40%
2/14/2024,107191.5701,107191.5701,0,1.75,2.05,0.156394544,FORCE_BUY,0.2,0.3,494.08,7.19%,3.95%
2/15/2024,107191.5701,107191.5701,0,1.75,2.05,0.140585591,FORCE_BUY,0.2,0.3,498.57,7.19%,4.89%
2/16/2024,106912.6768,0,1,1.2,-0.5,0.202777524,FREE,0.2,0.3,502.01,6.91%,5.62%
2/20/2024,106421.3955,0,1,2,1.45,0.164350775,FORCE_BUY,0.2,0.3,499.51,6.42%,5.09%
2/21/2024,107459.7367,0,1,1.8,-0.5,0.138051239,FORCE_BUY,0.2,0.3,496.76,7.46%,4.51%
2/22/2024,108841.3313,0,1,1.65,2.5,0.160688959,FORCE_BUY,0.2,0.3,497.21,8.84%,4.61%
2/23/2024,108779.1166,0,1,1.35,1.85,0.159436774,FORCE_BUY,0.2,0.3,507.5,8.78%,6.77%
2/26/2024,108497.9921,0,1,1.35,1.85,0.191071414,FORCE_BUY,0.2,0.3,507.85,8.50%,6.85%
2/27/2024,108704.0299,0,1,0.95,1.6,0.127555439,FORCE_BUY,0.2,0.3,505.99,8.70%,6.45%
2/28/2024,108504.514,0,1,0.9,1.65,0.145464058,FORCE_BUY,0.2,0.3,506.93,8.50%,6.65%
2/29/2024,109107.3526,0,1,0.85,2.3,0.164240147,FORCE_BUY,0.2,0.3,506.26,9.11%,6.51%
3/1/2024,109843.2018,0,1,-0.5,2.1,0.136461283,FORCE_BUY,0.2,0.3,508.08,9.84%,6.89%
3/4/2024,109753.0978,0,1,0.9,0.85,0.159440689,FORCE_BUY,0.2,0.3,512.85,9.75%,7.90%
3/5/2024,108761.9539,0,1,2,-0.5,0.211777908,FREE,0.2,0.3,512.3,8.76%,7.78%
3/6/2024,109182.4392,0,1,1.05,1.6,0.19169271,FORCE_BUY,0.2,0.3,507.18,9.18%,6.71%
3/7/2024,110465.3484,0,1,0.2,1.25,0.158840119,FORCE_BUY,0.2,0.3,509.75,10.47%,7.25%
3/8/2024,109535.069,0,1,0.75,1.3,0.2246774,FREE,0.2,0.3,514.81,9.54%,8.31%
3/11/2024,109759.8595,0,1,1.75,1.75,0.141773696,FORCE_BUY,0.2,0.3,511.72,9.76%,7.66%
3/12/2024,110684.7119,0,1,1.35,1.85,0.171749649,FORCE_BUY,0.2,0.3,511.28,10.68%,7.57%
3/13/2024,110586.2323,0,1,1.3,1.15,0.15836854,FORCE_BUY,0.2,0.3,516.78,10.59%,8.72%
3/14/2024,110093.834,0,1,-0.5,1.05,0.190807789,FORCE_BUY,0.2,0.3,515.97,10.09%,8.55%
3/15/2024,109139.0095,0,1,2.45,-0.5,0.16690548,FORCE_BUY,0.2,0.3,514.95,9.14%,8.34%
3/18/2024,109712.7605,0,1,2.45,-0.5,0.18438448,FORCE_BUY,0.2,0.3,509.83,9.71%,7.26%
3/19/2024,110350.7375,0,1,1.55,2.3,0.145283091,FORCE_BUY,0.2,0.3,512.86,10.35%,7.90%
3/20/2024,111727.3974,0,1,0.65,2.45,0.151215026,FORCE_BUY,0.2,0.3,515.71,11.73%,8.50%
3/21/2024,111934.9754,0,1,0.45,1.8,0.178064801,FORCE_BUY,0.2,0.3,520.48,11.93%,9.50%
3/22/2024,111485.3944,0,1,1.5,-0.5,0.16768622,FORCE_BUY,0.2,0.3,522.2,11.49%,9.87%
3/25/2024,111425.4502,0,1,1.65,-0.5,0.161126276,FORCE_BUY,0.2,0.3,521.21,11.43%,9.66%
3/26/2024,111262.7447,0,1,1.95,1.3,0.184524375,FORCE_BUY,0.2,0.3,519.77,11.26%,9.35%
3/27/2024,111845.0592,0,1,1.8,1.65,0.13244812,FORCE_BUY,0.2,0.3,518.81,11.85%,9.15%
3/28/2024,111956.384,0,1,1.6,1.65,0.162377064,FORCE_BUY,0.2,0.3,523.17,11.96%,10.07%
4/1/2024,111682.3537,0,1,1.6,1.65,0.180080592,FORCE_BUY,0.2,0.3,523.07,11.68%,10.05%
4/2/2024,111050.7994,0,1,2.3,1.3,0.138614972,FORCE_BUY,0.2,0.3,522.16,11.05%,9.86%
4/3/2024,111474.6901,0,1,1.35,1.65,0.166669667,FORCE_BUY,0.2,0.3,518.84,11.47%,9.16%
4/4/2024,109907.579,0,1,1.75,-0.5,0.324153255,FORCE_SELL,0.2,0.3,519.41,9.91%,9.28%
4/5/2024,111005.8413,0,1,1.7,-0.5,0.194604043,FORCE_BUY,0.2,0.3,513.07,11.01%,7.94%
4/8/2024,111070.0671,0,1,1.5,1.7,0.15939734,FORCE_BUY,0.2,0.3,518.43,11.07%,9.07%
4/9/2024,111228.4909,0,1,1.55,1.85,0.180172595,FORCE_BUY,0.2,0.3,518.72,11.23%,9.13%
4/10/2024,109871.1843,0,1,1.9,-0.5,0.178670583,FORCE_BUY,0.2,0.3,519.32,9.87%,9.26%
4/11/2024,110950.1788,0,1,2.25,-0.5,0.189050245,FORCE_BUY,0.2,0.3,514.12,10.95%,8.17%
4/12/2024,110465.9779,110465.9779,0,2.15,-0.5,0.222258118,FREE,0.2,0.3,518,10.47%,8.98%
4/15/2024,110097.1615,0,1,2.5,-0.5,0.269269653,FREE,0.2,0.3,510.85,10.10%,7.48%
4/16/2024,110188.82,0,1,2.5,-0.5,0.169512231,FORCE_BUY,0.2,0.3,504.45,10.19%,6.13%
4/17/2024,109348.6169,0,1,1.9,-0.5,0.199158119,FORCE_BUY,0.2,0.3,503.53,9.35%,5.94%
4/18/2024,108829.2186,0,1,1.55,-0.5,0.192498482,FORCE_BUY,0.2,0.3,500.55,8.83%,5.31%
4/19/2024,107962.8273,0,1,1.55,-0.5,0.183812515,FORCE_BUY,0.2,0.3,499.52,7.96%,5.09%
4/22/2024,108975.4357,0,1,0.55,-0.5,0.165281001,FORCE_BUY,0.2,0.3,495.16,8.98%,4.18%
4/23/2024,110520.5365,0,1,0.55,2.25,0.142366695,FORCE_BUY,0.2,0.3,499.72,10.52%,5.14%
4/24/2024,109651.9629,0,1,1.15,1.65,0.150991719,FORCE_BUY,0.2,0.3,505.65,9.65%,6.38%
4/25/2024,110664.5714,0,1,0.75,2.4,0.145802741,FORCE_BUY,0.2,0.3,505.41,10.66%,6.33%
4/26/2024,111013.7467,0,1,-0.5,-0.5,0.145796562,FORCE_BUY,0.2,0.3,503.49,11.01%,5.93%
4/29/2024,111262.5341,0,1,0.65,1.35,0.124513475,FORCE_BUY,0.2,0.3,508.26,11.26%,6.93%
4/30/2024,110075.9608,0,1,1.45,-0.5,0.232696587,FREE,0.2,0.3,510.06,10.08%,7.31%
5/1/2024,109705.4936,0,1,1.85,-0.5,0.241812502,FREE,0.2,0.3,501.98,9.71%,5.61%
5/2/2024,110622.8184,0,1,0.55,2.3,0.164219773,FORCE_BUY,0.2,0.3,500.35,10.62%,5.27%
5/3/2024,111896.1526,0,1,1.1,2.45,0.141393376,FORCE_BUY,0.2,0.3,505.03,11.90%,6.25%
5/6/2024,112798.1887,0,1,-0.5,2,0.121270534,FORCE_BUY,0.2,0.3,511.29,12.80%,7.57%
5/7/2024,112988.206,0,1,-0.5,2,0.144967168,FORCE_BUY,0.2,0.3,516.57,12.99%,8.68%
5/8/2024,112916.1304,0,1,0.3,1.65,0.138318318,FORCE_BUY,0.2,0.3,517.14,12.92%,8.80%
5/9/2024,113695.8565,0,1,1.1,2.1,0.118685745,FORCE_BUY,0.2,0.3,517.19,13.70%,8.81%
5/10/2024,113556.0737,0,1,0.45,2,0.147402535,FORCE_BUY,0.2,0.3,520.17,13.56%,9.44%
5/13/2024,113746.091,0,1,0.45,2,0.153636422,FORCE_BUY,0.2,0.3,520.84,13.75%,9.58%
5/14/2024,114359.8249,0,1,1.15,1.15,0.128112945,FORCE_BUY,0.2,0.3,520.91,14.36%,9.59%
5/15/2024,115796.9671,0,1,1.15,1.15,0.139791547,FORCE_BUY,0.2,0.3,523.3,15.80%,10.10%
5/16/2024,115475.9034,0,1,-0.5,0.95,0.175148778,FORCE_BUY,0.2,0.3,529.78,15.48%,11.46%
5/17/2024,115670.2889,0,1,1.35,0.75,0.125710485,FORCE_BUY,0.2,0.3,528.69,15.67%,11.23%
5/20/2024,115735.8121,0,1,-0.5,1.05,0.151476647,FORCE_BUY,0.2,0.3,529.45,15.74%,11.39%
5/21/2024,116063.4281,0,1,1,0.7,0.136120215,FORCE_BUY,0.2,0.3,530.06,16.06%,11.52%
5/22/2024,115976.0639,0,1,1.25,1.65,0.176951057,FORCE_BUY,0.2,0.3,531.36,15.98%,11.79%
5/23/2024,115400.8208,115400.8208,0,1.2,1.1,0.299601106,FREE,0.2,0.3,529.83,15.40%,11.47%
5/24/2024,115451.0899,0,1,2,1.7,0.154181631,FORCE_BUY,0.2,0.3,525.96,15.45%,10.66%
5/28/2024,115427.1003,0,1,1.1,1,0.15368669,FORCE_BUY,0.2,0.3,529.44,15.43%,11.39%
5/29/2024,114303.9504,0,1,0.95,-0.5,0.157090541,FORCE_BUY,0.2,0.3,529.81,14.30%,11.47%
5/30/2024,114394.7594,114394.7594,0,1.2,1.05,0.219880148,FREE,0.2,0.3,526.1,14.39%,10.69%
5/31/2024,114354.1358,114354.1358,0,0.75,1.3,0.243460689,FREE,0.2,0.3,522.61,14.35%,9.95%
6/3/2024,114105.3894,0,1,0.75,1.3,0.247021696,FREE,0.2,0.3,527.37,14.11%,10.95%
6/4/2024,114198.2544,114198.2544,0,0.85,1.8,0.2064619,FREE,0.2,0.3,527.8,14.20%,11.04%
6/5/2024,114198.2544,114198.2544,0,0.55,2.1,0.219334738,FREE,0.2,0.3,528.39,14.20%,11.17%
6/6/2024,114298.7623,0,1,0.95,1.25,0.189517781,FORCE_BUY,0.2,0.3,534.67,14.30%,12.49%
6/7/2024,114663.4721,114663.4721,0,-0.5,1.05,0.239867994,FREE,0.2,0.3,534.66,14.66%,12.49%
6/10/2024,115151.4934,0,1,-0.5,0.7,0.180157667,FORCE_BUY,0.2,0.3,534.01,15.15%,12.35%
6/11/2024,115556.4348,0,1,-0.5,1.3,0.192419665,FORCE_BUY,0.2,0.3,535.66,15.56%,12.70%
6/12/2024,116675.3763,0,1,1.6,2.4,0.144686577,FORCE_BUY,0.2,0.3,536.95,16.68%,12.97%
6/13/2024,116733.474,0,1,0.55,1.4,0.131841845,FORCE_BUY,0.2,0.3,541.36,16.73%,13.90%
6/14/2024,116808.7859,0,1,0.65,1.55,0.118265649,FORCE_BUY,0.2,0.3,542.45,16.81%,14.13%
6/17/2024,117817.9657,0,1,0.65,1.55,0.146656446,FORCE_BUY,0.2,0.3,542.78,17.82%,14.19%
6/18/2024,118089.0886,0,1,0.65,1.55,0.095189322,FORCE_BUY,0.2,0.3,547.1,18.09%,15.10%
6/20/2024,117738.3502,0,1,0.8,1.05,0.157124428,FORCE_BUY,0.2,0.3,548.49,17.74%,15.40%
6/21/2024,117133.7031,0,1,1.2,0.9,0.136001437,FORCE_BUY,0.2,0.3,547,17.13%,15.08%
6/24/2024,116858.2766,0,1,1.1,-0.5,0.191879197,FORCE_BUY,0.2,0.3,544.51,16.86%,14.56%
6/25/2024,117204.6684,0,1,1.4,0.75,0.121873929,FORCE_BUY,0.2,0.3,542.74,17.20%,14.19%
6/26/2024,117051.9359,0,1,1.4,0.9,0.136702738,FORCE_BUY,0.2,0.3,544.83,17.05%,14.63%
6/27/2024,117718.9843,0,1,1.5,0.85,0.125958304,FORCE_BUY,0.2,0.3,545.51,17.72%,14.77%
6/28/2024,117948.5394,0,1,1.45,0.75,0.213921166,FREE,0.2,0.3,546.37,17.95%,14.95%
7/1/2024,117900.5916,0,1,1,0.65,0.135440084,FORCE_BUY,0.2,0.3,544.22,17.90%,14.50%
7/2/2024,118627.5767,0,1,0.8,0.65,0.137932497,FORCE_BUY,0.2,0.3,545.34,18.63%,14.73%
7/3/2024,119250.747,0,1,0.95,1.05,0.123925274,FORCE_BUY,0.2,0.3,545.73,19.25%,14.82%
7/5/2024,119895.5328,0,1,-0.5,0.95,0.135729174,FORCE_BUY,0.2,0.3,551.46,19.90%,16.02%
7/8/2024,120388.8588,0,1,-0.5,0.95,0.124914383,FORCE_BUY,0.2,0.3,554.64,20.39%,16.69%
7/9/2024,120304.4741,0,1,0.95,-0.5,0.14750562,FORCE_BUY,0.2,0.3,555.28,20.30%,16.82%
7/10/2024,121394.9843,0,1,1.1,1.9,0.147775431,FORCE_BUY,0.2,0.3,555.82,21.39%,16.94%
7/11/2024,120395.3499,0,1,-0.5,0.65,0.219793879,FREE,0.2,0.3,561.32,20.40%,18.10%
7/12/2024,121118.0293,0,1,1,0.8,0.195851041,FORCE_BUY,0.2,0.3,556.48,21.12%,17.08%
7/15/2024,121648.1384,0,1,-0.5,0.8,0.18148452,FORCE_BUY,0.2,0.3,559.99,21.65%,17.82%
7/16/2024,122119.8273,0,1,-0.5,0.85,0.120010203,FORCE_BUY,0.2,0.3,561.53,22.12%,18.14%
7/17/2024,121315.6353,0,1,0.9,-0.5,0.20280527,FREE,0.2,0.3,564.86,21.32%,18.84%
7/18/2024,121276.434,0,1,1.75,1.2,0.25772445,FREE,0.2,0.3,556.94,21.28%,17.17%
7/19/2024,121262.2417,121262.2417,0,1.3,-0.5,0.233766736,FREE,0.2,0.3,552.66,21.26%,16.27%
7/22/2024,121262.2417,121262.2417,0,1.3,-0.5,0.140949356,FORCE_BUY,0.2,0.3,548.99,21.26%,15.50%
7/23/2024,120891.6774,0,1,-0.5,1.2,0.181333074,FORCE_BUY,0.2,0.3,554.65,20.89%,16.69%
7/24/2024,120303.624,0,1,1.3,-0.5,0.24532799,FREE,0.2,0.3,553.78,20.30%,16.51%
7/25/2024,120144.1817,120144.1817,0,1.25,2.15,0.24859589,FREE,0.2,0.3,541.23,20.14%,13.87%
7/26/2024,120580.6266,0,1,1.05,1.35,0.164787512,FORCE_BUY,0.2,0.3,538.41,20.58%,13.28%
7/29/2024,120398.9592,0,1,1,1.35,0.152279556,FORCE_BUY,0.2,0.3,544.44,20.40%,14.54%
7/30/2024,120237.2309,0,1,1,1.25,0.195381831,FORCE_BUY,0.2,0.3,544.76,20.24%,14.61%
7/31/2024,122616.6307,0,1,1,1.25,0.163975703,FORCE_BUY,0.2,0.3,542,22.62%,14.03%
8/1/2024,121756.1748,0,1,1,-0.5,0.258077461,FREE,0.2,0.3,550.81,21.76%,15.88%
8/2/2024,119537.9112,0,1,1.65,-0.5,0.175193644,FORCE_BUY,0.2,0.3,543.01,19.54%,14.24%
8/5/2024,118279.5006,118279.5006,0,1.75,1.9,0.230511463,FREE,0.2,0.3,532.9,18.28%,12.12%
8/6/2024,118302.2536,0,1,1.7,1.8,0.169579071,FORCE_BUY,0.2,0.3,517.38,18.30%,8.85%
8/7/2024,117394.4066,0,1,1.55,1.65,0.19602506,FORCE_BUY,0.2,0.3,522.15,17.39%,9.85%
8/8/2024,120952.985,0,1,1.45,2.45,0.127613086,FORCE_BUY,0.2,0.3,518.66,20.95%,9.12%
8/9/2024,121271.5278,0,1,1.3,2.35,0.11646802,FORCE_BUY,0.2,0.3,530.65,21.27%,11.64%
8/12/2024,121337.5117,0,1,1.3,2.35,0.117615759,FORCE_BUY,0.2,0.3,532.99,21.34%,12.14%
8/13/2024,123307.9266,0,1,1.3,2.35,0.096641338,FORCE_BUY,0.2,0.3,533.27,23.31%,12.19%
8/14/2024,123715.2063,0,1,1.3,2.35,0.094475227,FORCE_BUY,0.2,0.3,542.04,23.72%,14.04%
8/15/2024,125949.5567,0,1,1.3,2.35,0.090837198,FORCE_BUY,0.2,0.3,543.75,25.95%,14.40%
8/16/2024,126029.1924,0,1,-0.5,0.85,0.090712209,FORCE_BUY,0.2,0.3,553.07,26.03%,16.36%
8/19/2024,127260.1329,0,1,-0.5,0.85,0.094861908,FORCE_BUY,0.2,0.3,554.31,27.26%,16.62%
8/20/2024,127084.9343,0,1,-0.5,0.85,0.123130555,FORCE_BUY,0.2,0.3,559.61,27.08%,17.74%
8/21/2024,127683.3398,0,1,-0.5,0.85,0.105571251,FORCE_BUY,0.2,0.3,558.7,27.68%,17.54%
8/22/2024,126773.2174,0,1,1.45,-0.5,0.152646666,FORCE_BUY,0.2,0.3,560.62,26.77%,17.95%
8/23/2024,127938.174,0,1,-0.5,-0.5,0.121455954,FORCE_BUY,0.2,0.3,556.22,27.94%,17.02%
8/26/2024,127483.1128,0,1,1.65,2.1,0.125549527,FORCE_BUY,0.2,0.3,562.13,27.48%,18.27%
8/27/2024,127590.0522,0,1,-0.5,1.55,0.110278232,FORCE_BUY,0.2,0.3,560.79,27.59%,17.98%
8/28/2024,126156.6095,0,1,1.8,-0.5,0.165868149,FORCE_BUY,0.2,0.3,561.56,26.16%,18.15%
8/29/2024,127157.7441,0,1,1.65,2.2,0.173545427,FORCE_BUY,0.2,0.3,558.3,27.16%,17.46%
8/30/2024,128202.1095,0,1,0.8,2,0.116601718,FORCE_BUY,0.2,0.3,558.35,28.20%,17.47%
9/3/2024,125369.3537,0,1,0.8,2,0.257537259,FREE,0.2,0.3,563.68,25.37%,18.59%
9/4/2024,125205.5317,0,1,0.8,2,0.166337808,FORCE_BUY,0.2,0.3,552.08,25.21%,16.15%
9/5/2024,124925.669,0,1,-0.5,-0.5,0.176476839,FORCE_BUY,0.2,0.3,550.95,24.93%,15.91%
9/6/2024,124469.0258,0,1,1.3,-0.5,0.242762825,FREE,0.2,0.3,549.61,24.47%,15.63%
9/9/2024,126393.3521,0,1,0.9,0.95,0.133505868,FORCE_BUY,0.2,0.3,540.36,26.39%,13.69%
9/10/2024,126663.6356,0,1,0.95,1.5,0.122309483,FORCE_BUY,0.2,0.3,546.41,26.66%,14.96%
9/11/2024,128052.015,0,1,1.2,2.45,0.187764962,FORCE_BUY,0.2,0.3,548.79,28.05%,15.46%
9/12/2024,129190.902,0,1,0.85,1.3,0.125477765,FORCE_BUY,0.2,0.3,554.42,29.19%,16.64%
9/13/2024,129747.6398,0,1,0.85,1.3,0.112133311,FORCE_BUY,0.2,0.3,559.09,29.75%,17.63%
9/16/2024,129930.139,0,1,-0.5,1.2,0.092270915,FORCE_BUY,0.2,0.3,562.01,29.93%,18.24%
9/17/2024,130165.7708,0,1,1.2,1.1,0.139866822,FORCE_BUY,0.2,0.3,562.84,30.17%,18.42%
9/18/2024,130521.5286,0,1,-0.5,1,0.171785392,FORCE_BUY,0.2,0.3,563.07,30.52%,18.46%
9/19/2024,131734.3392,0,1,1.45,-0.5,0.117433869,FORCE_BUY,0.2,0.3,561.4,31.73%,18.11%
9/20/2024,131249.215,0,1,-0.5,-0.5,0.121757701,FORCE_BUY,0.2,0.3,570.98,31.25%,20.13%
9/23/2024,131514.8782,0,1,-0.5,-0.5,0.114038473,FORCE_BUY,0.2,0.3,568.25,31.51%,19.55%
9/24/2024,131958.4204,0,1,1.15,0.65,0.109572353,FORCE_BUY,0.2,0.3,569.67,31.96%,19.85%
9/25/2024,131893.7372,0,1,1.15,0.75,0.135540783,FORCE_BUY,0.2,0.3,571.3,31.89%,20.20%
9/26/2024,132231.0141,0,1,0.95,2.45,0.129326196,FORCE_BUY,0.2,0.3,570.04,32.23%,19.93%
9/27/2024,131831.3641,0,1,1.15,1.7,0.164798648,FORCE_BUY,0.2,0.3,572.3,31.83%,20.41%
9/30/2024,132425.0638,0,1,-0.5,1.8,0.137384301,FORCE_BUY,0.2,0.3,571.47,32.43%,20.23%
10/1/2024,131196.1607,0,1,0.8,0.8,0.225691778,FREE,0.2,0.3,573.76,31.20%,20.71%
10/2/2024,131656.0035,0,1,1.05,2.4,0.141623637,FORCE_BUY,0.2,0.3,568.62,31.66%,19.63%
10/3/2024,131205.4269,0,1,1,2.05,0.160747936,FORCE_BUY,0.2,0.3,568.86,31.21%,19.68%
10/4/2024,132247.5601,0,1,0.95,0.95,0.142128399,FORCE_BUY,0.2,0.3,567.82,32.25%,19.46%
10/7/2024,131182.2961,0,1,1.2,-0.5,0.192622055,FORCE_BUY,0.2,0.3,572.98,31.18%,20.55%
10/8/2024,132333.0816,0,1,1,0.9,0.135659295,FORCE_BUY,0.2,0.3,567.8,32.33%,19.46%
10/9/2024,133331.3103,0,1,0.8,2.5,0.134289025,FORCE_BUY,0.2,0.3,573.17,33.33%,20.59%
10/10/2024,133278.1626,0,1,0.6,2.35,0.155588501,FORCE_BUY,0.2,0.3,577.14,33.28%,21.42%
10/11/2024,133703.3439,0,1,1.05,1.9,0.134537205,FORCE_BUY,0.2,0.3,576.13,33.70%,21.21%
10/14/2024,135112.9124,0,1,1.05,1.9,0.130688874,FORCE_BUY,0.2,0.3,579.58,35.11%,21.94%
10/15/2024,133992.1899,0,1,1.7,-0.5,0.218822045,FREE,0.2,0.3,584.32,33.99%,22.93%
10/16/2024,134380.3989,0,1,1.55,-0.5,0.139943289,FORCE_BUY,0.2,0.3,579.78,34.38%,21.98%
10/17/2024,134694.6634,0,1,0.75,0.65,0.172697885,FORCE_BUY,0.2,0.3,582.3,34.69%,22.51%
10/18/2024,135115.2231,0,1,0.7,0.7,0.137763955,FORCE_BUY,0.2,0.3,582.35,35.12%,22.52%
10/21/2024,134858.7279,0,1,1.15,1.65,0.158591053,FORCE_BUY,0.2,0.3,584.59,34.86%,22.99%
10/22/2024,134733.9464,0,1,1,1.6,0.158546188,FORCE_BUY,0.2,0.3,583.63,34.73%,22.79%
10/23/2024,133316.2319,0,1,1.15,0.7,0.21496786,FREE,0.2,0.3,583.32,33.32%,22.72%
10/24/2024,133500.574,0,1,0.95,2,0.147909992,FORCE_BUY,0.2,0.3,577.99,33.50%,21.60%
10/25/2024,133498.7016,0,1,1.25,2.15,0.238298864,FREE,0.2,0.3,579.24,33.50%,21.87%
10/28/2024,134140.8443,0,1,1.25,2.15,0.174136838,FORCE_BUY,0.2,0.3,579.04,34.14%,21.82%
10/29/2024,134676.7332,0,1,1,0.75,0.157584686,FORCE_BUY,0.2,0.3,580.83,34.68%,22.20%
10/30/2024,133487.1523,0,1,1.05,1.4,0.196199471,FORCE_BUY,0.2,0.3,581.77,33.49%,22.40%
10/31/2024,131523.7662,0,1,1.6,-0.5,0.241969557,FREE,0.2,0.3,580.01,31.52%,22.03%
11/1/2024,131962.6408,0,1,1.55,-0.5,0.20726263,FREE,0.2,0.3,568.64,31.96%,19.64%
11/4/2024,131565.3438,0,1,1.55,-0.5,0.173420481,FORCE_BUY,0.2,0.3,571.04,31.57%,20.14%
11/5/2024,133762.0494,0,1,0.85,2.5,0.159505101,FORCE_BUY,0.2,0.3,569.81,33.76%,19.88%
11/6/2024,136388.3439,0,1,0.6,2.5,0.168665335,FORCE_BUY,0.2,0.3,576.7,36.39%,21.33%
11/7/2024,137605.6432,0,1,0.45,1,0.133093546,FORCE_BUY,0.2,0.3,591.04,37.61%,24.35%
11/8/2024,138129.9828,0,1,0.55,1.35,0.138891554,FORCE_BUY,0.2,0.3,595.61,38.13%,25.31%
11/11/2024,138162.3209,0,1,1.15,-0.5,0.131414569,FORCE_BUY,0.2,0.3,598.19,38.16%,25.85%
11/12/2024,137694.6193,0,1,1.2,-0.5,0.16696303,FORCE_BUY,0.2,0.3,598.76,37.69%,25.97%
11/13/2024,137996.0106,0,1,-0.5,1.5,0.153782494,FORCE_BUY,0.2,0.3,596.9,38.00%,25.58%
11/14/2024,136727.8942,0,1,0.75,1.5,0.194828017,FORCE_BUY,0.2,0.3,597.19,36.73%,25.64%
11/15/2024,135404.341,0,1,1.05,-0.5,0.193546624,FORCE_BUY,0.2,0.3,593.35,35.40%,24.83%
11/18/2024,135829.3563,0,1,-0.5,2.5,0.141058225,FORCE_BUY,0.2,0.3,585.75,35.83%,23.24%
11/19/2024,136603.1614,0,1,-0.5,2.5,0.160287123,FORCE_BUY,0.2,0.3,588.15,36.60%,23.74%
11/20/2024,135937.92,0,1,1,2.2,0.143275781,FORCE_BUY,0.2,0.3,590.3,35.94%,24.19%
11/21/2024,136968.1202,0,1,1.75,-0.5,0.159348897,FORCE_BUY,0.2,0.3,590.5,36.97%,24.23%
11/22/2024,137771.9536,0,1,-0.5,1.35,0.115964838,FORCE_BUY,0.2,0.3,593.67,37.77%,24.90%
11/25/2024,137499.3894,0,1,1.15,-0.5,0.148209608,FORCE_BUY,0.2,0.3,595.51,37.50%,25.29%
11/26/2024,138846.0412,0,1,1.05,1.4,0.114254767,FORCE_BUY,0.2,0.3,597.53,38.85%,25.71%
11/27/2024,138453.364,0,1,-0.5,1.15,0.156172162,FORCE_BUY,0.2,0.3,600.65,38.45%,26.37%
11/29/2024,139312.6342,0,1,-0.5,1.15,0.121838104,FORCE_BUY,0.2,0.3,598.83,39.31%,25.99%
12/2/2024,139428.1275,0,1,-0.5,0.8,0.110284565,FORCE_BUY,0.2,0.3,602.55,39.43%,26.77%
12/3/2024,139559.8129,0,1,-0.5,1,0.114682586,FORCE_BUY,0.2,0.3,603.63,39.56%,27.00%
12/4/2024,140181.1438,0,1,-0.5,1.1,0.111826015,FORCE_BUY,0.2,0.3,603.91,40.18%,27.06%
12/5/2024,140028.6926,0,1,0.85,1.25,0.150206674,FORCE_BUY,0.2,0.3,607.66,40.03%,27.84%
12/6/2024,140294.3272,0,1,1.1,1.3,0.135260184,FORCE_BUY,0.2,0.3,606.66,40.29%,27.63%
12/9/2024,139957.0868,139957.0868,0,-0.5,0.7,0.202411256,FREE,0.2,0.3,607.81,39.96%,27.88%
12/10/2024,139760.1305,0,1,1.05,1,0.191649743,FORCE_BUY,0.2,0.3,604.68,39.76%,27.22%
12/11/2024,140594.298,0,1,0.8,1.75,0.150469895,FORCE_BUY,0.2,0.3,602.8,40.59%,26.82%
12/12/2024,140274.5338,0,1,0.8,1.75,0.203747241,FREE,0.2,0.3,607.46,40.27%,27.80%
12/13/2024,139920.0126,0,1,0.8,1.75,0.20108994,FREE,0.2,0.3,604.33,39.92%,27.14%
12/16/2024,140413.5618,0,1,0.8,1.75,0.15533652,FORCE_BUY,0.2,0.3,604.21,40.41%,27.12%
12/17/2024,139975.6238,0,1,0.95,-0.5,0.14806361,FORCE_BUY,0.2,0.3,606.79,39.98%,27.66%
12/18/2024,140174.8972,140174.8972,0,2.15,-0.5,0.556777435,FORCE_SELL,0.2,0.3,604.29,40.17%,27.14%
12/19/2024,140174.8972,140174.8972,0,2.1,2.05,0.196137766,FORCE_BUY,0.2,0.3,586.28,40.17%,23.35%
12/20/2024,144229.5595,0,1,1.25,-0.5,0.225662653,FREE,0.2,0.3,586.1,44.23%,23.31%
12/23/2024,144845.821,0,1,1.35,-0.5,0.132602979,FORCE_BUY,0.2,0.3,591.15,44.85%,24.37%
12/24/2024,146416.9226,0,1,1.35,-0.5,0.116152162,FORCE_BUY,0.2,0.3,594.69,46.42%,25.12%
12/26/2024,146248.8512,0,1,1.35,-0.5,0.106208521,FORCE_BUY,0.2,0.3,601.3,46.25%,26.51%
12/27/2024,144938.382,0,1,0.75,-0.5,0.126680151,FORCE_BUY,0.2,0.3,601.34,44.94%,26.52%
12/30/2024,143055.496,0,1,0.75,-0.5,0.126836356,FORCE_BUY,0.2,0.3,595.01,43.06%,25.18%
12/31/2024,142863.0665,0,1,1.9,1.65,0.131159794,FORCE_BUY,0.2,0.3,588.22,42.86%,23.76%
1/2/2025,142704.7384,0,1,1.9,1.65,0.142158709,FORCE_BUY,0.2,0.3,586.08,42.70%,23.30%
1/3/2025,144210.0973,0,1,1.9,1.65,0.108270582,FORCE_BUY,0.2,0.3,584.64,44.21%,23.00%
1/6/2025,145065.0445,0,1,1.9,1.65,0.137256264,FORCE_BUY,0.2,0.3,591.95,45.07%,24.54%
1/7/2025,143586.5039,0,1,1.5,1.8,0.167805607,FORCE_BUY,0.2,0.3,595.36,43.59%,25.26%
1/8/2025,143267.412,0,1,0.9,-0.5,0.098926017,FORCE_BUY,0.2,0.3,588.63,43.27%,23.84%
1/10/2025,141224.1761,0,1,0.9,-0.5,0.135192037,FORCE_BUY,0.2,0.3,589.49,41.22%,24.02%
1/13/2025,142056.8112,0,1,1.75,2.4,0.09692837,FORCE_BUY,0.2,0.3,580.49,42.06%,22.13%
1/14/2025,141922.8413,0,1,-0.5,1.9,0.119788576,FORCE_BUY,0.2,0.3,581.39,41.92%,22.32%
1/15/2025,144604.6752,0,1,-0.5,1.9,0.104772006,FORCE_BUY,0.2,0.3,582.19,44.60%,22.49%
1/16/2025,144080.9747,0,1,0.35,1.8,0.128800032,FORCE_BUY,0.2,0.3,592.78,44.08%,24.71%
1/17/2025,145586.3092,0,1,0.4,1.45,0.139316541,FORCE_BUY,0.2,0.3,591.64,45.59%,24.47%
1/21/2025,147210.9987,0,1,0.4,1.45,0.114971273,FORCE_BUY,0.2,0.3,597.58,47.21%,25.72%
1/22/2025,147578.807,0,1,0.9,2.3,0.149484327,FORCE_BUY,0.2,0.3,603.05,47.58%,26.88%
1/23/2025,148346.0891,0,1,-0.5,2.45,0.120153819,FORCE_BUY,0.2,0.3,606.44,48.35%,27.59%
1/24/2025,147973.4092,0,1,1.2,2.45,0.163183966,FORCE_BUY,0.2,0.3,609.75,47.97%,28.28%
1/27/2025,145946.81,0,1,2.5,-0.5,0.157219025,FORCE_BUY,0.2,0.3,607.97,45.95%,27.91%
1/28/2025,147147.6675,0,1,1.9,-0.5,0.17290636,FORCE_BUY,0.2,0.3,599.37,47.15%,26.10%
1/29/2025,146894.3426,0,1,1.35,-0.5,0.173459212,FORCE_BUY,0.2,0.3,604.52,46.89%,27.18%
1/30/2025,147583.6786,0,1,-0.5,2.5,0.167756459,FORCE_BUY,0.2,0.3,601.81,47.58%,26.61%
1/31/2025,146346.2811,0,1,1.75,2.3,0.253186938,FREE,0.2,0.3,605.04,46.35%,27.29%
2/3/2025,146702.9968,0,1,1.7,1.8,0.196588258,FORCE_BUY,0.2,0.3,601.82,46.70%,26.62%
2/4/2025,146693.2238,0,1,1.9,1.7,0.139089055,FORCE_BUY,0.2,0.3,597.77,46.69%,25.76%
2/5/2025,147753.5978,0,1,1.8,2.05,0.1391745,FORCE_BUY,0.2,0.3,601.78,47.75%,26.61%
2/6/2025,148059.0051,0,1,1.5,2.35,0.124111793,FORCE_BUY,0.2,0.3,604.22,48.06%,27.12%
2/7/2025,147253.5109,0,1,1.1,2.45,0.231706801,FREE,0.2,0.3,606.32,47.25%,27.56%
2/10/2025,148173.5174,0,1,1.3,2,0.129601057,FORCE_BUY,0.2,0.3,600.77,48.17%,26.40%
2/11/2025,148499.8043,0,1,1.15,1.6,0.128131227,FORCE_BUY,0.2,0.3,604.85,48.50%,27.25%
2/12/2025,148323.1678,0,1,0.9,2.1,0.145184335,FORCE_BUY,0.2,0.3,605.31,48.32%,27.35%
2/13/2025,149564.5301,0,1,0.9,2.1,0.143385871,FORCE_BUY,0.2,0.3,603.36,49.56%,26.94%
2/14/2025,149596.4228,0,1,-0.5,-0.5,0.139630491,FORCE_BUY,0.2,0.3,609.73,49.60%,28.28%
2/18/2025,150128.7857,0,1,0.6,1.65,0.113534922,FORCE_BUY,0.2,0.3,609.7,50.13%,28.27%
2/19/2025,150214.6507,0,1,-0.5,-0.5,0.123952554,FORCE_BUY,0.2,0.3,611.49,50.21%,28.65%
2/20/2025,149746.0732,0,1,1.15,-0.5,0.163449599,FORCE_BUY,0.2,0.3,612.93,49.75%,28.95%
2/21/2025,149910.4433,149910.4433,0,1.2,-0.5,0.31455606,FORCE_SELL,0.2,0.3,610.38,49.91%,28.42%
2/24/2025,149385.8704,149385.8704,0,0.85,-0.5,0.239044317,FREE,0.2,0.3,599.94,49.39%,26.22%
2/25/2025,149505.3326,0,1,1.05,1.5,0.212618334,FREE,0.2,0.3,597.21,49.51%,25.65%
2/26/2025,149736.1126,149736.1126,0,1.2,1.75,0.227570276,FREE,0.2,0.3,594.24,49.74%,25.02%
2/27/2025,149736.1126,149736.1126,0,1.9,-0.5,0.320588718,FORCE_SELL,0.2,0.3,594.54,49.74%,25.08%
2/28/2025,149736.1126,149736.1126,0,1.85,2.15,0.222408272,FREE,0.2,0.3,585.05,49.74%,23.09%
3/3/2025,149736.1126,149736.1126,0,1.7,2.2,0.321520006,FORCE_SELL,0.2,0.3,594.18,49.74%,25.01%
3/4/2025,149424.6129,0,1,2.05,-0.5,0.203813711,FREE,0.2,0.3,583.77,49.42%,22.82%
3/5/2025,149803.0465,0,1,2.35,1.95,0.195733314,FORCE_BUY,0.2,0.3,576.86,49.80%,21.37%
3/6/2025,147864.5399,0,1,2.5,-0.5,0.227181163,FREE,0.2,0.3,583.06,47.86%,22.67%
3/7/2025,147952.0688,0,1,2.1,1.3,0.180615897,FORCE_BUY,0.2,0.3,572.71,47.95%,20.49%
3/10/2025,146938.6017,0,1,2,-0.5,0.228044617,FREE,0.2,0.3,575.92,46.94%,21.17%
3/11/2025,147302.5374,0,1,2.05,2.35,0.205297737,FREE,0.2,0.3,560.58,47.30%,17.94%
3/12/2025,148060.4404,0,1,1.45,2.45,0.168402822,FORCE_BUY,0.2,0.3,555.92,48.06%,16.96%
3/13/2025,146769.3091,146769.3091,0,0.9,2.3,0.200948535,FREE,0.2,0.3,558.87,46.77%,17.58%
3/14/2025,146769.3091,146769.3091,0,1.3,2.45,0.179787312,FORCE_BUY,0.2,0.3,551.42,46.77%,16.01%
3/17/2025,147387.9966,0,1,1.4,2.35,0.163438122,FORCE_BUY,0.2,0.3,562.81,47.39%,18.41%
3/18/2025,145885.4438,0,1,1.25,1.9,0.176130029,FORCE_BUY,0.2,0.3,567.15,45.89%,19.32%
3/19/2025,147835.1153,0,1,1.75,2.45,0.176632287,FORCE_BUY,0.2,0.3,561.02,47.84%,18.03%
3/20/2025,146904.4845,146904.4845,0,1.75,2.45,0.214875593,FREE,0.2,0.3,567.13,46.90%,19.32%
3/21/2025,147733.3602,0,1,1.75,-0.5,0.160203027,FORCE_BUY,0.2,0.3,565.49,47.73%,18.97%
3/24/2025,150041.7135,0,1,1.75,-0.5,0.141886306,FORCE_BUY,0.2,0.3,563.98,50.04%,18.66%
3/25/2025,150609.5849,0,1,1.75,-0.5,0.13269689,FORCE_BUY,0.2,0.3,574.08,50.61%,20.78%
3/26/2025,150301.0444,150301.0444,0,1.2,1.55,0.242470676,FREE,0.2,0.3,575.46,50.30%,21.07%
3/27/2025,150277.5729,0,1,1.15,1.45,0.201595666,FREE,0.2,0.3,568.59,50.28%,19.63%
3/28/2025,147358.8678,0,1,2.2,1.85,0.276845043,FREE,0.2,0.3,567.08,47.36%,19.31%
3/31/2025,148098.1219,148098.1219,0,1.25,-0.5,0.236749816,FREE,0.2,0.3,555.66,48.10%,16.90%
4/1/2025,149086.2739,149086.2739,0,1.15,2.35,0.249252456,FREE,0.2,0.3,559.39,49.09%,17.69%
4/2/2025,150402.1653,150402.1653,0,1.3,1.9,0.292933179,FREE,0.2,0.3,560.97,50.40%,18.02%
4/3/2025,149059.3192,0,1,1.25,2.5,0.270665849,FREE,0.2,0.3,564.52,49.06%,18.77%
4/4/2025,140477.8065,0,1,2.35,-0.5,0.329466563,FORCE_SELL,0.2,0.3,536.7,40.48%,12.92%
4/7/2025,141597.7384,0,1,2.35,-0.5,0.364659404,FORCE_SELL,0.2,0.3,505.28,41.60%,6.31%
4/8/2025,142595.3948,142595.3948,0,-0.5,-0.5,0.348818754,FORCE_SELL,0.2,0.3,504.38,42.60%,6.12%
4/9/2025,142595.3948,142595.3948,0,-0.5,-0.5,0.565224102,FORCE_SELL,0.2,0.3,496.48,42.60%,4.45%
4/10/2025,140798.9807,0,1,2.3,-0.5,0.289401492,FREE,0.2,0.3,548.62,40.80%,15.42%
4/11/2025,143585.9265,0,1,2.5,-0.5,0.263937149,FREE,0.2,0.3,524.58,43.59%,10.37%
4/14/2025,145636.4245,145636.4245,0,2.5,-0.5,0.242654715,FREE,0.2,0.3,533.94,45.64%,12.34%
4/15/2025,145636.4245,145636.4245,0,2.5,-0.5,0.275210655,FREE,0.2,0.3,539.12,45.64%,13.42%
4/16/2025,145636.4245,145636.4245,0,2.4,-0.5,0.25485089,FREE,0.2,0.3,537.61,45.64%,13.11%
4/17/2025,146950.6125,146950.6125,0,1.45,-0.5,0.220302975,FREE,0.2,0.3,525.66,46.95%,10.59%
4/21/2025,147727.1721,147727.1721,0,1.05,-0.5,0.241888973,FREE,0.2,0.3,526.41,47.73%,10.75%
4/22/2025,147727.1721,147727.1721,0,1.05,-0.5,0.218398815,FREE,0.2,0.3,513.88,47.73%,8.11%
4/23/2025,148179.2385,148179.2385,0,1.05,-0.5,0.274857685,FREE,0.2,0.3,527.25,48.18%,10.93%
4/24/2025,152352.2059,0,1,1.75,-0.5,0.195974662,FORCE_BUY,0.2,0.3,535.42,52.35%,12.65%
4/25/2025,153146.7922,0,1,1.6,-0.5,0.09394305,FORCE_BUY,0.2,0.3,546.69,53.15%,15.02%
4/28/2025,153110.6747,0,1,1.6,-0.5,0.102322197,FORCE_BUY,0.2,0.3,550.64,53.11%,15.85%
4/29/2025,153635.7684,0,1,1.4,-0.5,0.094686354,FORCE_BUY,0.2,0.3,550.85,53.64%,15.89%
4/30/2025,155382.886,0,1,1.45,-0.5,0.120680095,FORCE_BUY,0.2,0.3,554.32,55.38%,16.62%
5/1/2025,154799.8652,0,1,2.15,-0.5,0.138664012,FORCE_BUY,0.2,0.3,554.54,54.80%,16.67%
5/2/2025,157480.8995,0,1,1.5,-0.5,0.101952731,FORCE_BUY,0.2,0.3,558.47,57.48%,17.50%
5/5/2025,156364.0334,0,1,2.15,-0.5,0.142046322,FORCE_BUY,0.2,0.3,566.76,56.36%,19.24%
5/6/2025,156527.9516,0,1,2.3,-0.5,0.15543576,FORCE_BUY,0.2,0.3,563.51,56.53%,18.56%
5/7/2025,155863.9441,0,1,2.2,-0.5,0.138074182,FORCE_BUY,0.2,0.3,558.8,55.86%,17.57%
5/8/2025,156783.5528,0,1,2.35,-0.5,0.147817389,FORCE_BUY,0.2,0.3,561.15,56.78%,18.06%
5/9/2025,156972.4754,0,1,2.5,-0.5,0.148509705,FORCE_BUY,0.2,0.3,565.06,56.97%,18.88%
5/12/2025,161731.6586,0,1,2.5,-0.5,0.112611183,FORCE_BUY,0.2,0.3,564.34,61.73%,18.73%
5/13/2025,163156.9131,0,1,2.5,-0.5,0.132535985,FORCE_BUY,0.2,0.3,582.99,63.16%,22.65%
5/14/2025,162842.9681,0,1,1.15,1.55,0.138094277,FORCE_BUY,0.2,0.3,586.84,62.84%,23.46%
5/15/2025,163968.1691,0,1,1.2,2.3,0.111976845,FORCE_BUY,0.2,0.3,587.59,63.97%,23.62%
5/16/2025,163431.9622,0,1,1.4,2.45,0.105477583,FORCE_BUY,0.2,0.3,590.46,63.43%,24.23%
5/19/2025,165457.3239,0,1,1.4,2.45,0.113129184,FORCE_BUY,0.2,0.3,594.2,65.46%,25.01%
5/20/2025,164571.0545,0,1,1.45,1.4,0.1232389,FORCE_BUY,0.2,0.3,594.85,64.57%,25.15%
5/21/2025,162779.7598,0,1,2.05,1.85,0.2312821,FREE,0.2,0.3,592.85,62.78%,24.73%
5/22/2025,162779.4806,0,1,2,1.6,0.156448365,FORCE_BUY,0.2,0.3,582.86,62.78%,22.63%
5/23/2025,161632.1437,0,1,2.15,2.2,0.151706351,FORCE_BUY,0.2,0.3,583.09,61.63%,22.68%
5/27/2025,165065.7799,0,1,2.15,2.2,0.15726311,FORCE_BUY,0.2,0.3,579.11,65.07%,21.84%
5/28/2025,166547.8266,0,1,2.15,2.2,0.158057066,FORCE_BUY,0.2,0.3,591.15,66.55%,24.37%
5/29/2025,164172.4761,0,1,1.05,2.5,0.143316334,FORCE_BUY,0.2,0.3,587.73,64.17%,23.65%
5/30/2025,164256.4746,0,1,1.3,-0.5,0.124287109,FORCE_BUY,0.2,0.3,590.05,64.26%,24.14%
6/2/2025,165116.0282,0,1,-0.5,2.5,0.119938796,FORCE_BUY,0.2,0.3,589.39,65.12%,24.00%
6/3/2025,166462.0415,0,1,2,1.95,0.102950444,FORCE_BUY,0.2,0.3,592.71,66.46%,24.70%
6/4/2025,166232.6579,0,1,1.05,2.3,0.118799496,FORCE_BUY,0.2,0.3,596.09,66.23%,25.41%
6/5/2025,165492.8907,0,1,0.75,-0.5,0.160288704,FORCE_BUY,0.2,0.3,595.93,65.49%,25.38%
6/6/2025,167419.0769,0,1,0.75,-0.5,0.112249383,FORCE_BUY,0.2,0.3,593.05,67.42%,24.77%
6/9/2025,167460.9505,0,1,-0.5,1.85,0.116175279,FORCE_BUY,0.2,0.3,599.14,67.46%,26.05%
6/10/2025,168248.1744,0,1,-0.5,2.15,0.102832274,FORCE_BUY,0.2,0.3,599.68,68.25%,26.17%
6/11/2025,167631.0969,0,1,0.85,1.6,0.146511669,FORCE_BUY,0.2,0.3,603.08,67.63%,26.88%
6/12/2025,167547.4893,0,1,1,-0.5,0.117289757,FORCE_BUY,0.2,0.3,601.36,67.55%,26.52%
6/13/2025,166793.7643,0,1,0.9,1.9,0.176163816,FORCE_BUY,0.2,0.3,603.75,66.79%,27.02%
6/16/2025,167198.5425,0,1,1.85,-0.5,0.136380091,FORCE_BUY,0.2,0.3,597,67.20%,25.60%
6/17/2025,166433.6512,0,1,1,-0.5,0.171285779,FORCE_BUY,0.2,0.3,602.68,66.43%,26.80%
6/18/2025,166737.9328,0,1,1.05,2.4,0.160868787,FORCE_BUY,0.2,0.3,597.53,66.74%,25.71%
6/20/2025,166804.8486,0,1,1.5,-0.5,0.237894594,FREE,0.2,0.3,597.44,66.80%,25.69%
6/23/2025,168819.4743,168819.4743,0,-0.5,-0.5,0.202309829,FREE,0.2,0.3,594.28,68.82%,25.03%
6/24/2025,168819.4743,168819.4743,0,-0.5,-0.5,0.107990922,FORCE_BUY,0.2,0.3,600.15,68.82%,26.26%
6/25/2025,168819.4743,168819.4743,0,-0.5,-0.5,0.109508974,FORCE_BUY,0.2,0.3,606.78,68.82%,27.66%
6/26/2025,169750.7907,0,1,-0.5,-0.5,0.101355282,FORCE_BUY,0.2,0.3,607.12,69.75%,27.73%
6/27/2025,170120.1336,0,1,0.25,2.35,0.13725781,FORCE_BUY,0.2,0.3,611.87,70.12%,28.73%
6/30/2025,171307.0892,0,1,0.25,2.35,0.130439127,FORCE_BUY,0.2,0.3,614.91,71.31%,29.37%
7/1/2025,171367.8236,0,1,0.45,1.4,0.120894465,FORCE_BUY,0.2,0.3,617.85,71.37%,29.99%
7/2/2025,172114.1081,0,1,0.45,1.7,0.110149937,FORCE_BUY,0.2,0.3,617.65,72.11%,29.95%
7/3/2025,173331.5695,0,1,-0.5,2.4,0.123053504,FORCE_BUY,0.2,0.3,620.45,73.33%,30.54%
7/7/2025,171942.1659,0,1,-0.5,2.4,0.156856416,FORCE_BUY,0.2,0.3,625.34,71.94%,31.56%
7/8/2025,172014.2707,0,1,-0.5,2.4,0.135850913,FORCE_BUY,0.2,0.3,620.68,72.01%,30.58%
7/9/2025,172962.3931,0,1,1.4,1.35,0.11809328,FORCE_BUY,0.2,0.3,620.34,72.96%,30.51%
7/10/2025,173692.0934,0,1,1.2,1.35,0.124096122,FORCE_BUY,0.2,0.3,624.06,73.69%,31.30%
7/11/2025,172785.2372,0,1,1.05,0.95,0.126929214,FORCE_BUY,0.2,0.3,625.82,72.79%,31.67%
7/14/2025,173084.7493,0,1,-0.5,0.85,0.112063785,FORCE_BUY,0.2,0.3,623.62,73.08%,31.20%
7/15/2025,173234.5784,0,1,-0.5,1.7,0.203755322,FREE,0.2,0.3,624.81,73.23%,31.45%
7/16/2025,173831.5157,0,1,0.8,1.35,0.146204638,FORCE_BUY,0.2,0.3,622.14,73.83%,30.89%
7/17/2025,175374.0689,0,1,0.45,1.15,0.119489134,FORCE_BUY,0.2,0.3,624.22,75.37%,31.33%
7/18/2025,175148.1253,0,1,0.55,1.1,0.137850017,FORCE_BUY,0.2,0.3,628.04,75.15%,32.13%
7/21/2025,175471.6989,0,1,0.55,1.1,0.162699457,FORCE_BUY,0.2,0.3,627.58,75.47%,32.04%
7/22/2025,175876.1658,0,1,1.05,1.7,0.120371679,FORCE_BUY,0.2,0.3,628.77,75.88%,32.29%
7/23/2025,177033.6385,0,1,1,2.35,0.094559036,FORCE_BUY,0.2,0.3,628.86,77.03%,32.31%
7/24/2025,177251.3533,0,1,1,2.35,0.145659401,FORCE_BUY,0.2,0.3,634.21,77.25%,33.43%
7/25/2025,177814.7618,0,1,0.8,1.05,0.113112393,FORCE_BUY,0.2,0.3,634.42,77.81%,33.47%
7/28/2025,177792.5022,0,1,0.8,1.05,0.125007807,FORCE_BUY,0.2,0.3,637.1,77.79%,34.04%
7/29/2025,177251.3533,0,1,1.25,0.5,0.180342335,FORCE_BUY,0.2,0.3,636.94,77.25%,34.01%
7/30/2025,178230.4422,0,1,1.35,2.3,0.172506994,FORCE_BUY,0.2,0.3,635.26,78.23%,33.65%
7/31/2025,176574.9962,0,1,1.85,-0.5,0.246573916,FREE,0.2,0.3,634.46,76.57%,33.48%
8/1/2025,173818.9848,0,1,2.45,-0.5,0.177738944,FORCE_BUY,0.2,0.3,632.08,73.82%,32.98%
8/4/2025,176773.6529,0,1,2.45,-0.5,0.111628087,FORCE_BUY,0.2,0.3,621.72,76.77%,30.80%
8/5/2025,175497.7735,0,1,1.45,1.3,0.164096224,FORCE_BUY,0.2,0.3,631.17,75.50%,32.79%
8/6/2025,177282.8855,0,1,1.25,1.75,0.116070905,FORCE_BUY,0.2,0.3,627.97,77.28%,32.12%
8/7/2025,177196.148,0,1,1.9,2.15,0.158242427,FORCE_BUY,0.2,0.3,632.78,77.20%,33.13%
8/8/2025,178679.0781,0,1,0.45,1.45,0.094441687,FORCE_BUY,0.2,0.3,632.25,78.68%,33.02%
8/11/2025,177881.6534,0,1,1.5,-0.5,0.12915651,FORCE_BUY,0.2,0.3,637.18,77.88%,34.06%
8/12/2025,179926.9777,0,1,0.95,1.65,0.102950949,FORCE_BUY,0.2,0.3,635.92,79.93%,33.79%
8/13/2025,180391.4425,0,1,1.05,1.9,0.100577884,FORCE_BUY,0.2,0.3,642.69,80.39%,35.21%
8/14/2025,180514.5537,0,1,1.1,1.4,0.09291927,FORCE_BUY,0.2,0.3,644.89,80.51%,35.68%
8/15/2025,179974.3755,0,1,1.05,0.8,0.124935221,FORCE_BUY,0.2,0.3,644.95,79.97%,35.69%
8/18/2025,180064.0787,0,1,-0.5,0.9,0.089027125,FORCE_BUY,0.2,0.3,643.44,80.06%,35.37%
8/19/2025,178852.5529,0,1,-0.5,0.8,0.135299699,FORCE_BUY,0.2,0.3,643.3,78.85%,35.34%
8/20/2025,178455.2396,0,1,1.5,1.4,0.198128931,FORCE_BUY,0.2,0.3,639.81,78.46%,34.61%
8/21/2025,178111.0879,0,1,1.5,-0.5,0.261358052,FREE,0.2,0.3,638.11,78.11%,34.25%
8/22/2025,178113.8859,178113.8859,0,2.1,2.5,0.300202491,FORCE_SELL,0.2,0.3,635.55,78.11%,33.71%
8/25/2025,178113.8859,178113.8859,0,1,0.8,0.285016088,FREE,0.2,0.3,645.31,78.11%,35.77%
8/26/2025,178605.3532,178605.3532,0,1.6,1.3,0.214016128,FREE,0.2,0.3,642.47,78.61%,35.17%
8/27/2025,178605.3532,178605.3532,0,1.6,1.3,0.218564271,FREE,0.2,0.3,645.16,78.61%,35.73%
8/28/2025,178605.3532,178605.3532,0,1.6,1.3,0.226427219,FREE,0.2,0.3,646.63,78.61%,36.04%
8/29/2025,178605.3532,178605.3532,0,1.05,1.05,0.281177555,FREE,0.2,0.3,648.92,78.61%,36.53%
9/2/2025,178209.3943,178209.3943,0,1.55,1.65,0.234388379,FREE,0.2,0.3,645.05,78.21%,35.71%
9/3/2025,178209.3943,178209.3943,0,1.55,1.55,0.203286913,FREE,0.2,0.3,640.27,78.21%,34.71%
9/4/2025,178209.3943,178209.3943,0,1.45,1.8,0.223660285,FREE,0.2,0.3,643.74,78.21%,35.44%
9/5/2025,178209.3943,178209.3943,0,1,1.8,0.323253336,FORCE_SELL,0.2,0.3,649.12,78.21%,36.57%
9/8/2025,178602.8351,0,1,1,1.8,0.206329842,FREE,0.2,0.3,647.24,78.60%,36.17%
9/9/2025,179136.5938,0,1,1,1.8,0.199940725,FORCE_BUY,0.2,0.3,648.83,79.14%,36.51%
9/10/2025,180130.2398,0,1,1.05,1.15,0.253124663,FREE,0.2,0.3,650.33,80.13%,36.82%
9/11/2025,180361.9967,180361.9967,0,1.05,1.35,0.214171928,FREE,0.2,0.3,652.21,80.36%,37.22%
9/12/2025,180361.9967,180361.9967,0,0.75,1.25,0.244221354,FREE,0.2,0.3,657.63,80.36%,38.36%
9/15/2025,180512.2642,0,1,0.75,1.25,0.177852035,FORCE_BUY,0.2,0.3,657.41,80.51%,38.31%
9/16/2025,180402.9787,0,1,0.9,0.9,0.247279771,FREE,0.2,0.3,660.91,80.40%,39.05%
9/17/2025,181429.631,0,1,1.4,-0.5,0.279621955,FREE,0.2,0.3,660,81.43%,38.86%
9/18/2025,182617.3792,0,1,-0.5,0.5,0.265937897,FREE,0.2,0.3,659.18,82.62%,38.68%
9/19/2025,183211.3476,0,1,1.65,-0.5,0.209630697,FREE,0.2,0.3,662.26,83.21%,39.33%
9/22/2025,182791.6131,182791.6131,0,1.3,1.3,0.22927958,FREE,0.2,0.3,663.7,82.79%,39.64%
9/23/2025,183191.927,0,1,1.1,1.25,0.298549421,FREE,0.2,0.3,666.84,83.19%,40.30%
9/24/2025,182683.9424,0,1,1.25,-0.5,0.275010417,FREE,0.2,0.3,663.21,82.68%,39.53%
9/25/2025,181806.0126,181806.0126,0,1.75,-0.5,0.239712288,FREE,0.2,0.3,661.1,81.81%,39.09%
9/26/2025,181806.0126,181806.0126,0,1.75,1.45,0.212748,FREE,0.2,0.3,658.05,81.81%,38.45%
9/29/2025,181806.0126,181806.0126,0,0.85,-0.5,0.233685293,FREE,0.2,0.3,661.82,81.81%,39.24%
9/30/2025,181806.0126,181806.0126,0,1,2.4,0.223321827,FREE,0.2,0.3,663.68,81.81%,39.63%
10/1/2025,183750.3598,0,1,-0.5,2.25,0.247114963,FREE,0.2,0.3,666.18,83.75%,40.16%
10/2/2025,184068.8956,0,1,-0.5,1.1,0.223115862,FREE,0.2,0.3,668.45,84.07%,40.63%
10/3/2025,184572.2099,0,1,0.7,1.05,0.268551786,FREE,0.2,0.3,669.22,84.57%,40.80%
10/6/2025,184880.9513,0,1,-0.5,-0.5,0.196036443,FORCE_BUY,0.2,0.3,669.21,84.88%,40.79%
10/7/2025,185372.9768,185372.9768,0,0.95,0.75,0.285684225,FREE,0.2,0.3,671.61,85.37%,41.30%
10/8/2025,185372.9768,185372.9768,0,0.95,0.75,0.186831488,FORCE_BUY,0.2,0.3,669.12,85.37%,40.78%
10/9/2025,185876.6763,0,1,1.15,-0.5,0.254618822,FREE,0.2,0.3,673.11,85.88%,41.61%
10/10/2025,185920.9353,185920.9353,0,2,-0.5,0.584044763,FORCE_SELL,0.2,0.3,671.16,85.92%,41.20%
10/13/2025,185920.9353,185920.9353,0,0.65,0.75,0.221646603,FREE,0.2,0.3,653.02,85.92%,37.39%
10/14/2025,188737.7529,0,1,0.75,0.6,0.295887035,FREE,0.2,0.3,663.04,88.74%,39.50%
10/15/2025,190623.6875,0,1,-0.5,-0.5,0.282509632,FREE,0.2,0.3,662.23,90.62%,39.33%
10/16/2025,191162.217,191162.217,0,-0.5,1,0.311384785,FORCE_SELL,0.2,0.3,665.17,91.16%,39.94%
10/17/2025,195088.7416,0,1,1.4,1.4,0.195168331,FORCE_BUY,0.2,0.3,660.64,95.09%,38.99%
10/20/2025,196985.9362,0,1,1.4,1.4,0.160059586,FORCE_BUY,0.2,0.3,664.39,96.99%,39.78%
10/21/2025,196774.8891,0,1,1.4,1.4,0.176126367,FORCE_BUY,0.2,0.3,671.3,96.77%,41.23%
10/22/2025,195317.4711,195317.4711,0,1.3,2,0.219189463,FREE,0.2,0.3,671.29,95.32%,41.23%
10/23/2025,195317.4711,195317.4711,0,0.95,2,0.162930755,FORCE_BUY,0.2,0.3,667.8,95.32%,40.50%
10/24/2025,195317.4711,195317.4711,0,0.9,1.6,0.166645125,FORCE_BUY,0.2,0.3,671.76,95.32%,41.33%
10/27/2025,195317.4711,195317.4711,0,0.9,1.6,0.141367503,FORCE_BUY,0.2,0.3,677.25,95.32%,42.49%
10/28/2025,195830.3547,0,1,0.9,1.6,0.172606429,FORCE_BUY,0.2,0.3,685.24,95.83%,44.17%
10/29/2025,195673.6403,0,1,-0.5,-0.5,0.177211253,FORCE_BUY,0.2,0.3,687.06,95.67%,44.55%
10/30/2025,195458.2109,195458.2109,0,-0.5,-0.5,0.238910651,FREE,0.2,0.3,687.39,95.46%,44.62%
10/31/2025,195023.4238,0,1,2.3,-0.5,0.199153484,FORCE_BUY,0.2,0.3,679.83,95.02%,43.03%
11/3/2025,195063.444,0,1,2.3,-0.5,0.177679487,FORCE_BUY,0.2,0.3,682.06,95.06%,43.50%
11/4/2025,193234.2431,0,1,1.95,-0.5,0.25851403,FREE,0.2,0.3,683.34,93.23%,43.77%
11/5/2025,194196.7315,0,1,1.55,2.1,0.243063058,FREE,0.2,0.3,675.24,94.20%,42.06%
11/6/2025,192505.0509,192505.0509,0,2.15,-0.5,0.293878621,FREE,0.2,0.3,677.58,92.51%,42.56%
11/7/2025,193852.1921,193852.1921,0,2.3,2.3,0.229499955,FREE,0.2,0.3,670.31,93.85%,41.03%
11/10/2025,193852.1921,193852.1921,0,2.3,2.3,0.254783122,FREE,0.2,0.3,670.97,93.85%,41.16%
11/11/2025,193852.1921,193852.1921,0,-0.5,1.15,0.223751638,FREE,0.2,0.3,681.44,93.85%,43.37%
11/12/2025,194008.1146,0,1,1.05,1.35,0.240222996,FREE,0.2,0.3,683,94.01%,43.70%
11/13/2025,194471.0325,194471.0325,0,1.65,-0.5,0.381300904,FORCE_SELL,0.2,0.3,683.38,94.47%,43.78%
11/14/2025,194471.0325,194471.0325,0,1.55,-0.5,0.340915467,FORCE_SELL,0.2,0.3,672.04,94.47%,41.39%
11/17/2025,194471.0325,194471.0325,0,2.35,-0.5,0.365301597,FORCE_SELL,0.2,0.3,671.93,94.47%,41.37%
11/18/2025,194830.485,194830.485,0,2.35,2.25,0.253973439,FREE,0.2,0.3,665.67,94.83%,40.05%
11/19/2025,194830.485,194830.485,0,2.5,2.1,0.303424702,FORCE_SELL,0.2,0.3,660.08,94.83%,38.87%
11/20/2025,194830.485,194830.485,0,-0.5,2.3,0.525155567,FORCE_SELL,0.2,0.3,662.63,94.83%,39.41%
11/21/2025,197119.6707,197119.6707,0,2.3,2.1,0.262221939,FREE,0.2,0.3,652.53,97.12%,37.29%
11/24/2025,197743.493,0,1,2.3,2.1,0.246941245,FREE,0.2,0.3,659.03,97.74%,38.65%
11/25/2025,199734.5175,0,1,1.1,1.5,0.262298683,FREE,0.2,0.3,668.73,99.73%,40.69%
11/26/2025,199991.8948,199991.8948,0,1.8,1.95,0.231436405,FREE,0.2,0.3,675.02,99.99%,42.02%
11/28/2025,199991.8948,199991.8948,0,1.8,1.95,0.184756093,FORCE_BUY,0.2,0.3,679.68,99.99%,43.00%
12/1/2025,199991.8948,199991.8948,0,2.1,2.3,0.240704659,FREE,0.2,0.3,683.39,99.99%,43.78%
12/2/2025,199991.8948,199991.8948,0,2.1,2,0.222946286,FREE,0.2,0.3,680.27,99.99%,43.12%
12/3/2025,199991.8948,199991.8948,0,2.1,2,0.203615208,FREE,0.2,0.3,681.53,99.99%,43.39%
12/4/2025,199991.8948,199991.8948,0,-0.5,1.55,0.19086024,FORCE_BUY,0.2,0.3,683.89,99.99%,43.88%
12/5/2025,200213.4278,200213.4278,0,-0.5,1.55,0.233843382,FREE,0.2,0.3,684.39,100.21%,43.99%
12/8/2025,199551.1264,199551.1264,0,0.7,1.45,0.234183002,FREE,0.2,0.3,685.69,99.55%,44.26%
12/9/2025,199568.3378,0,1,0.85,-0.5,0.229101789,FREE,0.2,0.3,683.63,99.57%,43.83%
12/10/2025,200290.7955,0,1,0.7,2.2,0.218741604,FREE,0.2,0.3,683.04,100.29%,43.70%
12/11/2025,201921.7143,201921.7143,0,0.8,1.95,0.202042149,FREE,0.2,0.3,687.57,101.92%,44.66%
12/12/2025,201921.7143,201921.7143,0,1,-0.5,0.325553754,FORCE_SELL,0.2,0.3,689.17,101.92%,44.99%
12/15/2025,201921.7143,201921.7143,0,1,-0.5,0.281792963,FREE,0.2,0.3,681.76,101.92%,43.43%
12/16/2025,202721.4675,202721.4675,0,1.4,1.05,0.236124745,FREE,0.2,0.3,680.73,102.72%,43.22%
12/17/2025,202721.4675,202721.4675,0,1.5,1.6,0.351720964,FORCE_SELL,0.2,0.3,678.87,102.72%,42.83%
12/18/2025,203163.1461,203163.1461,0,1.9,1.35,0.260801756,FREE,0.2,0.3,671.4,103.16%,41.26%
12/19/2025,203163.1461,203163.1461,0,-0.5,1.5,0.183846906,FORCE_BUY,0.2,0.3,676.47,103.16%,42.32%
12/22/2025,203778.8614,0,1,0.55,1.25,0.190024003,FORCE_BUY,0.2,0.3,680.59,103.78%,43.19%
12/23/2025,204556.9609,0,1,0.6,2.05,0.185692908,FORCE_BUY,0.2,0.3,684.83,104.56%,44.08%
12/24/2025,205117.4674,0,1,0.8,2.4,0.101346015,FORCE_BUY,0.2,0.3,687.96,105.12%,44.74%
12/26/2025,205221.5789,0,1,0.8,2.4,0.11681813,FORCE_BUY,0.2,0.3,690.38,105.22%,45.25%
12/29/2025,204457.1031,0,1,1.05,-0.5,0.127525008,FORCE_BUY,0.2,0.3,690.31,104.46%,45.23%
12/30/2025,204013.8857,0,1,1,-0.5,0.13872245,FORCE_BUY,0.2,0.3,687.85,104.01%,44.72%
12/31/2025,203017.3901,0,1,1.05,-0.5,0.190937942,FORCE_BUY,0.2,0.3,687.01,103.02%,44.54%
1/2/2026,203157.1672,0,1,1.05,-0.5,0.170344155,FORCE_BUY,0.2,0.3,681.92,103.16%,43.47%
1/5/2026,204469.0016,0,1,1.05,-0.5,0.139158622,FORCE_BUY,0.2,0.3,683.17,104.47%,43.73%
1/6/2026,205872.9003,0,1,0.75,1.25,0.113984252,FORCE_BUY,0.2,0.3,687.72,105.87%,44.69%
1/7/2026,205281.0711,0,1,0.55,1.25,0.168729266,FORCE_BUY,0.2,0.3,691.81,105.28%,45.55%
1/8/2026,205091.1123,0,1,1.15,0.95,0.130340481,FORCE_BUY,0.2,0.3,689.58,105.09%,45.08%
1/9/2026,206580.9774,0,1,0.7,1.15,0.14324253,FORCE_BUY,0.2,0.3,689.51,106.58%,45.07%
1/12/2026,206399.5259,0,1,-0.5,1.95,0.13687899,FORCE_BUY,0.2,0.3,694.07,106.40%,46.02%
1/13/2026,206318.8247,0,1,0.7,1.1,0.148933494,FORCE_BUY,0.2,0.3,695.16,106.32%,46.25%
1/14/2026,205105.5689,0,1,1.1,-0.5,0.157573091,FORCE_BUY,0.2,0.3,693.77,105.11%,45.96%
1/15/2026,206122.5001,0,1,1.75,2.3,0.171942875,FORCE_BUY,0.2,0.3,690.36,106.12%,45.24%
1/16/2026,205670.7455,0,1,0.85,-0.5,0.157568536,FORCE_BUY,0.2,0.3,692.24,105.67%,45.64%
1/20/2026,201827.5446,201827.5446,0,2.1,-0.5,0.292328258,FREE,0.2,0.3,691.66,101.83%,45.52%
1/21/2026,201827.5446,201827.5446,0,1.2,1.2,0.349193136,FORCE_SELL,0.2,0.3,677.58,101.83%,42.56%
1/22/2026,201827.5446,201827.5446,0,0.75,2,0.253749448,FREE,0.2,0.3,685.4,101.83%,44.20%
1/23/2026,201639.9698,0,1,0.9,0.8,0.249112262,FREE,0.2,0.3,688.98,101.64%,44.95%
1/26/2026,202064.9439,202064.9439,0,0.9,0.8,0.251527802,FREE,0.2,0.3,689.23,102.06%,45.01%
1/27/2026,202064.9439,202064.9439,0,0.9,0.8,0.115701128,FORCE_BUY,0.2,0.3,692.73,102.06%,45.74%
1/28/2026,201794.8306,0,1,1,-0.5,0.130825281,FORCE_BUY,0.2,0.3,695.49,101.79%,46.32%
1/29/2026,202239.1792,202239.1792,0,1.3,2.45,0.202694114,FREE,0.2,0.3,695.42,102.24%,46.31%
1/30/2026,202894.4452,0,1,1.2,2.5,0.151345526,FORCE_BUY,0.2,0.3,694.04,102.89%,46.02%
2/2/2026,202289.1322,202289.1322,0,-0.5,2.5,0.968462437,FORCE_SELL,0.2,0.3,691.97,102.29%,45.58%
2/3/2026,200012.4684,0,1,1.25,2.45,0.258571707,FREE,0.2,0.3,695.41,100.01%,46.31%
2/4/2026,199759.8284,0,1,1.35,-0.5,0.239314389,FREE,0.2,0.3,689.53,99.76%,45.07%
2/5/2026,196930.0175,0,1,2,1.35,0.284160016,FREE,0.2,0.3,686.19,96.93%,44.37%
2/6/2026,200083.0719,200083.0719,0,2.35,2.5,0.241323515,FREE,0.2,0.3,677.62,100.08%,42.56%
2/9/2026,200083.0719,200083.0719,0,0.9,2.35,0.232502965,FREE,0.2,0.3,690.62,100.08%,45.30%
2/10/2026,200083.0719,200083.0719,0,0.4,2.45,0.284531127,FREE,0.2,0.3,693.95,100.08%,46.00%
2/11/2026,200750.0498,0,1,0.65,2.5,0.263573326,FREE,0.2,0.3,692.12,100.75%,45.61%
2/12/2026,201353.0595,201353.0595,0,0.7,-0.5,0.317649475,FORCE_SELL,0.2,0.3,691.96,101.35%,45.58%
2/13/2026,201305.73,0,1,1.5,-0.5,0.246174836,FREE,0.2,0.3,681.27,101.31%,43.33%
2/17/2026,201935.3376,201935.3376,0,2.05,1.2,0.214285321,FREE,0.2,0.3,681.75,101.94%,43.43%
2/18/2026,201935.3376,201935.3376,0,1.35,1.15,0.237471205,FREE,0.2,0.3,682.85,101.94%,43.66%
2/19/2026,202832.0257,0,1,1.45,1,0.227812268,FREE,0.2,0.3,686.29,102.83%,44.39%
2/20/2026,204684.072,204684.072,0,1.4,1,0.218804589,FREE,0.2,0.3,684.48,104.68%,44.01%
2/23/2026,203596.2305,0,1,1.4,1.5,0.18285355,FORCE_BUY,0.2,0.3,689.43,103.60%,45.05%
2/24/2026,205032.7773,0,1,1.3,1.55,0.129600474,FORCE_BUY,0.2,0.3,682.39,105.03%,43.57%
2/25/2026,206287.0138,0,1,1.3,1.55,0.104398332,FORCE_BUY,0.2,0.3,687.35,106.29%,44.61%
2/26/2026,204534.2777,0,1,1.2,0.85,0.155792459,FORCE_BUY,0.2,0.3,693.15,104.53%,45.83%
2/27/2026,203766.1126,0,1,0.95,0.95,0.119784273,FORCE_BUY,0.2,0.3,689.3,103.77%,45.02%
3/2/2026,203983.9193,0,1,0.95,0.95,0.15746285,FORCE_BUY,0.2,0.3,685.99,103.98%,44.32%
3/3/2026,202567.9968,0,1,1.05,-0.5,0.15804952,FORCE_BUY,0.2,0.3,686.38,102.57%,44.41%
3/4/2026,204731.7582,0,1,1.55,2.4,0.121483671,FORCE_BUY,0.2,0.3,680.33,104.73%,43.13%
3/5/2026,203298.2216,0,1,2,2,0.152030181,FORCE_BUY,0.2,0.3,685.13,103.30%,44.14%
3/6/2026,200073.4125,0,1,1.35,-0.5,0.137395063,FORCE_BUY,0.2,0.3,681.31,100.07%,43.34%
3/9/2026,201277.2506,0,1,1.75,-0.5,0.176305851,FORCE_BUY,0.2,0.3,672.38,101.28%,41.46%
3/10/2026,202055.3702,0,1,1.8,-0.5,0.158956182,FORCE_BUY,0.2,0.3,678.27,102.06%,42.70%
3/11/2026,200058.5106,0,1,2.1,-0.5,0.126421524,FORCE_BUY,0.2,0.3,677.18,100.06%,42.47%
3/12/2026,198636.8657,0,1,2,-0.5,0.153108081,FORCE_BUY,0.2,0.3,676.33,98.64%,42.29%
3/13/2026,197615.1889,0,1,2.45,-0.5,0.183831939,FORCE_BUY,0.2,0.3,666.06,97.62%,40.13%
3/16/2026,199328.3156,0,1,-0.5,0.85,0.145280274,FORCE_BUY,0.2,0.3,662.29,99.33%,39.34%
3/17/2026,199751.5307,0,1,1.4,0.7,0.154639606,FORCE_BUY,0.2,0.3,669.03,99.75%,40.76%
3/18/2026,196977.2071,0,1,1.2,1.35,0.184690135,FORCE_BUY,0.2,0.3,670.79,96.98%,41.13%
3/19/2026,197033.4173,0,1,1.8,0.8,0.140124316,FORCE_BUY,0.2,0.3,661.43,97.03%,39.16%
3/20/2026,194702.7542,0,1,2.2,1.5,0.182462453,FORCE_BUY,0.2,0.3,659.8,94.70%,38.81%
3/23/2026,197815.6505,197815.6505,0,2.2,2.1,0.200361715,FREE,0.2,0.3,648.57,97.82%,36.45%
3/24/2026,197815.6505,197815.6505,0,2.05,1.35,0.140995828,FORCE_BUY,0.2,0.3,655.38,97.82%,37.88%
3/25/2026,197138.8795,0,1,2.1,1.3,0.141693263,FORCE_BUY,0.2,0.3,653.18,97.14%,37.42%
3/26/2026,194867.9368,0,1,2.35,2.3,0.172535946,FORCE_BUY,0.2,0.3,656.82,94.87%,38.19%
3/27/2026,190392.2246,0,1,2.2,-0.5,0.178743447,FORCE_BUY,0.2,0.3,645.09,90.39%,35.72%
3/30/2026,189670.3355,0,1,2.35,-0.5,0.160736368,FORCE_BUY,0.2,0.3,634.09,89.67%,33.41%
3/31/2026,196063.355,0,1,1.55,-0.5,0.147039868,FORCE_BUY,0.2,0.3,631.97,96.06%,32.96%
4/1/2026,196940.36,0,1,1.55,-0.5,0.150161707,FORCE_BUY,0.2,0.3,650.34,96.94%,36.82%
4/2/2026,197292.2809,0,1,1.5,-0.5,0.139853737,FORCE_BUY,0.2,0.3,655.24,97.29%,37.86%
4/6/2026,197890.8472,0,1,1.5,-0.5,0.12745118,FORCE_BUY,0.2,0.3,655.83,97.89%,37.98%
4/7/2026,202622.409,0,1,1.5,2.3,0.175075955,FORCE_BUY,0.2,0.3,656.83,102.62%,38.19%
4/8/2026,202941.0628,0,1,1.5,2.25,0.130980818,FORCE_BUY,0.2,0.3,657.83,102.94%,38.40%
4/9/2026,204318.6678,0,1,1.5,2.25,0.120056055,FORCE_BUY,0.2,0.3,658.83,104.32%,38.61%
4/10/2026,204730.7461,0,1,-0.5,2,0.122825629,FORCE_BUY,0.2,0.3,659.83,104.73%,38.82%
4/13/2026,206472.3035,0,1,-0.5,2,0.125797088,FORCE_BUY,0.2,0.3,660.83,106.47%,39.03%
4/14/2026,208926.7263,0,1,-0.5,2,0.114873054,FORCE_BUY,0.2,0.3,661.83,108.93%,39.24%
4/15/2026,210746.4883,0,1,-0.5,2,0.125536027,FORCE_BUY,0.2,0.3,662.83,110.75%,39.45%
4/16/2026,211218.7241,0,1,0.85,2.45,0.119575233,FORCE_BUY,0.2,0.3,663.83,111.22%,39.66%
4/17/2026,213784.4381,0,1,0.8,2.35,0.138860818,FORCE_BUY,0.2,0.3,664.83,113.78%,39.87%
4/20/2026,213405.4464,0,1,0.8,2.35,0.138059531,FORCE_BUY,0.2,0.3,665.83,113.41%,40.08%
4/21/2026,212656.4865,0,1,0.8,2.35,0.18742873,FORCE_BUY,0.2,0.3,666.83,112.66%,40.29%
