date,equity,cash,pos,buy_th,sell_th,p_day,daily_action,daily_buy_level,daily_sell_level
2024-01-02,100000.0,100000.0,0,1.8999999999999995,-0.5,0.22570619051363802,FREE,0.2,0.3
2024-01-03,100000.0,100000.0,0,-0.5,-0.5,0.22016222758886106,FREE,0.2,0.3
2024-01-04,100000.0,100000.0,0,-0.5,-0.5,0.39472498348875895,FORCE_SELL,0.2,0.3
2024-01-05,100000.0,100000.0,0,-0.5,-0.5,0.3726066384603623,FORCE_SELL,0.2,0.3
2024-01-08,100000.0,100000.0,0,-0.5,-0.5,0.40244319069886086,FORCE_SELL,0.2,0.3
2024-01-09,100000.0,100000.0,0,1.1999999999999997,-0.5,0.3517704150675414,FORCE_SELL,0.2,0.3
2024-01-10,100000.0,100000.0,0,0.5499999999999998,-0.5,0.35205364579292464,FORCE_SELL,0.2,0.3
2024-01-11,100000.0,100000.0,0,0.7499999999999998,-0.5,0.4178997964001115,FORCE_SELL,0.2,0.3
2024-01-12,100000.0,100000.0,0,-0.5,-0.5,0.3926784929460161,FORCE_SELL,0.2,0.3
2024-01-16,100000.0,100000.0,0,1.0499999999999996,2.499999999999999,0.37299402826409384,FORCE_SELL,0.2,0.3
2024-01-17,100000.0,100000.0,0,1.0999999999999996,1.5999999999999996,0.3262323965031299,FORCE_SELL,0.2,0.3
2024-01-18,100000.0,100000.0,0,0.19999999999999984,-0.5,0.17722077587637633,FORCE_BUY,0.2,0.3
2024-01-19,100000.0,100000.0,0,0.19999999999999984,-0.5,0.20770491012850048,FREE,0.2,0.3
2024-01-22,100394.32428688587,0.0,1,0.19999999999999984,-0.5,0.23523707480478048,FREE,0.2,0.3
2024-01-23,101072.40710093845,0.0,1,1.4499999999999995,2.349999999999999,0.19332029832360428,FORCE_BUY,0.2,0.3
2024-01-24,101434.12582986156,101434.12582986156,0,1.5999999999999996,1.7499999999999996,0.2839833833690855,FREE,0.2,0.3
2024-01-25,100682.98292170657,0.0,1,2.499999999999999,-0.5,0.27215152476217946,FREE,0.2,0.3
2024-01-26,100830.31228071402,100830.31228071402,0,2.2499999999999996,-0.5,0.26649616784110103,FREE,0.2,0.3
2024-01-29,100830.31228071402,100830.31228071402,0,2.2499999999999996,-0.5,0.23293191572983832,FREE,0.2,0.3
2024-01-30,100177.32773198576,0.0,1,2.499999999999999,-0.5,0.24872346060282902,FREE,0.2,0.3
2024-01-31,99816.40536323415,99816.40536323415,0,-0.5,-0.5,0.3275663072989188,FORCE_SELL,0.2,0.3
2024-02-01,101466.99162162686,0.0,1,-0.5,-0.5,0.19761441197784615,FORCE_BUY,0.2,0.3
2024-02-02,101288.07377361358,101288.07377361358,0,1.8999999999999995,2.499999999999999,0.2134761221179551,FREE,0.2,0.3
2024-02-05,101288.07377361358,101288.07377361358,0,1.8999999999999995,2.499999999999999,0.20611827184166162,FREE,0.2,0.3
2024-02-06,101503.7716879431,101503.7716879431,0,-0.5,-0.5,0.24373197540727612,FREE,0.2,0.3
2024-02-07,102502.7451522025,0.0,1,1.6999999999999993,2.4499999999999993,0.1758464491569299,FORCE_BUY,0.2,0.3
2024-02-08,102668.84525314823,0.0,1,-0.5,2.0999999999999996,0.1708101085825089,FORCE_BUY,0.2,0.3
2024-02-09,103748.49590929555,0.0,1,1.5999999999999996,1.8499999999999996,0.19025087084762052,FORCE_BUY,0.2,0.3
2024-02-12,103091.50093423983,0.0,1,-0.5,-0.5,0.25870520255460816,FREE,0.2,0.3
2024-02-13,101720.11111743913,0.0,1,2.3999999999999995,-0.5,0.32957890366383163,FORCE_SELL,0.2,0.3
2024-02-14,102156.67811794316,102156.67811794316,0,-0.5,-0.5,0.20098656070457802,FREE,0.2,0.3
2024-02-15,102389.697590172,0.0,1,-0.5,-0.5,0.18591337976733677,FORCE_BUY,0.2,0.3
2024-02-16,102341.3246849224,0.0,1,1.9999999999999996,1.6499999999999995,0.2866425876398795,FREE,0.2,0.3
2024-02-20,101814.9209129163,101814.9209129163,0,2.0999999999999996,-0.5,0.23476268474248038,FREE,0.2,0.3
2024-02-21,103923.31433836246,0.0,1,1.7999999999999994,-0.5,0.16622504930399107,FORCE_BUY,0.2,0.3
2024-02-22,105526.20518433172,0.0,1,1.7999999999999994,-0.5,0.23125700497011362,FREE,0.2,0.3
2024-02-23,104889.39879108898,104889.39879108898,0,2.0999999999999996,1.7999999999999994,0.26312359193143275,FREE,0.2,0.3
2024-02-26,104855.51035021902,0.0,1,-0.5,1.7499999999999996,0.2480536889952306,FREE,0.2,0.3
2024-02-27,105129.57955072171,0.0,1,-0.5,1.6999999999999993,0.17292379576637015,FORCE_BUY,0.2,0.3
2024-02-28,104716.96220959463,104716.96220959463,0,2.349999999999999,2.499999999999999,0.2161642006476183,FREE,0.2,0.3
2024-02-29,104716.96220959463,104716.96220959463,0,-0.5,-0.5,0.20027531403228294,FREE,0.2,0.3
2024-03-01,106157.51806015254,0.0,1,-0.5,2.2499999999999996,0.1932702061144563,FORCE_BUY,0.2,0.3
2024-03-04,106400.03377610879,0.0,1,1.4999999999999996,-0.5,0.25152712082842577,FREE,0.2,0.3
2024-03-05,104814.87718162489,0.0,1,2.4499999999999993,-0.5,0.30234995665964787,FORCE_SELL,0.2,0.3
2024-03-06,105487.3678580726,105487.3678580726,0,2.499999999999999,-0.5,0.2913984649867556,FREE,0.2,0.3
2024-03-07,105487.3678580726,105487.3678580726,0,1.7499999999999996,2.1499999999999995,0.20192265986092126,FREE,0.2,0.3
2024-03-08,105487.3678580726,105487.3678580726,0,2.4499999999999993,-0.5,0.3225702838948102,FORCE_SELL,0.2,0.3
2024-03-11,105644.03107261265,105644.03107261265,0,2.0999999999999996,-0.5,0.20682274593712813,FREE,0.2,0.3
2024-03-12,106024.46041298106,106024.46041298106,0,2.0999999999999996,-0.5,0.23915746633779655,FREE,0.2,0.3
2024-03-13,106378.41664812282,0.0,1,2.1499999999999995,-0.5,0.23658020669141833,FREE,0.2,0.3
2024-03-14,106301.7635572167,106301.7635572167,0,1.8999999999999995,-0.5,0.26784250361603773,FREE,0.2,0.3
2024-03-15,105051.68186174943,0.0,1,2.0999999999999996,-0.5,0.27536311316775414,FREE,0.2,0.3
2024-03-18,106185.39174261793,0.0,1,1.2499999999999996,-0.5,0.26190668430526637,FREE,0.2,0.3
2024-03-19,106659.68341153265,0.0,1,1.2499999999999996,-0.5,0.18101455018914206,FORCE_BUY,0.2,0.3
2024-03-20,108496.04346297175,0.0,1,1.1999999999999997,-0.5,0.19692230399417798,FORCE_BUY,0.2,0.3
2024-03-21,109124.41619047376,109124.41619047376,0,1.1999999999999997,-0.5,0.24325357588043983,FREE,0.2,0.3
2024-03-22,109124.41619047376,109124.41619047376,0,-0.5,1.3999999999999995,0.2065230565426044,FREE,0.2,0.3
2024-03-25,109325.18449327332,0.0,1,0.5999999999999996,1.7499999999999996,0.20662975654879687,FREE,0.2,0.3
2024-03-26,109260.49844845026,109260.49844845026,0,0.7499999999999998,-0.5,0.28147912597805735,FREE,0.2,0.3
2024-03-27,109451.99973676457,109451.99973676457,0,0.9999999999999996,2.3999999999999995,0.212869102520999,FREE,0.2,0.3
2024-03-28,109493.88858178361,0.0,1,0.5999999999999996,2.0499999999999994,0.23104012495568185,FREE,0.2,0.3
2024-04-01,109750.37230655737,109750.37230655737,0,1.0999999999999996,-0.5,0.23969423537257792,FREE,0.2,0.3
2024-04-02,110215.22563918523,0.0,1,1.0999999999999996,-0.5,0.18940048121709263,FORCE_BUY,0.2,0.3
2024-04-03,110912.50563812701,110912.50563812701,0,1.0499999999999996,-0.5,0.21771730113197674,FREE,0.2,0.3
2024-04-04,110912.50563812701,110912.50563812701,0,1.0499999999999996,-0.5,0.434767322126776,FORCE_SELL,0.2,0.3
2024-04-05,110944.2208350771,0.0,1,1.0499999999999996,-0.5,0.24783381962590267,FREE,0.2,0.3
2024-04-08,111521.5533526196,111521.5533526196,0,-0.5,-0.5,0.21058162598628918,FREE,0.2,0.3
2024-04-09,111716.81146430061,111716.81146430061,0,1.0499999999999996,2.0999999999999996,0.21267601523415733,FREE,0.2,0.3
2024-04-10,112209.29499741227,0.0,1,0.9499999999999997,1.3499999999999996,0.19541555971665525,FORCE_BUY,0.2,0.3
2024-04-11,113041.82094373486,113041.82094373486,0,0.7499999999999998,-0.5,0.25606224497517177,FREE,0.2,0.3
2024-04-12,112254.94963139587,0.0,1,1.3999999999999995,-0.5,0.2990390150665278,FREE,0.2,0.3
2024-04-15,110634.80157061337,0.0,1,1.3999999999999995,-0.5,0.35878429477043056,FORCE_SELL,0.2,0.3
2024-04-16,111738.9815478679,111738.9815478679,0,1.8999999999999995,-0.5,0.20875004087475757,FREE,0.2,0.3
2024-04-17,112251.76170200935,112251.76170200935,0,1.5499999999999994,-0.5,0.2613902325287998,FREE,0.2,0.3
2024-04-18,110978.98250827432,0.0,1,1.9999999999999996,-0.5,0.23701786563281457,FREE,0.2,0.3
2024-04-19,110423.56080300995,0.0,1,2.2999999999999994,-0.5,0.2523385544603826,FREE,0.2,0.3
2024-04-22,111557.5468690068,0.0,1,1.1499999999999997,-0.5,0.19669397938026986,FORCE_BUY,0.2,0.3
2024-04-23,114036.30699915046,0.0,1,1.2999999999999996,2.3999999999999995,0.18744314893186745,FORCE_BUY,0.2,0.3
2024-04-24,114064.12802082534,0.0,1,-0.5,2.499999999999999,0.2246230890812313,FREE,0.2,0.3
2024-04-25,116060.36522064912,0.0,1,1.5999999999999996,-0.5,0.18405831142024887,FORCE_BUY,0.2,0.3
2024-04-26,116614.87555393351,0.0,1,2.2999999999999994,-0.5,0.19830288408133248,FORCE_BUY,0.2,0.3
2024-04-29,117074.7133912913,0.0,1,2.2999999999999994,-0.5,0.1698739818895176,FORCE_BUY,0.2,0.3
2024-04-30,116934.05711162892,116934.05711162892,0,1.6499999999999995,-0.5,0.3200288127085691,FORCE_SELL,0.2,0.3
2024-05-01,116934.05711162892,116934.05711162892,0,1.8499999999999996,1.3999999999999995,0.32691524902670616,FORCE_SELL,0.2,0.3
2024-05-02,117082.06381540581,117082.06381540581,0,1.3499999999999996,2.499999999999999,0.21836625823974387,FREE,0.2,0.3
2024-05-03,117082.06381540581,117082.06381540581,0,1.4499999999999995,2.2499999999999996,0.18129507358611138,FORCE_BUY,0.2,0.3
2024-05-06,117082.06381540581,117082.06381540581,0,1.4499999999999995,2.2499999999999996,0.15172147412656237,FORCE_BUY,0.2,0.3
2024-05-07,117082.06381540581,117082.06381540581,0,0.8499999999999996,-0.5,0.20486112798020858,FREE,0.2,0.3
2024-05-08,116915.44464405018,116915.44464405018,0,1.1499999999999997,2.1999999999999993,0.22325853541839083,FREE,0.2,0.3
2024-05-09,117680.52131450578,0.0,1,0.8499999999999996,1.7999999999999994,0.19707569710990414,FORCE_BUY,0.2,0.3
2024-05-10,117771.15757511726,117771.15757511726,0,1.1499999999999997,2.2499999999999996,0.20976306837622527,FREE,0.2,0.3
2024-05-13,117771.15757511726,117771.15757511726,0,1.1499999999999997,2.2499999999999996,0.21282895807458202,FREE,0.2,0.3
2024-05-14,118756.06656191277,0.0,1,-0.5,-0.5,0.16783762958008497,FORCE_BUY,0.2,0.3
2024-05-15,120707.2777414019,0.0,1,-0.5,-0.5,0.1957340260385165,FORCE_BUY,0.2,0.3
2024-05-16,120714.89033974764,0.0,1,-0.5,-0.5,0.2307428696901411,FREE,0.2,0.3
2024-05-17,120600.04587130634,0.0,1,1.0999999999999996,-0.5,0.18691627950804923,FORCE_BUY,0.2,0.3
2024-05-20,121401.28634880368,0.0,1,1.2999999999999996,-0.5,0.160697429621617,FORCE_BUY,0.2,0.3
2024-05-21,121820.60219869394,0.0,1,1.2999999999999996,0.9999999999999996,0.14426600579803692,FORCE_BUY,0.2,0.3
2024-05-22,122236.98016683338,0.0,1,1.1999999999999997,1.1999999999999997,0.18259469473212195,FORCE_BUY,0.2,0.3
2024-05-23,122747.37035099918,122747.37035099918,0,-0.5,0.8499999999999996,0.3514124838614146,FORCE_SELL,0.2,0.3
2024-05-24,123175.02705960396,0.0,1,1.8499999999999996,1.9499999999999993,0.22031929889710974,FREE,0.2,0.3
2024-05-28,123559.65483271288,0.0,1,1.8499999999999996,1.9499999999999993,0.1647135652921372,FORCE_BUY,0.2,0.3
2024-05-29,122359.48553259468,0.0,1,2.1499999999999995,-0.5,0.20144439671393907,FREE,0.2,0.3
2024-05-30,122386.4343081731,0.0,1,1.4499999999999995,-0.5,0.23737363523943542,FREE,0.2,0.3
2024-05-31,121150.13253931802,121150.13253931802,0,2.2499999999999996,-0.5,0.22066993930081727,FREE,0.2,0.3
2024-06-03,121150.13253931802,121150.13253931802,0,2.2499999999999996,-0.5,0.2108443117491423,FREE,0.2,0.3
2024-06-04,121150.13253931802,121150.13253931802,0,2.2499999999999996,-0.5,0.16044208072176128,FORCE_BUY,0.2,0.3
2024-06-05,123130.23899319551,0.0,1,2.2499999999999996,-0.5,0.17364734791243733,FORCE_BUY,0.2,0.3
2024-06-06,123053.26434552469,0.0,1,2.2499999999999996,-0.5,0.1386786107846499,FORCE_BUY,0.2,0.3
2024-06-07,122681.66259814819,0.0,1,2.2499999999999996,-0.5,0.17687534655034506,FORCE_BUY,0.2,0.3
2024-06-10,123185.979255302,0.0,1,1.2499999999999996,2.0999999999999996,0.13977899972779592,FORCE_BUY,0.2,0.3
2024-06-11,124303.43879562696,0.0,1,1.1499999999999997,2.1499999999999995,0.13009849592332223,FORCE_BUY,0.2,0.3
2024-06-12,126535.70357808137,0.0,1,1.6499999999999995,2.499999999999999,0.1658044741003658,FORCE_BUY,0.2,0.3
2024-06-13,126673.72708424978,0.0,1,-0.5,1.1999999999999997,0.15024023045157753,FORCE_BUY,0.2,0.3
2024-06-14,127193.96953057684,0.0,1,1.5499999999999994,1.7499999999999996,0.12115345139837201,FORCE_BUY,0.2,0.3
2024-06-17,128797.16564068678,0.0,1,2.0999999999999996,1.4999999999999996,0.1748081925690007,FORCE_BUY,0.2,0.3
2024-06-18,128935.18914685519,0.0,1,2.3999999999999995,2.2999999999999994,0.14246769527662548,FORCE_BUY,0.2,0.3
2024-06-20,129984.1842450841,0.0,1,2.2999999999999994,-0.5,0.2573390731747007,FREE,0.2,0.3
2024-06-21,129520.55188454007,0.0,1,2.1999999999999993,-0.5,0.18811100453130458,FORCE_BUY,0.2,0.3
2024-06-24,129967.23676863969,0.0,1,1.7499999999999996,-0.5,0.23906639590264347,FREE,0.2,0.3
2024-06-25,131279.06891656996,0.0,1,1.9499999999999993,0.7999999999999998,0.14365252308967447,FORCE_BUY,0.2,0.3
2024-06-26,130988.76785669394,0.0,1,1.5499999999999994,-0.5,0.14593428116901244,FORCE_BUY,0.2,0.3
2024-06-27,132195.70820657467,0.0,1,1.5499999999999994,-0.5,0.16430572905947757,FORCE_BUY,0.2,0.3
2024-06-28,132430.09759962244,0.0,1,1.5499999999999994,-0.5,0.2552372562116391,FREE,0.2,0.3
2024-07-01,132907.85559446612,0.0,1,1.5499999999999994,-0.5,0.17050280970563383,FORCE_BUY,0.2,0.3
2024-07-02,134352.17600662366,0.0,1,1.5499999999999994,-0.5,0.17331555686007527,FORCE_BUY,0.2,0.3
2024-07-03,135546.87477049264,0.0,1,1.5499999999999994,-0.5,0.1298799867760971,FORCE_BUY,0.2,0.3
2024-07-05,136892.85436070577,0.0,1,1.5499999999999994,-0.5,0.15064821770123735,FORCE_BUY,0.2,0.3
2024-07-08,137829.03910204687,0.0,1,1.5499999999999994,-0.5,0.12753589072400137,FORCE_BUY,0.2,0.3
2024-07-09,137572.20965973206,0.0,1,1.5499999999999994,-0.5,0.17024089070835294,FORCE_BUY,0.2,0.3
2024-07-10,138823.21758842684,0.0,1,1.5499999999999994,-0.5,0.15372232375125572,FORCE_BUY,0.2,0.3
2024-07-11,136484.13653852735,136484.13653852735,0,2.3999999999999995,-0.5,0.3529986015650118,FORCE_SELL,0.2,0.3
2024-07-12,136484.13653852735,136484.13653852735,0,2.349999999999999,-0.5,0.25177907801886984,FREE,0.2,0.3
2024-07-15,136484.13653852735,136484.13653852735,0,2.349999999999999,-0.5,0.25788157244162657,FREE,0.2,0.3
2024-07-16,136484.13653852735,136484.13653852735,0,-0.5,1.2999999999999996,0.19243510118924534,FORCE_BUY,0.2,0.3
2024-07-17,136484.13653852735,136484.13653852735,0,2.0999999999999996,-0.5,0.41264232328287137,FORCE_SELL,0.2,0.3
2024-07-18,136484.13653852735,136484.13653852735,0,2.1499999999999995,-0.5,0.43173368440059506,FORCE_SELL,0.2,0.3
2024-07-19,136484.13653852735,136484.13653852735,0,1.9499999999999993,1.8999999999999995,0.4698495770364537,FORCE_SELL,0.2,0.3
2024-07-22,136416.88393394285,0.0,1,1.9499999999999993,1.8999999999999995,0.29150422291425776,FREE,0.2,0.3
2024-07-23,136835.47418224913,136835.47418224913,0,1.4999999999999996,-0.5,0.37102626400181477,FORCE_SELL,0.2,0.3
2024-07-24,136835.47418224913,136835.47418224913,0,2.2499999999999996,-0.5,0.43250875257492316,FORCE_SELL,0.2,0.3
2024-07-25,136835.47418224913,136835.47418224913,0,2.0499999999999994,-0.5,0.3782772481155914,FORCE_SELL,0.2,0.3
2024-07-26,136835.47418224913,136835.47418224913,0,2.349999999999999,1.9499999999999993,0.2876976786686129,FREE,0.2,0.3
2024-07-29,136835.47418224913,136835.47418224913,0,1.0999999999999996,1.5999999999999996,0.30883025296681416,FORCE_SELL,0.2,0.3
2024-07-30,136835.47418224913,136835.47418224913,0,-0.5,1.9499999999999993,0.33921028111233403,FORCE_SELL,0.2,0.3
2024-07-31,136835.47418224913,136835.47418224913,0,0.6499999999999997,2.3999999999999995,0.30495540804368976,FORCE_SELL,0.2,0.3
2024-08-01,136835.47418224913,136835.47418224913,0,2.349999999999999,-0.5,0.4836149850114834,FORCE_SELL,0.2,0.3
2024-08-02,136835.47418224913,136835.47418224913,0,2.349999999999999,-0.5,0.32893887393468463,FORCE_SELL,0.2,0.3
2024-08-05,136835.47418224913,136835.47418224913,0,1.6499999999999995,-0.5,0.5345143633070798,FORCE_SELL,0.2,0.3
2024-08-06,136835.47418224913,136835.47418224913,0,-0.5,2.349999999999999,0.32568623369698196,FORCE_SELL,0.2,0.3
2024-08-07,136835.47418224913,136835.47418224913,0,-0.5,-0.5,0.41429697733830223,FORCE_SELL,0.2,0.3
2024-08-08,139607.1482798904,139607.1482798904,0,2.2999999999999994,-0.5,0.28637588450709567,FREE,0.2,0.3
2024-08-09,140656.4963620498,140656.4963620498,0,-0.5,-0.5,0.26650382380380266,FREE,0.2,0.3
2024-08-12,140656.4963620498,140656.4963620498,0,-0.5,-0.5,0.34607198403949574,FORCE_SELL,0.2,0.3
2024-08-13,140656.4963620498,140656.4963620498,0,-0.5,-0.5,0.13679681488600307,FORCE_BUY,0.2,0.3
2024-08-14,140696.01686115732,0.0,1,-0.5,-0.5,0.14377615209249484,FORCE_BUY,0.2,0.3
2024-08-15,144401.82366208537,0.0,1,-0.5,-0.5,0.14675106093802326,FORCE_BUY,0.2,0.3
2024-08-16,144182.94089779755,0.0,1,1.7499999999999996,-0.5,0.14173760207503974,FORCE_BUY,0.2,0.3
2024-08-19,146298.80761924625,0.0,1,-0.5,-0.5,0.1428218400658216,FORCE_BUY,0.2,0.3
2024-08-20,145803.64616581297,0.0,1,2.1499999999999995,-0.5,0.1852081337118827,FORCE_BUY,0.2,0.3
2024-08-21,146931.13560496652,0.0,1,1.6999999999999993,-0.5,0.15262043506647185,FORCE_BUY,0.2,0.3
2024-08-22,145835.98136091456,0.0,1,1.6999999999999993,-0.5,0.23409131032671007,FREE,0.2,0.3
2024-08-23,146449.87736119525,146449.87736119525,0,2.2999999999999994,2.3999999999999995,0.20544003407748238,FREE,0.2,0.3
2024-08-26,145585.82417646627,145585.82417646627,0,2.1999999999999993,1.6999999999999993,0.23242481604692936,FREE,0.2,0.3
2024-08-27,145264.88125103002,0.0,1,2.1499999999999995,1.8499999999999996,0.17191473797964196,FORCE_BUY,0.2,0.3
2024-08-28,143671.2017996541,0.0,1,2.2499999999999996,1.9999999999999996,0.27753674185827276,FREE,0.2,0.3
2024-08-29,146881.1051191693,0.0,1,2.3999999999999995,-0.5,0.26695249698557155,FREE,0.2,0.3
2024-08-30,148329.3295817637,0.0,1,1.7999999999999994,-0.5,0.1667717151496911,FORCE_BUY,0.2,0.3
2024-09-03,147438.5936757379,147438.5936757379,0,2.499999999999999,-0.5,0.3660394122914073,FORCE_SELL,0.2,0.3
2024-09-04,147792.04015841955,0.0,1,2.499999999999999,-0.5,0.19629092728662326,FORCE_BUY,0.2,0.3
2024-09-05,147686.00621361507,0.0,1,-0.5,-0.5,0.19563926889698302,FORCE_BUY,0.2,0.3
2024-09-06,144124.91904223457,0.0,1,2.4499999999999993,-0.5,0.27633995223660773,FREE,0.2,0.3
2024-09-09,146817.38839202182,0.0,1,1.5499999999999994,2.2499999999999996,0.13356442548052583,FORCE_BUY,0.2,0.3
2024-09-10,147810.96713223853,0.0,1,1.4499999999999995,2.3999999999999995,0.14018661720089934,FORCE_BUY,0.2,0.3
2024-09-11,147533.53930217802,147533.53930217802,0,1.3499999999999996,1.9499999999999993,0.23383945646318446,FREE,0.2,0.3
2024-09-12,147533.53930217802,147533.53930217802,0,1.3499999999999996,1.9499999999999993,0.17003194140340683,FORCE_BUY,0.2,0.3
2024-09-13,147854.3795054617,0.0,1,1.3499999999999996,1.9499999999999993,0.17215466310257302,FORCE_BUY,0.2,0.3
2024-09-16,147412.05611841043,0.0,1,2.349999999999999,1.5499999999999994,0.1462300697413458,FORCE_BUY,0.2,0.3
2024-09-17,148175.5753426786,148175.5753426786,0,2.349999999999999,2.1999999999999993,0.21215207916641407,FREE,0.2,0.3
2024-09-18,149934.68652719038,149934.68652719038,0,-0.5,2.0499999999999994,0.2624268849120364,FREE,0.2,0.3
2024-09-19,150395.88978624233,0.0,1,-0.5,2.0999999999999996,0.19688265790117784,FORCE_BUY,0.2,0.3
2024-09-20,150261.89154205832,0.0,1,-0.5,2.499999999999999,0.18085397016642255,FORCE_BUY,0.2,0.3
2024-09-23,150458.21455097906,0.0,1,-0.5,1.5999999999999996,0.18780071455584058,FORCE_BUY,0.2,0.3
2024-09-24,151333.87749553035,0.0,1,1.4499999999999995,0.9499999999999997,0.16151451676302253,FORCE_BUY,0.2,0.3
2024-09-25,152056.8447664766,0.0,1,0.8499999999999996,1.6999999999999993,0.1779362062171558,FORCE_BUY,0.2,0.3
2024-09-26,153512.12802307963,153512.12802307963,0,0.8499999999999996,1.6999999999999993,0.22903079238830426,FREE,0.2,0.3
2024-09-27,153512.12802307963,153512.12802307963,0,0.8499999999999996,1.6999999999999993,0.2823253015124642,FREE,0.2,0.3
2024-09-30,154077.8936537521,0.0,1,-0.5,-0.5,0.17714139201865506,FORCE_BUY,0.2,0.3
2024-10-01,154295.98208121804,154295.98208121804,0,1.3499999999999996,-0.5,0.3134348647946424,FORCE_SELL,0.2,0.3
2024-10-02,156010.12353374783,0.0,1,1.4999999999999996,2.1499999999999995,0.18553532690915742,FORCE_BUY,0.2,0.3
2024-10-03,156827.62330682576,156827.62330682576,0,1.7499999999999996,1.9999999999999996,0.21286167348809534,FREE,0.2,0.3
2024-10-04,157888.02487615697,0.0,1,-0.5,2.499999999999999,0.1633896764560161,FORCE_BUY,0.2,0.3
2024-10-07,157098.06423364035,0.0,1,-0.5,2.499999999999999,0.24931190660947175,FREE,0.2,0.3
2024-10-08,159359.82999196224,0.0,1,1.3499999999999996,1.9499999999999993,0.17619984894883547,FORCE_BUY,0.2,0.3
2024-10-09,160732.55349375494,0.0,1,-0.5,1.7499999999999996,0.1471210709536024,FORCE_BUY,0.2,0.3
2024-10-10,160810.8085152348,0.0,1,1.3999999999999995,1.8999999999999995,0.16106373210024083,FORCE_BUY,0.2,0.3
2024-10-11,160585.8253284802,0.0,1,1.7999999999999994,1.7999999999999994,0.17874119114562434,FORCE_BUY,0.2,0.3
2024-10-14,162291.1326715623,0.0,1,1.7999999999999994,1.7999999999999994,0.15665844279442687,FORCE_BUY,0.2,0.3
2024-10-15,161987.89446332783,161987.89446332783,0,2.0999999999999996,1.3499999999999996,0.3244619265612125,FORCE_SELL,0.2,0.3
2024-10-16,162711.5733983649,0.0,1,1.7999999999999994,1.2499999999999996,0.16778933565042975,FORCE_BUY,0.2,0.3
2024-10-17,163883.13189586982,163883.13189586982,0,1.7999999999999994,1.1499999999999997,0.28120649044103174,FREE,0.2,0.3
2024-10-18,164245.11007935175,0.0,1,1.3999999999999995,2.2499999999999996,0.18203232883173429,FORCE_BUY,0.2,0.3
2024-10-21,164517.42394215468,0.0,1,1.3499999999999996,-0.5,0.1875489510640537,FORCE_BUY,0.2,0.3
2024-10-22,164509.5788690592,164509.5788690592,0,1.8499999999999996,1.5999999999999996,0.2144325595110693,FREE,0.2,0.3
2024-10-23,164509.5788690592,164509.5788690592,0,1.6499999999999995,1.1499999999999997,0.3051915644907291,FORCE_SELL,0.2,0.3
2024-10-24,164509.5788690592,164509.5788690592,0,2.3999999999999995,-0.5,0.18118506106712753,FORCE_BUY,0.2,0.3
2024-10-25,164509.5788690592,164509.5788690592,0,2.1499999999999995,-0.5,0.2758523282010021,FREE,0.2,0.3
2024-10-28,164664.4905176977,164664.4905176977,0,1.3999999999999995,2.1999999999999993,0.2737358166004802,FREE,0.2,0.3
2024-10-29,166695.5387191333,0.0,1,0.7499999999999998,2.1499999999999995,0.1730660385450942,FORCE_BUY,0.2,0.3
2024-10-30,164635.26708338357,0.0,1,1.3499999999999996,2.2499999999999996,0.2678562735197492,FREE,0.2,0.3
2024-10-31,161840.769335442,0.0,1,2.4499999999999993,-0.5,0.31271708104278356,FORCE_SELL,0.2,0.3
2024-11-01,162697.79310778208,162697.79310778208,0,2.4499999999999993,2.3999999999999995,0.21907882138970983,FREE,0.2,0.3
2024-11-04,162697.79310778208,162697.79310778208,0,1.6999999999999993,1.1999999999999997,0.20422288595589888,FREE,0.2,0.3
2024-11-05,162697.79310778208,162697.79310778208,0,1.3499999999999996,1.1999999999999997,0.16912028385176625,FORCE_BUY,0.2,0.3
2024-11-06,162697.79310778208,162697.79310778208,0,1.3499999999999996,1.1999999999999997,0.1862339013565384,FORCE_BUY,0.2,0.3
2024-11-07,162697.79310778208,162697.79310778208,0,1.3499999999999996,1.1999999999999997,0.17088242766653297,FORCE_BUY,0.2,0.3
2024-11-08,162697.79310778208,162697.79310778208,0,1.3499999999999996,1.1999999999999997,0.15307151406290143,FORCE_BUY,0.2,0.3
2024-11-11,162697.79310778208,162697.79310778208,0,1.3499999999999996,1.1999999999999997,0.1677513871869116,FORCE_BUY,0.2,0.3
2024-11-12,162314.04797205672,0.0,1,-0.5,1.8999999999999995,0.19827475265407682,FORCE_BUY,0.2,0.3
2024-11-13,162622.14228413225,0.0,1,-0.5,2.1499999999999995,0.22014786990783333,FREE,0.2,0.3
2024-11-14,162101.89095874215,0.0,1,-0.5,-0.5,0.2666151675985036,FREE,0.2,0.3
2024-11-15,159008.1114068227,0.0,1,-0.5,-0.5,0.28602863345790414,FREE,0.2,0.3
2024-11-18,159942.32405331748,0.0,1,-0.5,2.349999999999999,0.19951313602264698,FORCE_BUY,0.2,0.3
2024-11-19,159962.6479965216,159962.6479965216,0,-0.5,-0.5,0.2023403054030959,FREE,0.2,0.3
2024-11-20,159962.6479965216,159962.6479965216,0,1.3999999999999995,-0.5,0.1871040316460925,FORCE_BUY,0.2,0.3
2024-11-21,161829.2162214213,0.0,1,-0.5,-0.5,0.2248923012903387,FREE,0.2,0.3
2024-11-22,162773.7447207681,0.0,1,1.0999999999999996,2.4499999999999993,0.16225848194051803,FORCE_BUY,0.2,0.3
2024-11-25,163897.89411615647,163897.89411615647,0,1.6499999999999995,2.2499999999999996,0.25656067111677733,FREE,0.2,0.3
2024-11-26,164265.66027951127,0.0,1,0.9499999999999997,2.2499999999999996,0.17364181386741095,FORCE_BUY,0.2,0.3
2024-11-27,163345.91958319474,0.0,1,1.5499999999999994,2.499999999999999,0.21721936383902207,FREE,0.2,0.3
2024-11-29,164698.5270991109,0.0,1,1.5499999999999994,2.499999999999999,0.16310981286243884,FORCE_BUY,0.2,0.3
2024-12-02,166299.7044926537,0.0,1,1.5499999999999994,2.499999999999999,0.1540129026263455,FORCE_BUY,0.2,0.3
2024-12-03,167210.05131720827,0.0,1,1.5499999999999994,2.499999999999999,0.12230359432979095,FORCE_BUY,0.2,0.3
2024-12-04,168614.30971678713,0.0,1,1.5499999999999994,2.499999999999999,0.14022892746920937,FORCE_BUY,0.2,0.3
2024-12-05,168304.40441481108,0.0,1,-0.5,1.6999999999999993,0.18832755126617873,FORCE_BUY,0.2,0.3
2024-12-06,169786.13913988398,0.0,1,1.2999999999999996,2.349999999999999,0.13561716128894885,FORCE_BUY,0.2,0.3
2024-12-09,168681.8128501968,0.0,1,2.499999999999999,-0.5,0.27064469548328024,FREE,0.2,0.3
2024-12-10,169198.6175158811,169198.6175158811,0,2.0499999999999994,1.0999999999999996,0.2705171529650277,FREE,0.2,0.3
2024-12-11,169198.6175158811,169198.6175158811,0,1.5499999999999994,1.5499999999999994,0.16603684929233228,FORCE_BUY,0.2,0.3
2024-12-12,169198.6175158811,169198.6175158811,0,1.5499999999999994,1.5499999999999994,0.24195241014096092,FREE,0.2,0.3
2024-12-13,168971.1947507895,168971.1947507895,0,1.5499999999999994,1.5499999999999994,0.20470587250645622,FREE,0.2,0.3
2024-12-16,170410.3265848925,0.0,1,1.5499999999999994,1.5499999999999994,0.18466662532844946,FORCE_BUY,0.2,0.3
2024-12-17,169636.70226116304,0.0,1,2.0499999999999994,1.7499999999999996,0.218364177201561,FREE,0.2,0.3
2024-12-18,170387.99444130424,170387.99444130424,0,2.4499999999999993,-0.5,0.747670600066,FORCE_SELL,0.2,0.3
2024-12-19,170387.99444130424,170387.99444130424,0,2.1999999999999993,-0.5,0.3625993317746247,FORCE_SELL,0.2,0.3
2024-12-20,170387.99444130424,170387.99444130424,0,2.3999999999999995,-0.5,0.38109698439708256,FORCE_SELL,0.2,0.3
2024-12-23,171669.57662548794,0.0,1,2.3999999999999995,-0.5,0.2170404367064691,FREE,0.2,0.3
2024-12-24,172093.48457871797,172093.48457871797,0,1.6499999999999995,-0.5,0.20523377134957985,FREE,0.2,0.3
2024-12-26,172093.48457871797,172093.48457871797,0,1.3499999999999996,-0.5,0.24058931671406467,FREE,0.2,0.3
2024-12-27,170554.05036380605,0.0,1,0.9999999999999996,-0.5,0.2802307179900277,FREE,0.2,0.3
2024-12-30,167814.72426937005,0.0,1,2.349999999999999,2.2499999999999996,0.2385727928559324,FREE,0.2,0.3
2024-12-31,167399.81729164557,0.0,1,2.3999999999999995,2.1499999999999995,0.27717836797496076,FREE,0.2,0.3
2025-01-02,166296.3485015023,166296.3485015023,0,1.9499999999999993,-0.5,0.28404261297965977,FREE,0.2,0.3
2025-01-03,166934.5080032356,166934.5080032356,0,-0.5,-0.5,0.2044843358687304,FREE,0.2,0.3
2025-01-06,166934.5080032356,166934.5080032356,0,-0.5,-0.5,0.26862727629346084,FREE,0.2,0.3
2025-01-07,166934.5080032356,166934.5080032356,0,2.1499999999999995,-0.5,0.3677696029406364,FORCE_SELL,0.2,0.3
2025-01-08,167522.1607811039,0.0,1,1.8999999999999995,2.0999999999999996,0.2170517238655283,FREE,0.2,0.3
2025-01-10,167799.54227078345,167799.54227078345,0,2.3999999999999995,2.2499999999999996,0.27198709169447666,FREE,0.2,0.3
2025-01-13,170469.73609845014,0.0,1,2.3999999999999995,2.2499999999999996,0.19288606523753007,FORCE_BUY,0.2,0.3
2025-01-14,169704.906710626,0.0,1,2.3999999999999995,-0.5,0.2877003621976398,FREE,0.2,0.3
2025-01-15,170749.96809743554,170749.96809743554,0,2.2499999999999996,-0.5,0.24642619149346282,FREE,0.2,0.3
2025-01-16,170749.96809743554,170749.96809743554,0,2.1999999999999993,2.4499999999999993,0.3529033247833382,FORCE_SELL,0.2,0.3
2025-01-17,171065.14425804914,171065.14425804914,0,-0.5,2.1499999999999995,0.2554842237155618,FREE,0.2,0.3
2025-01-21,171065.14425804914,171065.14425804914,0,-0.5,2.1499999999999995,0.18926626225870227,FORCE_BUY,0.2,0.3
2025-01-22,171065.14425804914,171065.14425804914,0,-0.5,2.1499999999999995,0.24076632773270798,FREE,0.2,0.3
2025-01-23,172006.93322743618,0.0,1,1.0499999999999996,-0.5,0.20312090008611575,FREE,0.2,0.3
2025-01-24,172396.80495507794,172396.80495507794,0,-0.5,-0.5,0.29633776729714906,FREE,0.2,0.3
2025-01-27,172697.22426941237,172697.22426941237,0,-0.5,-0.5,0.2627972057806005,FREE,0.2,0.3
2025-01-28,173480.94808342727,0.0,1,-0.5,-0.5,0.25545927219749154,FREE,0.2,0.3
2025-01-29,175272.26788833266,175272.26788833266,0,1.6999999999999993,1.7999999999999994,0.22485987350380876,FREE,0.2,0.3
2025-01-30,176247.9678478368,176247.9678478368,0,-0.5,1.4999999999999996,0.25135640101506607,FREE,0.2,0.3
2025-01-31,176247.9678478368,176247.9678478368,0,-0.5,1.4499999999999995,0.3725051321391897,FORCE_SELL,0.2,0.3
2025-02-03,179367.2255341499,0.0,1,0.8999999999999997,2.4499999999999993,0.2565745225174392,FREE,0.2,0.3
2025-02-04,178618.88133830923,0.0,1,1.4499999999999995,2.0999999999999996,0.2212383993891713,FREE,0.2,0.3
2025-02-05,178122.65671529196,178122.65671529196,0,1.3999999999999995,2.3999999999999995,0.20379637373964607,FREE,0.2,0.3
2025-02-06,179197.4078770465,0.0,1,-0.5,1.7999999999999994,0.1921123060097373,FORCE_BUY,0.2,0.3
2025-02-07,179942.1173434591,179942.1173434591,0,-0.5,-0.5,0.37837930943409265,FORCE_SELL,0.2,0.3
2025-02-10,180153.73062552963,180153.73062552963,0,2.2499999999999996,2.2999999999999994,0.20795025817006893,FREE,0.2,0.3
2025-02-11,180153.73062552963,180153.73062552963,0,1.1999999999999997,2.2999999999999994,0.22314737429938805,FREE,0.2,0.3
2025-02-12,180523.2484383458,180523.2484383458,0,0.9499999999999997,-0.5,0.2077839422480766,FREE,0.2,0.3
2025-02-13,180523.2484383458,180523.2484383458,0,0.9499999999999997,-0.5,0.17886751863474468,FORCE_BUY,0.2,0.3
2025-02-14,180523.2484383458,180523.2484383458,0,0.9499999999999997,-0.5,0.16750849005392135,FORCE_BUY,0.2,0.3
2025-02-18,181483.88881045624,0.0,1,0.9499999999999997,-0.5,0.14819170869520773,FORCE_BUY,0.2,0.3
2025-02-19,181101.13786197128,0.0,1,1.2999999999999996,2.499999999999999,0.16461847009275044,FORCE_BUY,0.2,0.3
2025-02-20,182389.1212706536,0.0,1,1.2499999999999996,1.1999999999999997,0.22316088267771694,FREE,0.2,0.3
2025-02-21,182518.09253190306,182518.09253190306,0,1.8499999999999996,2.1999999999999993,0.4310541853961538,FORCE_SELL,0.2,0.3
2025-02-24,182518.09253190306,182518.09253190306,0,2.3999999999999995,1.3999999999999995,0.345525373638541,FORCE_SELL,0.2,0.3
2025-02-25,182038.0047130817,0.0,1,2.349999999999999,-0.5,0.25356973929268084,FREE,0.2,0.3
2025-02-26,181213.1155823986,0.0,1,2.499999999999999,2.499999999999999,0.25159726046783715,FREE,0.2,0.3
2025-02-27,182678.81249652078,182678.81249652078,0,2.4499999999999993,2.499999999999999,0.4037127300658246,FORCE_SELL,0.2,0.3
2025-02-28,185625.7750489384,0.0,1,1.9499999999999993,-0.5,0.19579946398584627,FORCE_BUY,0.2,0.3
2025-03-03,182284.42345604853,0.0,1,1.9499999999999993,-0.5,0.3619340820556472,FORCE_SELL,0.2,0.3
2025-03-04,182002.68716253142,182002.68716253142,0,2.3999999999999995,-0.5,0.25361444914670417,FREE,0.2,0.3
2025-03-05,184659.60682671145,0.0,1,2.3999999999999995,-0.5,0.18206498298514884,FORCE_BUY,0.2,0.3
2025-03-06,181198.80077094608,0.0,1,2.349999999999999,-0.5,0.24793540774596398,FREE,0.2,0.3
2025-03-07,181409.81073411417,0.0,1,2.499999999999999,2.2999999999999994,0.16507464939433128,FORCE_BUY,0.2,0.3
2025-03-10,174983.7123943802,0.0,1,2.349999999999999,-0.5,0.22068881226291423,FREE,0.2,0.3
2025-03-11,176556.82126207976,0.0,1,2.349999999999999,-0.5,0.1840703207054192,FORCE_BUY,0.2,0.3
2025-03-12,178521.2596455043,0.0,1,1.6999999999999993,-0.5,0.16542050231279717,FORCE_BUY,0.2,0.3
2025-03-13,175550.3163798079,0.0,1,1.3499999999999996,-0.5,0.1996891228701221,FORCE_BUY,0.2,0.3
2025-03-14,178621.9064060737,0.0,1,1.5999999999999996,-0.5,0.16424140294865777,FORCE_BUY,0.2,0.3
2025-03-17,178599.54045928048,178599.54045928048,0,1.5999999999999996,-0.5,0.20126110615470824,FREE,0.2,0.3
2025-03-18,177235.1496992626,0.0,1,1.7499999999999996,-0.5,0.23299432810437545,FREE,0.2,0.3
2025-03-19,177589.7842504533,177589.7842504533,0,1.4499999999999995,2.499999999999999,0.23633237384306446,FREE,0.2,0.3
2025-03-20,176668.47044954172,0.0,1,1.8999999999999995,2.499999999999999,0.2541861201752173,FREE,0.2,0.3
2025-03-21,177494.00682813648,0.0,1,2.2999999999999994,2.499999999999999,0.1818749484416264,FORCE_BUY,0.2,0.3
2025-03-24,180659.09119108724,0.0,1,2.2999999999999994,2.499999999999999,0.17027189953197397,FORCE_BUY,0.2,0.3
2025-03-25,182163.4469695631,0.0,1,1.0999999999999996,1.4499999999999995,0.14312421267828962,FORCE_BUY,0.2,0.3
2025-03-26,181547.98011587863,181547.98011587863,0,2.0499999999999994,-0.5,0.33861943936119543,FORCE_SELL,0.2,0.3
2025-03-27,180457.20462717695,180457.20462717695,0,2.349999999999999,-0.5,0.279949392293708,FREE,0.2,0.3
2025-03-28,180457.20462717695,180457.20462717695,0,2.1999999999999993,-0.5,0.3645459933058652,FORCE_SELL,0.2,0.3
2025-03-31,180457.20462717695,180457.20462717695,0,1.3499999999999996,-0.5,0.32957746143397765,FORCE_SELL,0.2,0.3
2025-04-01,180457.20462717695,180457.20462717695,0,1.4999999999999996,-0.5,0.34823132795041634,FORCE_SELL,0.2,0.3
2025-04-02,180457.20462717695,180457.20462717695,0,2.499999999999999,-0.5,0.4553547793351574,FORCE_SELL,0.2,0.3
2025-04-03,180457.20462717695,180457.20462717695,0,2.2499999999999996,-0.5,0.42434216020914445,FORCE_SELL,0.2,0.3
2025-04-04,180457.20462717695,180457.20462717695,0,2.349999999999999,-0.5,0.5361963623363811,FORCE_SELL,0.2,0.3
2025-04-07,180457.20462717695,180457.20462717695,0,2.349999999999999,-0.5,0.5317023806606699,FORCE_SELL,0.2,0.3
2025-04-08,180457.20462717695,180457.20462717695,0,-0.5,-0.5,0.5530785717920172,FORCE_SELL,0.2,0.3
2025-04-09,180457.20462717695,180457.20462717695,0,-0.5,-0.5,0.7080016826496801,FORCE_SELL,0.2,0.3
2025-04-10,180457.20462717695,180457.20462717695,0,-0.5,-0.5,0.414383998753257,FORCE_SELL,0.2,0.3
2025-04-11,180457.20462717695,180457.20462717695,0,-0.5,-0.5,0.37310518553228467,FORCE_SELL,0.2,0.3
2025-04-14,180457.20462717695,180457.20462717695,0,-0.5,-0.5,0.43523178485808023,FORCE_SELL,0.2,0.3
2025-04-15,180457.20462717695,180457.20462717695,0,-0.5,-0.5,0.4506251228355181,FORCE_SELL,0.2,0.3
2025-04-16,180457.20462717695,180457.20462717695,0,-0.5,-0.5,0.40576473086202003,FORCE_SELL,0.2,0.3
2025-04-17,180457.20462717695,180457.20462717695,0,-0.5,-0.5,0.39720290009712317,FORCE_SELL,0.2,0.3
2025-04-21,180457.20462717695,180457.20462717695,0,2.3999999999999995,-0.5,0.40159341333346615,FORCE_SELL,0.2,0.3
2025-04-22,180457.20462717695,180457.20462717695,0,2.4499999999999993,-0.5,0.4069074246731999,FORCE_SELL,0.2,0.3
2025-04-23,180457.20462717695,180457.20462717695,0,2.499999999999999,-0.5,0.5425762478395024,FORCE_SELL,0.2,0.3
2025-04-24,180457.20462717695,180457.20462717695,0,-0.5,-0.5,0.40208004602863207,FORCE_SELL,0.2,0.3
2025-04-25,181486.6267145873,0.0,1,-0.5,-0.5,0.16835416961000757,FORCE_BUY,0.2,0.3
2025-04-28,182966.9601772765,182966.9601772765,0,2.499999999999999,2.349999999999999,0.20309969058051913,FREE,0.2,0.3
2025-04-29,183362.01172017527,0.0,1,2.2499999999999996,2.499999999999999,0.17984770444303202,FORCE_BUY,0.2,0.3
2025-04-30,182442.22189213758,182442.22189213758,0,-0.5,-0.5,0.22498998731549738,FREE,0.2,0.3
2025-05-01,182442.22189213758,182442.22189213758,0,2.2999999999999994,-0.5,0.3167321821577445,FORCE_SELL,0.2,0.3
2025-05-02,182978.46372660637,182978.46372660637,0,2.2999999999999994,-0.5,0.20462214724686045,FREE,0.2,0.3
2025-05-05,183219.12989653173,0.0,1,-0.5,1.5999999999999996,0.2411594541355492,FREE,0.2,0.3
2025-05-06,184789.8473708043,0.0,1,-0.5,1.9499999999999993,0.22743089159926747,FREE,0.2,0.3
2025-05-07,182862.26474291165,182862.26474291165,0,-0.5,-0.5,0.20211466864370567,FREE,0.2,0.3
2025-05-08,181985.86247883269,0.0,1,-0.5,2.349999999999999,0.19898979468325742,FORCE_BUY,0.2,0.3
2025-05-09,182570.78762006224,182570.78762006224,0,-0.5,1.9499999999999993,0.20069171424476032,FREE,0.2,0.3
2025-05-12,182513.16704640907,0.0,1,-0.5,1.9499999999999993,0.15569537874394832,FORCE_BUY,0.2,0.3
2025-05-13,185891.173176826,0.0,1,-0.5,1.9499999999999993,0.19100851121775805,FORCE_BUY,0.2,0.3
2025-05-14,186600.62648993067,0.0,1,1.4499999999999995,2.4499999999999993,0.14367858163017705,FORCE_BUY,0.2,0.3
2025-05-15,186967.9576469696,0.0,1,1.2999999999999996,2.2499999999999996,0.15999826034623818,FORCE_BUY,0.2,0.3
2025-05-16,185329.37258370765,0.0,1,2.1499999999999995,-0.5,0.13933813922712399,FORCE_BUY,0.2,0.3
2025-05-19,188138.37554929956,0.0,1,2.1499999999999995,-0.5,0.12454278003100616,FORCE_BUY,0.2,0.3
2025-05-20,187209.24379914225,0.0,1,-0.5,1.5499999999999994,0.13450990217621137,FORCE_BUY,0.2,0.3
2025-05-21,186247.700476305,186247.700476305,0,1.4999999999999996,-0.5,0.3224917097252284,FORCE_SELL,0.2,0.3
2025-05-22,186323.84426227244,0.0,1,2.499999999999999,1.4999999999999996,0.19570440119441299,FORCE_BUY,0.2,0.3
2025-05-23,184318.7245651304,0.0,1,2.2499999999999996,1.4499999999999995,0.1847516648295436,FORCE_BUY,0.2,0.3
2025-05-27,189025.13571683085,0.0,1,2.2499999999999996,1.4499999999999995,0.12632349424863157,FORCE_BUY,0.2,0.3
2025-05-28,191610.3985451532,0.0,1,2.1499999999999995,2.0499999999999994,0.1574702390553264,FORCE_BUY,0.2,0.3
2025-05-29,187694.43240968595,0.0,1,2.3999999999999995,-0.5,0.17507199750903482,FORCE_BUY,0.2,0.3
2025-05-30,187999.00755355562,0.0,1,1.8999999999999995,2.2999999999999994,0.12878559629404546,FORCE_BUY,0.2,0.3
2025-06-02,189362.3439118294,0.0,1,1.8999999999999995,2.2999999999999994,0.11628188402461703,FORCE_BUY,0.2,0.3
2025-06-03,191233.30550988595,0.0,1,1.8999999999999995,2.2999999999999994,0.09467116342549105,FORCE_BUY,0.2,0.3
2025-06-04,191592.26907230378,0.0,1,1.8999999999999995,2.2999999999999994,0.08829018243981988,FORCE_BUY,0.2,0.3
2025-06-05,189877.22094075193,0.0,1,2.349999999999999,-0.5,0.18263129791161836,FORCE_BUY,0.2,0.3
2025-06-06,192458.8578745044,0.0,1,2.3999999999999995,2.0499999999999994,0.14323496312653006,FORCE_BUY,0.2,0.3
2025-06-09,192560.382922461,0.0,1,-0.5,2.4499999999999993,0.13672689083000408,FORCE_BUY,0.2,0.3
2025-06-10,193611.8923477253,0.0,1,-0.5,2.2999999999999994,0.10167004427246022,FORCE_BUY,0.2,0.3
2025-06-11,192622.02313014888,0.0,1,1.1499999999999997,1.7499999999999996,0.15765622351197525,FORCE_BUY,0.2,0.3
2025-06-12,192197.79346547328,0.0,1,1.3999999999999995,2.349999999999999,0.13159244528977582,FORCE_BUY,0.2,0.3
2025-06-13,191077.39204338126,0.0,1,1.2499999999999996,-0.5,0.20546139184505707,FREE,0.2,0.3
2025-06-16,192339.20335369848,0.0,1,2.2999999999999994,-0.5,0.13649309280321484,FORCE_BUY,0.2,0.3
2025-06-17,192826.61654320458,192826.61654320458,0,1.2499999999999996,-0.5,0.20151607966276353,FREE,0.2,0.3
2025-06-18,192397.4178267882,0.0,1,1.1999999999999997,-0.5,0.17620621516370996,FORCE_BUY,0.2,0.3
2025-06-20,192077.3374281048,192077.3374281048,0,1.1999999999999997,-0.5,0.38647181686486903,FORCE_SELL,0.2,0.3
2025-06-23,194355.7339398341,194355.7339398341,0,-0.5,-0.5,0.26279110198961303,FREE,0.2,0.3
2025-06-24,195550.36574210174,0.0,1,-0.5,-0.5,0.10629421115233802,FORCE_BUY,0.2,0.3
2025-06-25,195894.27489730003,0.0,1,-0.5,1.8499999999999996,0.15587922347865202,FORCE_BUY,0.2,0.3
2025-06-26,197794.8254918167,0.0,1,-0.5,1.9499999999999993,0.14406286209926067,FORCE_BUY,0.2,0.3
2025-06-27,198232.8571526482,0.0,1,0.44999999999999973,1.8999999999999995,0.1671960207708699,FORCE_BUY,0.2,0.3
2025-06-30,199670.03541173984,0.0,1,0.44999999999999973,1.8999999999999995,0.15488393253958388,FORCE_BUY,0.2,0.3
2025-07-01,199342.84940594184,0.0,1,1.3499999999999996,0.5499999999999998,0.20117554524878525,FREE,0.2,0.3
2025-07-02,200646.648369829,0.0,1,1.0499999999999996,0.5999999999999996,0.1363203321480346,FORCE_BUY,0.2,0.3
2025-07-03,202420.25198830114,0.0,1,-0.5,-0.5,0.15346158964903478,FORCE_BUY,0.2,0.3
2025-07-07,200959.85147288567,0.0,1,1.6999999999999993,1.3999999999999995,0.1711242545978929,FORCE_BUY,0.2,0.3
2025-07-08,201232.99371392347,0.0,1,1.4499999999999995,1.3499999999999996,0.1661666769351807,FORCE_BUY,0.2,0.3
2025-07-09,202438.46147103704,0.0,1,1.4499999999999995,1.0499999999999996,0.16384197668731956,FORCE_BUY,0.2,0.3
2025-07-10,202536.79267781062,0.0,1,1.4999999999999996,1.0999999999999996,0.17217601997699408,FORCE_BUY,0.2,0.3
2025-07-11,201578.9738859047,0.0,1,1.4499999999999995,-0.5,0.17882397357793586,FORCE_BUY,0.2,0.3
2025-07-14,202372.90733318793,0.0,1,1.6999999999999993,2.2999999999999994,0.17883080357296177,FORCE_BUY,0.2,0.3
2025-07-15,203469.0996221373,0.0,1,1.6999999999999993,-0.5,0.29435930708988844,FREE,0.2,0.3
2025-07-16,205710.1860496883,0.0,1,1.6999999999999993,0.6999999999999997,0.2694216091136325,FREE,0.2,0.3
2025-07-17,207857.6206137042,0.0,1,-0.5,0.8999999999999997,0.1588974134259468,FORCE_BUY,0.2,0.3
2025-07-18,207935.4466291422,207935.4466291422,0,-0.5,1.3999999999999995,0.22247765517272042,FREE,0.2,0.3
2025-07-21,208463.73602894618,0.0,1,1.1999999999999997,2.2999999999999994,0.18924707203042745,FORCE_BUY,0.2,0.3
2025-07-22,207457.93078452552,207457.93078452552,0,1.3999999999999995,1.5999999999999996,0.20493171588925066,FREE,0.2,0.3
2025-07-23,208671.56650401038,0.0,1,2.0999999999999996,2.349999999999999,0.10585774605495187,FORCE_BUY,0.2,0.3
2025-07-24,208719.5217148107,0.0,1,1.3999999999999995,2.3999999999999995,0.16930465004114212,FORCE_BUY,0.2,0.3
2025-07-25,209173.25178622906,0.0,1,-0.5,0.4999999999999998,0.15982095100013338,FORCE_BUY,0.2,0.3
2025-07-28,209922.09084718782,0.0,1,-0.5,0.4999999999999998,0.15080487577262533,FORCE_BUY,0.2,0.3
2025-07-29,210460.664753099,210460.664753099,0,-0.5,1.1499999999999997,0.3181195868829813,FORCE_SELL,0.2,0.3
2025-07-30,212370.003617962,212370.003617962,0,-0.5,1.1499999999999997,0.22092646810589792,FREE,0.2,0.3
2025-07-31,212384.75025478995,212384.75025478995,0,2.0999999999999996,-0.5,0.42329823127675636,FORCE_SELL,0.2,0.3
2025-08-01,211427.45386513844,211427.45386513844,0,2.1999999999999993,-0.5,0.29801226557329663,FREE,0.2,0.3
2025-08-04,211427.45386513844,211427.45386513844,0,2.1999999999999993,-0.5,0.14728154824269438,FORCE_BUY,0.2,0.3
2025-08-05,211518.11943584855,0.0,1,2.1999999999999993,-0.5,0.27916618950481514,FREE,0.2,0.3
2025-08-06,215216.20062976851,0.0,1,1.5999999999999996,-0.5,0.1715772944775332,FORCE_BUY,0.2,0.3
2025-08-07,215992.9492411964,215992.9492411964,0,1.8499999999999996,2.4499999999999993,0.22784418774676815,FREE,0.2,0.3
2025-08-08,215992.9492411964,215992.9492411964,0,-0.5,1.9999999999999996,0.1314282770498271,FORCE_BUY,0.2,0.3
2025-08-11,216103.9122181387,0.0,1,1.9999999999999996,2.349999999999999,0.22771367099379805,FREE,0.2,0.3
2025-08-12,219099.95744698402,0.0,1,1.9999999999999996,1.2499999999999996,0.16406306855188002,FORCE_BUY,0.2,0.3
2025-08-13,219028.22593590044,0.0,1,2.0999999999999996,-0.5,0.19150510074752677,FORCE_BUY,0.2,0.3
2025-08-14,218496.22037316125,0.0,1,1.9999999999999996,0.7499999999999998,0.16615260000712764,FORCE_BUY,0.2,0.3
2025-08-15,217745.32238759423,0.0,1,-0.5,0.5999999999999996,0.18392916067271936,FORCE_BUY,0.2,0.3
2025-08-18,217839.65630537903,0.0,1,1.8499999999999996,2.1499999999999995,0.11690823515876576,FORCE_BUY,0.2,0.3
2025-08-19,217635.89504296388,217635.89504296388,0,1.9499999999999993,-0.5,0.47346487935301407,FORCE_SELL,0.2,0.3
2025-08-20,217635.89504296388,217635.89504296388,0,1.9499999999999993,-0.5,0.3669073691528608,FORCE_SELL,0.2,0.3
2025-08-21,217635.89504296388,217635.89504296388,0,1.2999999999999996,1.5999999999999996,0.45260329062719434,FORCE_SELL,0.2,0.3
2025-08-22,217635.89504296388,217635.89504296388,0,1.2999999999999996,2.0999999999999996,0.47935656069009475,FORCE_SELL,0.2,0.3
2025-08-25,217635.89504296388,217635.89504296388,0,1.8499999999999996,-0.5,0.4516696543965046,FORCE_SELL,0.2,0.3
2025-08-26,217635.89504296388,217635.89504296388,0,1.5999999999999996,-0.5,0.32313047315876925,FORCE_SELL,0.2,0.3
2025-08-27,217635.89504296388,217635.89504296388,0,1.2999999999999996,2.349999999999999,0.3591675368736234,FORCE_SELL,0.2,0.3
2025-08-28,217635.89504296388,217635.89504296388,0,1.2999999999999996,2.349999999999999,0.39319266390780544,FORCE_SELL,0.2,0.3
2025-08-29,217635.89504296388,217635.89504296388,0,1.2999999999999996,-0.5,0.4939786854569996,FORCE_SELL,0.2,0.3
2025-09-02,217635.89504296388,217635.89504296388,0,1.2999999999999996,-0.5,0.3530556651130243,FORCE_SELL,0.2,0.3
2025-09-03,217635.89504296388,217635.89504296388,0,-0.5,-0.5,0.3446064586633157,FORCE_SELL,0.2,0.3
2025-09-04,217635.89504296388,217635.89504296388,0,1.3999999999999995,2.3999999999999995,0.3305597048028735,FORCE_SELL,0.2,0.3
2025-09-05,217635.89504296388,217635.89504296388,0,1.3999999999999995,2.3999999999999995,0.4818134216652727,FORCE_SELL,0.2,0.3
2025-09-08,217635.89504296388,217635.89504296388,0,1.2999999999999996,-0.5,0.368817576549019,FORCE_SELL,0.2,0.3
2025-09-09,217750.43150406744,0.0,1,1.3499999999999996,1.4499999999999995,0.296107091952248,FREE,0.2,0.3
2025-09-10,218402.56183066545,0.0,1,1.0499999999999996,1.2499999999999996,0.20973186540195987,FREE,0.2,0.3
2025-09-11,219552.30607895256,0.0,1,1.0999999999999996,1.3499999999999996,0.13676614855601296,FORCE_BUY,0.2,0.3
2025-09-12,220420.25026638494,0.0,1,-0.5,1.1999999999999997,0.17653328112194985,FORCE_BUY,0.2,0.3
2025-09-15,222265.1013314469,0.0,1,-0.5,1.1999999999999997,0.15426172838280364,FORCE_BUY,0.2,0.3
2025-09-16,222369.61559462498,222369.61559462498,0,1.8999999999999995,2.499999999999999,0.21314043072032166,FREE,0.2,0.3
2025-09-17,224242.79513588772,224242.79513588772,0,1.5999999999999996,0.9499999999999997,0.23320351261010466,FREE,0.2,0.3
2025-09-18,226402.3548346733,226402.3548346733,0,1.1499999999999997,-0.5,0.23143900196093783,FREE,0.2,0.3
2025-09-19,227426.30223421703,0.0,1,0.8499999999999996,-0.5,0.1452302031894395,FORCE_BUY,0.2,0.3
2025-09-22,228393.36366711944,0.0,1,-0.5,2.2999999999999994,0.15734281753503446,FORCE_BUY,0.2,0.3
2025-09-23,227038.79099557994,0.0,1,1.9999999999999996,2.349999999999999,0.28975383936113974,FREE,0.2,0.3
2025-09-24,227729.39191224755,227729.39191224755,0,1.8499999999999996,-0.5,0.24927664504113475,FREE,0.2,0.3
2025-09-25,226351.04679270776,0.0,1,1.6999999999999993,1.4999999999999996,0.2160703965334927,FREE,0.2,0.3
2025-09-26,227488.7385230316,0.0,1,1.6999999999999993,1.9499999999999993,0.1666021962317554,FORCE_BUY,0.2,0.3
2025-09-29,229088.43698809476,229088.43698809476,0,1.6999999999999993,1.9499999999999993,0.2463922577596577,FREE,0.2,0.3
2025-09-30,229429.4678463549,0.0,1,-0.5,1.3499999999999996,0.15367942926901607,FORCE_BUY,0.2,0.3
2025-10-01,231226.58551516396,0.0,1,1.2999999999999996,2.2499999999999996,0.1602932175214376,FORCE_BUY,0.2,0.3
2025-10-02,232226.68724556724,0.0,1,1.2999999999999996,2.2499999999999996,0.1625722503683522,FORCE_BUY,0.2,0.3
2025-10-03,232519.53772783463,0.0,1,1.0499999999999996,1.2499999999999996,0.2058199770549732,FREE,0.2,0.3
2025-10-06,233984.90788450206,0.0,1,1.0499999999999996,1.2499999999999996,0.1490810993781868,FORCE_BUY,0.2,0.3
2025-10-07,233002.32980669936,233002.32980669936,0,1.9999999999999996,1.1499999999999997,0.23507806018993313,FREE,0.2,0.3
2025-10-08,233002.32980669936,233002.32980669936,0,-0.5,2.2999999999999994,0.13756657293625182,FORCE_BUY,0.2,0.3
2025-10-09,233029.11606331888,0.0,1,1.8499999999999996,0.5999999999999996,0.15616858789411803,FORCE_BUY,0.2,0.3
2025-10-10,233002.32980669936,233002.32980669936,0,2.3999999999999995,1.0999999999999996,0.5850743520448862,FORCE_SELL,0.2,0.3
2025-10-13,234243.98132533114,0.0,1,2.3999999999999995,1.0999999999999996,0.17577903696993868,FORCE_BUY,0.2,0.3
2025-10-14,232307.7681706536,0.0,1,2.0499999999999994,2.1999999999999993,0.2622986714608282,FREE,0.2,0.3
2025-10-15,236457.90604666295,236457.90604666295,0,1.9999999999999996,2.0999999999999996,0.25438034216529976,FREE,0.2,0.3
2025-10-16,236457.90604666295,236457.90604666295,0,1.9499999999999993,1.9499999999999993,0.3579434389040454,FORCE_SELL,0.2,0.3
2025-10-17,242096.2406146059,0.0,1,1.6999999999999993,2.2499999999999996,0.1908824899362691,FORCE_BUY,0.2,0.3
2025-10-20,244925.41204081997,0.0,1,1.6999999999999993,2.2499999999999996,0.18148570855613677,FORCE_BUY,0.2,0.3
2025-10-21,244201.112142454,0.0,1,-0.5,-0.5,0.18203477160890238,FORCE_BUY,0.2,0.3
2025-10-22,241398.17230811683,0.0,1,1.9999999999999996,2.1499999999999995,0.26568001526246765,FREE,0.2,0.3
2025-10-23,244371.29312622864,0.0,1,2.0499999999999994,-0.5,0.17069813413612675,FORCE_BUY,0.2,0.3
2025-10-24,246676.19277696562,0.0,1,-0.5,-0.5,0.1587326227418569,FORCE_BUY,0.2,0.3
2025-10-27,251238.05655710708,0.0,1,1.6499999999999995,0.8999999999999997,0.14248703988685854,FORCE_BUY,0.2,0.3
2025-10-28,253063.6009945192,0.0,1,1.6499999999999995,1.6999999999999993,0.17666470666554923,FORCE_BUY,0.2,0.3
2025-10-29,253542.95620784405,0.0,1,-0.5,2.3999999999999995,0.1661907223892669,FORCE_BUY,0.2,0.3
2025-10-30,253902.47261783766,253902.47261783766,0,2.2999999999999994,1.7499999999999996,0.3117726710660411,FORCE_SELL,0.2,0.3
2025-10-31,255840.1943911175,0.0,1,2.2999999999999994,2.349999999999999,0.29115266122538097,FREE,0.2,0.3
2025-11-03,257007.5568057944,257007.5568057944,0,2.3999999999999995,1.7499999999999996,0.2371665405154871,FREE,0.2,0.3
2025-11-04,253593.93868081513,0.0,1,2.4499999999999993,-0.5,0.2779529793420477,FREE,0.2,0.3
2025-11-05,256202.39350854442,256202.39350854442,0,1.8999999999999995,2.2999999999999994,0.2291815329044831,FREE,0.2,0.3
2025-11-06,256202.39350854442,256202.39350854442,0,2.0499999999999994,2.3999999999999995,0.33082734223343374,FORCE_SELL,0.2,0.3
2025-11-07,256840.140815642,0.0,1,2.4499999999999993,1.8499999999999996,0.1710752842935166,FORCE_BUY,0.2,0.3
2025-11-10,261736.52968000295,0.0,1,2.4499999999999993,1.8499999999999996,0.16616452337727017,FORCE_BUY,0.2,0.3
2025-11-11,261170.10937435707,0.0,1,-0.5,2.1499999999999995,0.14334749190643012,FORCE_BUY,0.2,0.3
2025-11-12,262405.10770028154,0.0,1,0.7499999999999998,2.0999999999999996,0.20894636533880984,FREE,0.2,0.3
2025-11-13,263345.2938511767,263345.2938511767,0,1.4999999999999996,1.9499999999999993,0.3059242567108111,FORCE_SELL,0.2,0.3
2025-11-14,265665.7847081868,0.0,1,2.2499999999999996,-0.5,0.23293997366351274,FREE,0.2,0.3
2025-11-17,269766.64580795803,269766.64580795803,0,1.9499999999999993,-0.5,0.29133074077964966,FREE,0.2,0.3
2025-11-18,272174.87392452976,272174.87392452976,0,2.1499999999999995,-0.5,0.21955526967893216,FREE,0.2,0.3
2025-11-19,277963.51335688337,277963.51335688337,0,1.8999999999999995,2.2499999999999996,0.23067443995698525,FREE,0.2,0.3
2025-11-20,277963.51335688337,277963.51335688337,0,2.0499999999999994,1.5999999999999996,0.4778600531204826,FORCE_SELL,0.2,0.3
2025-11-21,277963.51335688337,277963.51335688337,0,2.3999999999999995,2.0499999999999994,0.39886170593008713,FORCE_SELL,0.2,0.3
2025-11-24,277963.51335688337,277963.51335688337,0,2.3999999999999995,2.0499999999999994,0.3914036146389969,FORCE_SELL,0.2,0.3
2025-11-25,277963.51335688337,277963.51335688337,0,1.3999999999999995,-0.5,0.38694390507164994,FORCE_SELL,0.2,0.3
2025-11-26,277963.51335688337,277963.51335688337,0,1.3499999999999996,-0.5,0.3808439203047423,FORCE_SELL,0.2,0.3
2025-11-28,278981.90930433664,0.0,1,1.3499999999999996,-0.5,0.13304814184661887,FORCE_BUY,0.2,0.3
2025-12-01,278202.3407250914,0.0,1,1.7999999999999994,1.2999999999999996,0.1690168336962706,FORCE_BUY,0.2,0.3
2025-12-02,280613.14529096533,0.0,1,-0.5,2.3999999999999995,0.16797824944536943,FORCE_BUY,0.2,0.3
2025-12-03,280703.26882613817,0.0,1,1.7999999999999994,2.2999999999999994,0.14385308457380297,FORCE_BUY,0.2,0.3
2025-12-04,280951.10854786355,0.0,1,1.9499999999999993,1.1499999999999997,0.15850494734634937,FORCE_BUY,0.2,0.3
2025-12-05,281865.862429868,0.0,1,0.9499999999999997,1.6999999999999993,0.19035995478734422,FORCE_BUY,0.2,0.3
2025-12-08,284388.6669538562,0.0,1,0.9499999999999997,1.6999999999999993,0.24974438248472794,FREE,0.2,0.3
2025-12-09,283715.0849318886,0.0,1,1.1499999999999997,-0.5,0.1676035856781698,FORCE_BUY,0.2,0.3
2025-12-10,284088.5493986691,0.0,1,1.7999999999999994,1.7499999999999996,0.1886191734611059,FORCE_BUY,0.2,0.3
2025-12-11,283756.60119368945,0.0,1,1.6499999999999995,0.9499999999999997,0.1620755905051955,FORCE_BUY,0.2,0.3
2025-12-12,282988.1183629832,282988.1183629832,0,2.1499999999999995,1.3999999999999995,0.3147418234033308,FORCE_SELL,0.2,0.3
2025-12-15,282921.58787424595,0.0,1,1.5499999999999994,-0.5,0.28376933258261144,FREE,0.2,0.3
2025-12-16,283702.6896928335,0.0,1,1.4499999999999995,-0.5,0.17085227008147116,FORCE_BUY,0.2,0.3
2025-12-17,284990.5778103857,284990.5778103857,0,-0.5,-0.5,0.35338805677106117,FORCE_SELL,0.2,0.3
2025-12-18,285955.6900339114,285955.6900339114,0,1.7499999999999996,1.4499999999999995,0.21655899275077153,FREE,0.2,0.3
2025-12-19,285955.6900339114,285955.6900339114,0,1.7499999999999996,1.4499999999999995,0.13880112815963544,FORCE_BUY,0.2,0.3
2025-12-22,285955.6900339114,285955.6900339114,0,1.7499999999999996,1.4499999999999995,0.17556578950347745,FORCE_BUY,0.2,0.3
2025-12-23,285955.6900339114,285955.6900339114,0,-0.5,2.4499999999999993,0.1351827666931744,FORCE_BUY,0.2,0.3
2025-12-24,285616.44543562824,0.0,1,-0.5,2.4499999999999993,0.10838133313869532,FORCE_BUY,0.2,0.3
2025-12-26,285698.9643919674,0.0,1,-0.5,2.4499999999999993,0.15206602483912987,FORCE_BUY,0.2,0.3
2025-12-29,284211.97279873607,0.0,1,-0.5,2.4499999999999993,0.17842812059800142,FORCE_BUY,0.2,0.3
2025-12-30,283296.7458852057,0.0,1,0.8499999999999996,-0.5,0.2282610909379945,FREE,0.2,0.3
2025-12-31,282532.3787751833,0.0,1,1.3999999999999995,-0.5,0.26713106015324173,FREE,0.2,0.3
2026-01-02,285540.48895196465,285540.48895196465,0,0.5499999999999998,1.9999999999999996,0.31170201364494227,FORCE_SELL,0.2,0.3
2026-01-05,285720.13761458686,0.0,1,-0.5,-0.5,0.20665899728423018,FREE,0.2,0.3
2026-01-06,288718.9560037114,0.0,1,0.7499999999999998,-0.5,0.15194862565705525,FORCE_BUY,0.2,0.3
2026-01-07,288886.34116927156,0.0,1,0.7499999999999998,1.4499999999999995,0.19919566154970011,FORCE_BUY,0.2,0.3
2026-01-08,287405.4660523446,287405.4660523446,0,1.5999999999999996,-0.5,0.20642409214486146,FREE,0.2,0.3
2026-01-09,287405.4660523446,287405.4660523446,0,0.6499999999999997,1.6999999999999993,0.2222932405611373,FREE,0.2,0.3
2026-01-12,288762.89451622113,0.0,1,0.8499999999999996,2.2999999999999994,0.16516317127770055,FORCE_BUY,0.2,0.3
2026-01-13,289123.02859847416,0.0,1,0.9999999999999996,1.2999999999999996,0.19050669987126337,FORCE_BUY,0.2,0.3
2026-01-14,286046.335952498,0.0,1,1.2499999999999996,1.8999999999999995,0.22763999972320983,FREE,0.2,0.3
2026-01-15,288041.68797798955,288041.68797798955,0,2.2499999999999996,1.8499999999999996,0.23970596939354435,FREE,0.2,0.3
2026-01-16,288146.5780176929,0.0,1,1.3499999999999996,-0.5,0.21925871172171107,FREE,0.2,0.3
2026-01-20,282507.24227404787,0.0,1,1.3499999999999996,-0.5,0.23427168730730463,FREE,0.2,0.3
2026-01-21,283802.15564181824,283802.15564181824,0,-0.5,2.0999999999999996,0.23952429005957088,FREE,0.2,0.3
2026-01-22,283651.3137539143,0.0,1,1.8499999999999996,2.3999999999999995,0.16166070306896355,FORCE_BUY,0.2,0.3
2026-01-23,284641.0694312255,0.0,1,2.1499999999999995,2.1499999999999995,0.20392051397165076,FREE,0.2,0.3
2026-01-26,287036.0127107591,0.0,1,1.0999999999999996,2.4499999999999993,0.18340533065556808,FORCE_BUY,0.2,0.3
2026-01-27,290452.12683414744,0.0,1,1.0999999999999996,2.3999999999999995,0.14936132765062812,FORCE_BUY,0.2,0.3
2026-01-28,289966.72724020755,0.0,1,0.7499999999999998,1.4999999999999996,0.1977259269299769,FORCE_BUY,0.2,0.3
2026-01-29,286807.050638146,286807.050638146,0,2.1999999999999993,-0.5,0.30114311226775203,FORCE_SELL,0.2,0.3
2026-01-30,290260.59931235644,290260.59931235644,0,1.8499999999999996,2.1499999999999995,0.2543007952509817,FREE,0.2,0.3
2026-02-02,291770.29215831816,291770.29215831816,0,1.5499999999999994,2.1999999999999993,0.22023569421735179,FREE,0.2,0.3
2026-02-03,291770.29215831816,291770.29215831816,0,1.8999999999999995,1.7499999999999996,0.40006328246047834,FORCE_SELL,0.2,0.3
2026-02-04,291770.29215831816,291770.29215831816,0,2.1499999999999995,1.7999999999999994,0.3022519940840276,FORCE_SELL,0.2,0.3
2026-02-05,291770.29215831816,291770.29215831816,0,1.9499999999999993,1.1999999999999997,0.46177595348552436,FORCE_SELL,0.2,0.3
2026-02-06,291770.29215831816,291770.29215831816,0,-0.5,1.6499999999999995,0.4221069690031684,FORCE_SELL,0.2,0.3
2026-02-09,291770.29215831816,291770.29215831816,0,1.7499999999999996,-0.5,0.4200681240867432,FORCE_SELL,0.2,0.3
2026-02-10,291770.29215831816,291770.29215831816,0,1.0499999999999996,-0.5,0.49573934068286923,FORCE_SELL,0.2,0.3
2026-02-11,291770.29215831816,291770.29215831816,0,1.3999999999999995,2.499999999999999,0.4587947632225036,FORCE_SELL,0.2,0.3
2026-02-12,291770.29215831816,291770.29215831816,0,2.1499999999999995,-0.5,0.6193183041073353,FORCE_SELL,0.2,0.3
2026-02-13,291770.29215831816,291770.29215831816,0,2.2499999999999996,-0.5,0.44462426343972855,FORCE_SELL,0.2,0.3
2026-02-17,291770.29215831816,291770.29215831816,0,2.0499999999999994,1.2999999999999996,0.3367394538295562,FORCE_SELL,0.2,0.3
2026-02-18,291770.29215831816,291770.29215831816,0,2.0499999999999994,1.9499999999999993,0.42905631235502795,FORCE_SELL,0.2,0.3
2026-02-19,291770.29215831816,291770.29215831816,0,2.3999999999999995,1.8499999999999996,0.38316690034595036,FORCE_SELL,0.2,0.3
2026-02-20,291770.29215831816,291770.29215831816,0,2.4499999999999993,1.8999999999999995,0.4070964097737962,FORCE_SELL,0.2,0.3
2026-02-23,291770.29215831816,291770.29215831816,0,2.0999999999999996,-0.5,0.4876887191325789,FORCE_SELL,0.2,0.3
2026-02-24,291770.29215831816,291770.29215831816,0,0.9999999999999996,2.2499999999999996,0.3862999145350035,FORCE_SELL,0.2,0.3
2026-02-25,291770.29215831816,291770.29215831816,0,1.3999999999999995,2.2999999999999994,0.13537785708867925,FORCE_BUY,0.2,0.3
2026-02-26,289506.6087874718,0.0,1,1.8999999999999995,1.2499999999999996,0.27910043691432423,FREE,0.2,0.3
2026-02-27,288795.80606680125,0.0,1,2.2499999999999996,-0.5,0.18340445922156112,FORCE_BUY,0.2,0.3
2026-03-02,286348.545692949,286348.545692949,0,2.2499999999999996,-0.5,0.2283578218271888,FREE,0.2,0.3
2026-03-03,288747.7560611312,288747.7560611312,0,2.2499999999999996,-0.5,0.21694571300183574,FREE,0.2,0.3
2026-03-04,288747.7560611312,288747.7560611312,0,2.3999999999999995,2.3999999999999995,0.20452220620622388,FREE,0.2,0.3
2026-03-05,288747.7560611312,288747.7560611312,0,0.8499999999999996,2.3999999999999995,0.25243206093450093,FREE,0.2,0.3
2026-03-06,288747.7560611312,288747.7560611312,0,2.2499999999999996,1.7499999999999996,0.30025494665223085,FORCE_SELL,0.2,0.3
2026-03-09,288747.7560611312,288747.7560611312,0,2.2499999999999996,1.7499999999999996,0.4153370796244001,FORCE_SELL,0.2,0.3
2026-03-10,288747.7560611312,288747.7560611312,0,2.2499999999999996,1.7499999999999996,0.4850745465716693,FORCE_SELL,0.2,0.3
2026-03-11,288747.7560611312,288747.7560611312,0,1.2999999999999996,-0.5,0.4405231076506309,FORCE_SELL,0.2,0.3
2026-03-12,288747.7560611312,288747.7560611312,0,2.0499999999999994,-0.5,0.4985040733324664,FORCE_SELL,0.2,0.3
2026-03-13,288747.7560611312,288747.7560611312,0,2.2499999999999996,-0.5,0.4956309603188813,FORCE_SELL,0.2,0.3
2026-03-16,288747.7560611312,288747.7560611312,0,1.2999999999999996,1.5999999999999996,0.4130526711553422,FORCE_SELL,0.2,0.3
2026-03-17,288747.7560611312,288747.7560611312,0,-0.5,2.499999999999999,0.38819953656543243,FORCE_SELL,0.2,0.3
2026-03-18,288747.7560611312,288747.7560611312,0,2.1499999999999995,-0.5,0.5193091448249957,FORCE_SELL,0.2,0.3
2026-03-19,288747.7560611312,288747.7560611312,0,1.8999999999999995,1.5499999999999994,0.3286171696195616,FORCE_SELL,0.2,0.3
2026-03-20,288747.7560611312,288747.7560611312,0,2.4499999999999993,-0.5,0.4508677511290784,FORCE_SELL,0.2,0.3
2026-03-23,288747.7560611312,288747.7560611312,0,2.499999999999999,-0.5,0.48377572694798143,FORCE_SELL,0.2,0.3
2026-03-24,288747.7560611312,288747.7560611312,0,1.9499999999999993,-0.5,0.3870704498767174,FORCE_SELL,0.2,0.3
2026-03-25,288747.7560611312,288747.7560611312,0,1.4499999999999995,0.7499999999999998,0.395009841092775,FORCE_SELL,0.2,0.3
2026-03-26,288747.7560611312,288747.7560611312,0,1.9999999999999996,1.9499999999999993,0.44249358272204775,FORCE_SELL,0.2,0.3
2026-03-27,288747.7560611312,288747.7560611312,0,2.2999999999999994,-0.5,0.42449131233784837,FORCE_SELL,0.2,0.3
2026-03-30,288747.7560611312,288747.7560611312,0,2.3999999999999995,-0.5,0.4092350731939121,FORCE_SELL,0.2,0.3
2026-03-31,288747.7560611312,288747.7560611312,0,1.5999999999999996,1.8999999999999995,0.3980570303318716,FORCE_SELL,0.2,0.3
2026-04-01,288747.7560611312,288747.7560611312,0,1.5999999999999996,1.8999999999999995,0.3936388531859907,FORCE_SELL,0.2,0.3
2026-04-02,288747.7560611312,288747.7560611312,0,1.6999999999999993,-0.5,0.36638008780716524,FORCE_SELL,0.2,0.3
2026-04-06,288723.16462233465,0.0,1,1.6999999999999993,-0.5,0.16426726135200564,FORCE_BUY,0.2,0.3
2026-04-07,289111.7093553199,289111.7093553199,0,1.5499999999999994,2.3999999999999995,0.3145255303664611,FORCE_SELL,0.2,0.3
2026-04-08,288081.9666187242,0.0,1,1.5999999999999996,2.499999999999999,0.2108962773866256,FREE,0.2,0.3
2026-04-09,290407.5141557774,0.0,1,1.4999999999999996,-0.5,0.14114548960458362,FORCE_BUY,0.2,0.3
2026-04-10,291880.04323149344,0.0,1,0.8499999999999996,2.499999999999999,0.1362866854430209,FORCE_BUY,0.2,0.3
2026-04-13,292374.94418171165,292374.94418171165,0,0.8499999999999996,2.499999999999999,0.2741798872893524,FREE,0.2,0.3
2026-04-14,292374.94418171165,292374.94418171165,0,0.8499999999999996,2.499999999999999,0.16448279711146516,FORCE_BUY,0.2,0.3
2026-04-15,295368.60745990195,0.0,1,0.8499999999999996,2.499999999999999,0.19555297385873818,FORCE_BUY,0.2,0.3
2026-04-16,296238.481797305,0.0,1,0.8499999999999996,2.499999999999999,0.18055720000176312,FORCE_BUY,0.2,0.3
2026-04-17,300277.8450768416,0.0,1,0.8499999999999996,2.499999999999999,0.1898986175342912,FORCE_BUY,0.2,0.3
2026-04-20,299815.1922311132,0.0,1,-0.5,2.2499999999999996,0.15027743681305472,FORCE_BUY,0.2,0.3
2026-04-21,299593.0503856945,0.0,1,-0.5,2.2499999999999996,0.18134373184745978,FORCE_BUY,0.2,0.3
