side,seen_idx,exec_px,qty,fee,reason,ts,pred,th,gate,pnl,entry_px,entry_idx,exec_idx,exec_ts
buy,358861,321.04,311.48766508846245,0.0,ADAPTIVE_FORCE_BUY->first acceptable 5m signal,2020-01-03 05:35:00,1.1718549728393555,1.1450000000000014,FORCE_BUY,,,,358862,2020-01-03 05:40:00
sell,359424,322.74,311.48766508846245,0.0,5m SELL signal,2020-01-08 05:15:00,2.0157206058502197,1.8150000000000022,FREE,529.5290306503827,321.04,358861.0,359425,2020-01-08 05:20:00
buy,360151,327.43,307.0260178684005,0.0,ADAPTIVE_FORCE_BUY->first acceptable 5m signal,2020-01-14 04:00:00,0.7775856852531433,0.5650000000000008,FORCE_BUY,,,,360152,2020-01-14 04:05:00
sell,361675,324.11,307.0260178684005,0.0,ADAPTIVE_FORCE_SELL->first acceptable 5m signal,2020-01-27 06:30:00,1.731802225112915,1.0700000000000014,FORCE_SELL,-1019.3263793230876,327.43,360151.0,361676,2020-01-27 06:35:00
buy,362483,324.53,306.628671159299,0.0,ADAPTIVE_FORCE_BUY->first acceptable 5m signal,2020-01-31 10:35:00,1.182924747467041,1.1100000000000014,FORCE_BUY,,,,362484,2020-01-31 10:40:00
sell,365408,324.47,306.628671159299,0.0,ADAPTIVE_FORCE_SELL->first acceptable 5m signal,2020-02-24 19:35:00,2.1225790977478027,-0.5,FORCE_SELL,-18.397720269541207,324.53,362483.0,365409,2020-02-24 19:40:00
buy,366949,299.51,332.1819135623444,0.0,ADAPTIVE_FORCE_BUY->first acceptable 5m signal,2020-03-06 04:00:00,2.118675947189331,-0.5,FORCE_BUY,,,,366950,2020-03-06 04:05:00
sell,367442,279.92,332.1819135623444,0.0,5m SELL signal,2020-03-10 13:15:00,2.527366876602173,-0.5,FREE,-6507.443686686318,299.51,366949.0,367443,2020-03-10 13:20:00
buy,367449,276.765,335.96864214901257,0.0,5m BUY signal,2020-03-10 13:50:00,5.485583305358887,2.4700000000000024,FREE,,,,367450,2020-03-10 13:55:00
sell,367457,279.88,335.96864214901257,0.0,5m SELL signal,2020-03-10 14:30:00,2.3992762565612793,-0.5,FREE,1046.5423202941772,276.765,367449.0,367458,2020-03-10 14:35:00
buy,367715,264.02,356.15068390525585,0.0,5m BUY signal,2020-03-12 04:00:00,5.452146053314209,-0.5,FREE,,,,367716,2020-03-12 04:05:00
sell,367750,262.81,356.15068390525585,0.0,5m SELL signal,2020-03-12 06:55:00,3.0168590545654297,-0.5,FREE,-430.9423275253523,264.02,367715.0,367751,2020-03-12 07:00:00
buy,367756,261.56,357.85273450504775,0.0,5m BUY signal,2020-03-12 07:25:00,6.324714660644531,-0.5,FREE,,,,367757,2020-03-12 07:30:00
sell,367942,260.12,357.85273450504775,0.0,ADAPTIVE_FORCE_SELL->first acceptable 5m signal,2020-03-13 07:05:00,3.0448484420776367,-0.5,FORCE_SELL,-515.3079376872679,261.56,367756.0,367943,2020-03-13 07:10:00
buy,373995,285.55,325.9837271912205,0.0,5m BUY signal,2020-04-28 15:50:00,2.6598148345947266,-0.5,FREE,,,,373996,2020-04-28 15:55:00
sell,374045,289.25,325.9837271912205,0.0,ADAPTIVE_FORCE_SELL->first acceptable 5m signal,2020-04-29 04:00:00,3.364901065826416,2.3450000000000024,FORCE_SELL,1206.1397906075122,285.55,373995.0,374046,2020-04-29 04:05:00
buy,374277,292.98,321.8335486724709,0.0,5m BUY signal,2020-04-30 07:25:00,2.8843021392822266,-0.5,FREE,,,,374278,2020-04-30 07:30:00
sell,374290,292.89,321.8335486724709,0.0,5m SELL signal,2020-04-30 08:30:00,2.299771547317505,2.2650000000000023,FREE,-28.965019380532624,292.98,374277.0,374291,2020-04-30 08:35:00
buy,374338,288.8,326.39137143587254,0.0,5m BUY signal,2020-04-30 12:30:00,3.576476812362671,-0.5,FREE,,,,374339,2020-04-30 12:35:00
sell,374344,289.41,326.39137143587254,0.0,5m SELL signal,2020-04-30 13:00:00,2.339289426803589,2.2650000000000023,FREE,199.0987365758867,288.8,374338.0,374345,2020-04-30 13:05:00
buy,374367,289.33,326.4816189377385,0.0,5m BUY signal,2020-04-30 14:55:00,2.5077197551727295,-0.5,FREE,,,,374368,2020-04-30 15:00:00
sell,374372,290.77,326.4816189377385,0.0,5m SELL signal,2020-04-30 15:20:00,2.4485294818878174,2.2650000000000023,FREE,470.1335312703427,289.33,374367.0,374373,2020-04-30 15:25:00
buy,374387,289.28,328.16323402421955,0.0,5m BUY signal,2020-04-30 16:35:00,2.566525936126709,-0.5,FREE,,,,374388,2020-04-30 16:40:00
sell,374415,287.03,328.16323402421955,0.0,5m SELL signal,2020-04-30 18:55:00,2.4317924976348877,2.2650000000000023,FREE,-738.367276554494,289.28,374387.0,374416,2020-04-30 19:00:00
buy,374518,283.58,332.1556282600033,0.0,ADAPTIVE_FORCE_BUY->first acceptable 5m signal,2020-05-01 11:30:00,3.255371332168579,2.2750000000000026,FORCE_BUY,,,,374519,2020-05-01 11:35:00
sell,374663,280.59,332.1556282600033,0.0,ADAPTIVE_FORCE_SELL->first acceptable 5m signal,2020-05-04 07:35:00,4.76829195022583,2.1150000000000024,FORCE_SELL,-993.145328497413,283.58,374518.0,374664,2020-05-04 07:40:00
buy,374818,285.82,326.07776829289173,0.0,ADAPTIVE_FORCE_BUY->first acceptable 5m signal,2020-05-05 04:30:00,3.3704171180725098,-0.5,FORCE_BUY,,,,374819,2020-05-05 04:35:00
sell,375004,288.1,326.07776829289173,0.0,ADAPTIVE_FORCE_SELL->first acceptable 5m signal,2020-05-06 04:00:00,2.136038064956665,-0.5,FORCE_SELL,743.4573117078028,285.82,374818.0,375005,2020-05-06 04:05:00
buy,375723,292.58,321.0848487428468,0.0,ADAPTIVE_FORCE_BUY->first acceptable 5m signal,2020-05-11 15:55:00,3.062729597091675,-0.5,FORCE_BUY,,,,375724,2020-05-11 16:00:00
sell,375789,291.84,321.0848487428468,0.0,5m SELL signal,2020-05-12 05:25:00,2.3856899738311768,-0.5,FREE,-237.60278806970956,292.58,375723.0,375790,2020-05-12 05:40:00
buy,375880,291.41,321.55863648163205,0.0,5m BUY signal,2020-05-12 13:10:00,2.4553022384643555,-0.5,FREE,,,,375881,2020-05-12 13:15:00
sell,375888,291.37,321.55863648163205,0.0,5m SELL signal,2020-05-12 13:50:00,2.338188886642456,-0.5,FREE,-12.862345459271863,291.41,375880.0,375889,2020-05-12 13:55:00
buy,375898,290.68,322.3219344697025,0.0,5m BUY signal,2020-05-12 14:40:00,2.864337921142578,-0.5,FREE,,,,375899,2020-05-12 14:45:00
sell,375983,286.77,322.3219344697025,0.0,ADAPTIVE_FORCE_SELL->first acceptable 5m signal,2020-05-13 05:45:00,3.592729091644287,-0.5,FORCE_SELL,-1260.2787637765448,290.68,375898.0,375984,2020-05-13 05:50:00
buy,377113,295.52,312.77836067906264,0.0,ADAPTIVE_FORCE_BUY->first acceptable 5m signal,2020-05-21 04:00:00,1.0594828128814697,0.8300000000000012,FORCE_BUY,,,,377114,2020-05-21 04:05:00
sell,377432,295.3963,312.77836067906264,0.0,5m SELL signal,2020-05-22 14:35:00,5.402284622192383,-0.5,FREE,-38.69068321599544,295.52,377113.0,377433,2020-05-22 14:40:00
buy,377637,299.43,308.5648414142223,0.0,ADAPTIVE_FORCE_BUY->first acceptable 5m signal,2020-05-26 15:40:00,1.1542706489562988,1.0100000000000013,FORCE_BUY,,,,377638,2020-05-26 15:45:00
sell,377689,302.13,308.5648414142223,0.0,5m SELL signal,2020-05-27 04:00:00,3.9565207958221436,-0.5,FREE,833.1250718183967,299.43,377637.0,377690,2020-05-27 04:05:00
buy,378286,303.7,306.9696922505071,0.0,ADAPTIVE_FORCE_BUY->first acceptable 5m signal,2020-06-01 05:50:00,1.0312767028808594,1.0250000000000012,FORCE_BUY,,,,378287,2020-06-01 05:55:00
sell,379606,322.0,306.9696922505071,0.0,5m SELL signal,2020-06-10 04:00:00,2.960726737976074,-0.5,FREE,5617.545368184283,303.7,378286.0,379607,2020-06-10 04:05:00
buy,379617,321.36,307.58103343497413,0.0,5m BUY signal,2020-06-10 04:55:00,2.8030283451080322,-0.5,FREE,,,,379618,2020-06-10 05:00:00
sell,379637,320.57,307.58103343497413,0.0,5m SELL signal,2020-06-10 06:35:00,2.4358651638031006,-0.5,FREE,-242.98901641363585,321.36,379617.0,379638,2020-06-10 06:40:00
buy,379673,320.99,307.1785784237816,0.0,5m BUY signal,2020-06-10 09:35:00,2.9418673515319824,-0.5,FREE,,,,379674,2020-06-10 09:40:00
sell,379694,319.595,307.1785784237816,0.0,5m SELL signal,2020-06-10 11:20:00,2.381819725036621,-0.5,FREE,-428.5141169011697,320.99,379673.0,379695,2020-06-10 11:25:00
buy,379750,318.35,308.3798893398727,0.0,5m BUY signal,2020-06-10 16:00:00,3.1740992069244385,-0.5,FREE,,,,379751,2020-06-10 16:05:00
sell,379812,313.18,308.3798893398727,0.0,ADAPTIVE_FORCE_SELL->first acceptable 5m signal,2020-06-11 05:10:00,3.004225969314575,-0.5,FORCE_SELL,-1594.3240278871467,318.35,379750.0,379813,2020-06-11 05:15:00
buy,380783,311.44,310.10279265175103,0.0,5m BUY signal,2020-06-18 06:05:00,2.7513904571533203,2.3650000000000024,FREE,,,,380784,2020-06-18 06:10:00
sell,381141,308.28,310.10279265175103,0.0,5m SELL signal,2020-06-22 04:00:00,3.1013643741607666,2.030000000000002,FREE,-979.924824779541,311.44,380783.0,381142,2020-06-22 04:05:00
buy,381159,309.11,309.27012687613404,0.0,5m BUY signal,2020-06-22 05:30:00,2.5393145084381104,-0.5,FREE,,,,381160,2020-06-22 05:35:00
sell,381187,308.14,309.27012687613404,0.0,5m SELL signal,2020-06-22 07:50:00,2.9621381759643555,2.030000000000002,FREE,-299.9920230698585,309.11,381159.0,381188,2020-06-22 07:55:00
buy,381190,308.47,308.9392709035301,0.0,5m BUY signal,2020-06-22 08:05:00,2.724400758743286,-0.5,FREE,,,,381191,2020-06-22 08:10:00
sell,381215,309.57,308.9392709035301,0.0,5m SELL signal,2020-06-22 10:10:00,3.1742665767669678,2.030000000000002,FREE,339.83319799387255,308.47,381190.0,381216,2020-06-22 10:15:00
buy,381220,309.05,309.45908459345026,0.0,5m BUY signal,2020-06-22 10:35:00,2.536282539367676,-0.5,FREE,,,,381221,2020-06-22 10:40:00
sell,381229,309.17,309.45908459345026,0.0,5m SELL signal,2020-06-22 11:20:00,3.053737163543701,2.030000000000002,FREE,37.13509015121544,309.05,381220.0,381230,2020-06-22 11:25:00
buy,381254,310.2683,308.3636490861523,0.0,5m BUY signal,2020-06-22 13:25:00,2.574249267578125,-0.5,FREE,,,,381255,2020-06-22 13:30:00
sell,381268,310.42,308.3636490861523,0.0,5m SELL signal,2020-06-22 14:35:00,2.9828293323516846,2.030000000000002,FREE,46.77876556637093,310.2683,381254.0,381269,2020-06-22 14:40:00
buy,381484,312.05,306.7529048207768,0.0,ADAPTIVE_FORCE_BUY->first acceptable 5m signal,2020-06-23 16:35:00,2.7436811923980713,2.4950000000000028,FORCE_BUY,,,,381485,2020-06-23 16:40:00
sell,381725,304.43,306.7529048207768,0.0,ADAPTIVE_FORCE_SELL->first acceptable 5m signal,2020-06-25 04:40:00,2.360576629638672,-0.5,FORCE_SELL,-2337.4571347343203,312.05,381484.0,381726,2020-06-25 04:45:00
buy,381910,305.24,305.93889010152367,0.0,5m BUY signal,2020-06-26 04:05:00,1.8810240030288696,-0.5,FREE,,,,381911,2020-06-26 04:10:00
sell,382003,302.61,305.93889010152367,0.0,5m SELL signal,2020-06-26 11:55:00,2.2480626106262207,-0.5,FREE,-804.6192809670058,305.24,381910.0,382004,2020-06-26 12:00:00
buy,382008,301.48,307.08560280490275,0.0,5m BUY signal,2020-06-26 12:20:00,2.6163411140441895,-0.5,FREE,,,,382009,2020-06-26 12:25:00
sell,382144,302.42,307.08560280490275,0.0,ADAPTIVE_FORCE_SELL->first acceptable 5m signal,2020-06-29 07:50:00,2.1614279747009277,-0.5,FORCE_SELL,288.6604666366079,301.48,382008.0,382145,2020-06-29 07:55:00
buy,383055,315.2,294.6346065998055,0.0,5m BUY signal,2020-07-07 04:00:00,1.3577303886413574,-0.5,FREE,,,,383056,2020-07-07 04:05:00
sell,383086,314.79,294.6346065998055,0.0,5m SELL signal,2020-07-07 06:35:00,2.9829251766204834,-0.5,FREE,-120.80018870591088,315.2,383055.0,383087,2020-07-07 06:40:00
buy,383092,314.45,294.95318114661404,0.0,5m BUY signal,2020-07-07 07:05:00,1.7085086107254028,-0.5,FREE,,,,383093,2020-07-07 07:10:00
sell,383097,314.81,294.95318114661404,0.0,5m SELL signal,2020-07-07 07:30:00,3.168942928314209,-0.5,FREE,106.18314521278508,314.45,383092.0,383098,2020-07-07 07:35:00
buy,383159,316.03,293.814545950592,0.0,5m BUY signal,2020-07-07 12:40:00,1.4907556772232056,-0.5,FREE,,,,383160,2020-07-07 12:45:00
sell,383380,315.01,293.814545950592,0.0,ADAPTIVE_FORCE_SELL->first acceptable 5m signal,2020-07-08 15:05:00,3.427224636077881,-0.5,FORCE_SELL,-299.6908368695985,316.03,383159.0,383381,2020-07-08 15:10:00
buy,383525,310.76,297.83279739958806,0.0,ADAPTIVE_FORCE_BUY->first acceptable 5m signal,2020-07-09 11:15:00,2.169207811355591,1.9750000000000023,FORCE_BUY,,,,383526,2020-07-09 11:20:00
sell,383710,315.46,297.83279739958806,0.0,ADAPTIVE_FORCE_SELL->first acceptable 5m signal,2020-07-10 10:40:00,3.7371280193328857,-0.5,FORCE_SELL,1399.8141477780605,310.76,383525.0,383711,2020-07-10 10:45:00
buy,384293,320.93,292.75647109236917,0.0,ADAPTIVE_FORCE_BUY->first acceptable 5m signal,2020-07-15 11:20:00,1.877004861831665,1.7550000000000021,FORCE_BUY,,,,384294,2020-07-15 11:25:00
sell,391202,346.75,292.75647109236917,0.0,ADAPTIVE_FORCE_SELL->first acceptable 5m signal,2020-09-04 04:00:00,6.521902084350586,-0.5,FORCE_SELL,7558.97208360497,320.93,384293.0,391203,2020-09-04 04:05:00
buy,392269,339.0,299.4492812722095,0.0,5m BUY signal,2020-09-14 13:05:00,1.8678135871887207,1.825000000000002,FREE,,,,392270,2020-09-14 13:10:00
sell,392281,339.24,299.4492812722095,0.0,5m SELL signal,2020-09-14 14:05:00,2.186008930206299,-0.5,FREE,71.867827505333,339.0,392269.0,392282,2020-09-14 14:10:00
buy,392291,338.69,299.93555811740634,0.0,5m BUY signal,2020-09-14 14:55:00,2.0138914585113525,1.825000000000002,FREE,,,,392292,2020-09-14 15:00:00
sell,392301,339.74,299.93555811740634,0.0,5m SELL signal,2020-09-14 15:45:00,2.204498767852783,-0.5,FREE,314.9323360232801,338.69,392291.0,392302,2020-09-14 15:50:00
buy,392306,338.3,301.212256916369,0.0,5m BUY signal,2020-09-14 16:10:00,2.372959852218628,1.825000000000002,FREE,,,,392307,2020-09-14 16:15:00
sell,392353,339.56,301.212256916369,0.0,5m SELL signal,2020-09-15 04:05:00,2.5853891372680664,-0.5,FREE,379.52744371462217,338.3,392306.0,392354,2020-09-15 04:10:00
buy,392681,338.8,301.8879396650597,0.0,ADAPTIVE_FORCE_BUY->first acceptable 5m signal,2020-09-16 15:55:00,1.7256466150283813,1.595000000000002,FORCE_BUY,,,,392682,2020-09-16 16:00:00
sell,392811,336.87,301.8879396650597,0.0,5m SELL signal,2020-09-17 10:45:00,2.858029365539551,2.4550000000000027,FREE,-582.6437235535673,338.8,392681.0,392812,2020-09-17 10:50:00
buy,392823,335.596,303.03397607530684,0.0,5m BUY signal,2020-09-17 11:45:00,1.6082028150558472,1.4650000000000016,FREE,,,,392824,2020-09-17 11:50:00
sell,393780,324.8,303.03397607530684,0.0,5m SELL signal,2020-09-24 12:00:00,2.693896770477295,-0.5,FREE,-3271.5548057090105,335.596,392823.0,393781,2020-09-24 12:05:00
buy,393820,322.195,305.48405601967653,0.0,5m BUY signal,2020-09-24 15:20:00,2.526726007461548,2.4950000000000028,FREE,,,,393821,2020-09-24 15:25:00
sell,393839,324.17,305.48405601967653,0.0,5m SELL signal,2020-09-24 16:55:00,2.0868711471557617,-0.5,FREE,603.3310106388681,322.195,393820.0,393840,2020-09-24 17:00:00
buy,393895,322.72,306.8566139064779,0.0,ADAPTIVE_FORCE_BUY->first acceptable 5m signal,2020-09-25 05:45:00,2.524815797805786,2.4800000000000026,FORCE_BUY,,,,393896,2020-09-25 05:50:00
sell,395023,335.46,306.8566139064779,0.0,5m SELL signal,2020-10-05 04:00:00,3.272615909576416,-0.5,FREE,3909.3532611685137,322.72,393895.0,395024,2020-10-05 04:05:00
buy,396449,348.95,294.99389511697115,0.0,ADAPTIVE_FORCE_BUY->first acceptable 5m signal,2020-10-14 11:45:00,1.7761399745941162,1.5500000000000016,FORCE_BUY,,,,396450,2020-10-14 11:50:00
sell,396541,348.5,294.99389511697115,0.0,5m SELL signal,2020-10-14 19:25:00,3.8485376834869385,-0.5,FREE,-132.74725280263365,348.95,396449.0,396542,2020-10-14 19:30:00
buy,396551,345.49,297.56395973331917,0.0,5m BUY signal,2020-10-15 04:15:00,2.0289320945739746,1.5650000000000017,FREE,,,,396552,2020-10-15 04:20:00
sell,396618,345.44,297.56395973331917,0.0,5m SELL signal,2020-10-15 09:50:00,3.3054749965667725,-0.5,FREE,-14.878197986669342,345.49,396551.0,396619,2020-10-15 09:55:00
buy,396625,344.675,298.22439762175316,0.0,5m BUY signal,2020-10-15 10:25:00,1.8360333442687988,1.5650000000000017,FREE,,,,396626,2020-10-15 10:30:00
sell,396633,345.3,298.22439762175316,0.0,5m SELL signal,2020-10-15 11:05:00,3.372053384780884,-0.5,FREE,186.39024851359574,344.675,396625.0,396634,2020-10-15 11:10:00
buy,396646,345.428,298.11388914271964,0.0,5m BUY signal,2020-10-15 12:10:00,1.5781184434890747,1.5650000000000017,FREE,,,,396647,2020-10-15 12:15:00
sell,396658,346.17,298.11388914271964,0.0,5m SELL signal,2020-10-15 13:10:00,3.401093006134033,-0.5,FREE,221.20050574390353,345.428,396646.0,396659,2020-10-15 13:15:00
buy,396757,347.19,297.2380685058189,0.0,ADAPTIVE_FORCE_BUY->first acceptable 5m signal,2020-10-16 05:30:00,1.8056269884109497,1.6200000000000019,FORCE_BUY,,,,396758,2020-10-16 05:35:00
sell,397228,345.695,297.2380685058189,0.0,5m SELL signal,2020-10-20 13:10:00,1.6275607347488403,1.3850000000000016,FREE,-444.3709124162006,347.19,396757.0,397229,2020-10-20 13:15:00
buy,397251,343.89,298.798203181596,0.0,5m BUY signal,2020-10-20 15:05:00,2.4175069332122803,2.3650000000000024,FREE,,,,397252,2020-10-20 15:10:00
sell,398567,330.64,298.798203181596,0.0,ADAPTIVE_FORCE_SELL->first acceptable 5m signal,2020-10-29 13:40:00,2.683061122894287,-0.5,FORCE_SELL,-3959.0761921561475,343.89,397251.0,398568,2020-10-29 13:45:00
buy,398643,325.07,303.9180419600791,0.0,5m BUY signal,2020-10-30 04:00:00,2.889399290084839,2.4450000000000025,FREE,,,,398644,2020-10-30 04:05:00
sell,399481,350.59,303.9180419600791,0.0,5m SELL signal,2020-11-05 09:50:00,4.337590217590332,2.2700000000000022,FREE,7755.988430821213,325.07,398643.0,399482,2020-11-05 09:55:00
buy,399603,347.63,306.50584337020433,0.0,ADAPTIVE_FORCE_BUY->first acceptable 5m signal,2020-11-06 04:00:00,1.1978445053100586,0.8950000000000014,FORCE_BUY,,,,399604,2020-11-06 04:05:00
sell,400085,354.99,306.50584337020433,0.0,ADAPTIVE_FORCE_SELL->first acceptable 5m signal,2020-11-10 12:15:00,3.975127935409546,-0.5,FORCE_SELL,2255.883007204708,347.63,399603.0,400086,2020-11-10 12:20:00
buy,400608,355.46,306.1005720418299,0.0,ADAPTIVE_FORCE_BUY->first acceptable 5m signal,2020-11-13 08:00:00,1.432152509689331,1.0850000000000013,FORCE_BUY,,,,400609,2020-11-13 08:05:00
sell,403939,367.77,306.1005720418299,0.0,ADAPTIVE_FORCE_SELL->first acceptable 5m signal,2020-12-10 04:35:00,2.4718713760375977,2.3400000000000025,FORCE_SELL,3768.0980418349263,355.46,400608.0,403940,2020-12-10 04:40:00
buy,404122,365.15,308.29688451273114,0.0,ADAPTIVE_FORCE_BUY->first acceptable 5m signal,2020-12-11 04:00:00,2.1378767490386963,1.5850000000000017,FORCE_BUY,,,,404123,2020-12-11 04:05:00
sell,404502,366.98,308.29688451273114,0.0,ADAPTIVE_FORCE_SELL->first acceptable 5m signal,2020-12-15 04:00:00,2.5714049339294434,-0.5,FORCE_SELL,564.1832986583106,365.15,404122.0,404503,2020-12-15 04:05:00
buy,404812,369.39,306.2854724775497,0.0,ADAPTIVE_FORCE_BUY->first acceptable 5m signal,2020-12-16 14:05:00,1.838548183441162,1.760000000000002,FORCE_BUY,,,,404813,2020-12-16 14:10:00
sell,405391,368.39,306.2854724775497,0.0,ADAPTIVE_FORCE_SELL->first acceptable 5m signal,2020-12-21 14:35:00,2.03780198097229,0.9900000000000013,FORCE_SELL,-306.2854724775497,369.39,404812.0,405392,2020-12-21 14:40:00
buy,405984,371.36,303.8359144926878,0.0,ADAPTIVE_FORCE_BUY->first acceptable 5m signal,2020-12-28 05:40:00,1.5725831985473633,1.515000000000002,FORCE_BUY,,,,405985,2020-12-28 05:55:00
sell,406330,372.63,303.8359144926878,0.0,5m SELL signal,2020-12-30 04:00:00,2.9563910961151123,2.0200000000000022,FREE,385.87161140570794,371.36,405984.0,406331,2020-12-30 04:05:00
buy,406380,372.21,304.1787614986439,0.0,5m BUY signal,2020-12-30 08:55:00,1.5677355527877808,1.5050000000000017,FREE,,,,406381,2020-12-30 09:00:00
sell,406389,372.72,304.1787614986439,0.0,5m SELL signal,2020-12-30 09:40:00,3.035574197769165,2.0200000000000022,FREE,155.13116836432292,372.21,406380.0,406390,2020-12-30 09:45:00
buy,406765,373.98,303.1539333273826,0.0,ADAPTIVE_FORCE_BUY->first acceptable 5m signal,2021-01-04 09:35:00,1.7205816507339478,1.4500000000000017,FORCE_BUY,,,,406766,2021-01-04 09:40:00
sell,406957,370.09,303.1539333273826,0.0,ADAPTIVE_FORCE_SELL->first acceptable 5m signal,2021-01-05 09:35:00,3.459421396255493,2.5000000000000027,FORCE_SELL,-1179.2688006435314,373.98,406765.0,406958,2021-01-05 09:40:00
buy,408060,378.28,296.59045993743,0.0,ADAPTIVE_FORCE_BUY->first acceptable 5m signal,2021-01-13 06:25:00,1.9614651203155518,1.8700000000000019,FORCE_BUY,,,,408061,2021-01-13 06:30:00
sell,409888,374.44,296.59045993743,0.0,5m SELL signal,2021-01-27 15:55:00,1.5016288757324219,1.1800000000000015,FREE,-1138.9073661597238,378.28,408060.0,409889,2021-01-27 16:00:00
buy,409890,374.41,296.614224563904,0.0,5m BUY signal,2021-01-27 16:05:00,2.662336587905884,1.695000000000002,FREE,,,,409891,2021-01-27 16:10:00
sell,409903,373.37,296.614224563904,0.0,5m SELL signal,2021-01-27 17:10:00,1.4467158317565918,1.1800000000000015,FREE,-308.4787935464662,374.41,409890.0,409904,2021-01-27 17:15:00
buy,409907,372.8,297.0677388021052,0.0,5m BUY signal,2021-01-27 17:30:00,2.123072385787964,1.695000000000002,FREE,,,,409908,2021-01-27 17:35:00
sell,409952,372.71,297.0677388021052,0.0,ADAPTIVE_FORCE_SELL->first acceptable 5m signal,2021-01-28 05:15:00,2.6303224563598633,-0.5,FORCE_SELL,-26.736096492198925,372.8,409907.0,409953,2021-01-28 05:20:00
buy,410745,382.55,289.42652445152953,0.0,5m BUY signal,2021-02-03 07:20:00,0.7468863725662231,-0.5,FREE,,,,410746,2021-02-03 07:25:00
sell,410811,382.9281,289.42652445152953,0.0,5m SELL signal,2021-02-03 12:50:00,2.5389182567596436,2.3900000000000023,FREE,109.43216889511197,382.55,410745.0,410812,2021-02-03 12:55:00
buy,410816,382.7073,289.5935068336239,0.0,5m BUY signal,2021-02-03 13:15:00,0.8441973328590393,-0.5,FREE,,,,410817,2021-02-03 13:20:00
sell,413376,388.04,289.5935068336239,0.0,5m SELL signal,2021-02-24 04:50:00,2.454268455505371,2.4350000000000027,FREE,1544.3152938916794,382.7073,410816.0,413377,2021-02-24 04:55:00
buy,413638,388.06,289.5785816412911,0.0,ADAPTIVE_FORCE_BUY->first acceptable 5m signal,2021-02-25 10:45:00,1.6183791160583496,1.5600000000000018,FORCE_BUY,,,,413639,2021-02-25 10:50:00
sell,413803,383.87,289.5785816412911,0.0,ADAPTIVE_FORCE_SELL->first acceptable 5m signal,2021-02-26 08:35:00,2.2100906372070312,-0.5,FORCE_SELL,-1213.3342570770092,388.06,413638.0,413804,2021-02-26 08:40:00
buy,414133,386.65,287.49652175001273,0.0,5m BUY signal,2021-03-02 04:00:00,1.9876710176467896,1.7450000000000019,FREE,,,,414134,2021-03-02 04:05:00
sell,414171,389.06,287.49652175001273,0.0,5m SELL signal,2021-03-02 07:15:00,1.5071914196014404,-0.5,FREE,692.8666174175379,386.65,414133.0,414172,2021-03-02 07:20:00
buy,414209,387.54,288.62413364313346,0.0,5m BUY signal,2021-03-02 10:25:00,1.7821418046951294,1.7450000000000019,FREE,,,,414210,2021-03-02 10:30:00
sell,414231,388.43,288.62413364313346,0.0,5m SELL signal,2021-03-02 12:15:00,1.0939234495162964,-0.5,FREE,256.87547894238486,387.54,414209.0,414232,2021-03-02 12:20:00
buy,414255,388.44,288.6167033029614,0.0,5m BUY signal,2021-03-02 14:15:00,1.766342043876648,1.7450000000000019,FREE,,,,414256,2021-03-02 14:20:00
sell,414263,389.03,288.6167033029614,0.0,5m SELL signal,2021-03-02 14:55:00,1.4931772947311401,-0.5,FREE,170.28385494874001,388.44,414255.0,414264,2021-03-02 15:00:00
buy,414267,388.03,289.36050327539385,0.0,5m BUY signal,2021-03-02 15:15:00,1.8016467094421387,1.7450000000000019,FREE,,,,414268,2021-03-02 15:20:00
sell,414738,377.32,289.36050327539385,0.0,ADAPTIVE_FORCE_SELL->first acceptable 5m signal,2021-03-05 06:35:00,1.9082685708999634,0.7750000000000012,FORCE_SELL,-3099.0509900794623,388.03,414267.0,414739,2021-03-05 06:40:00
buy,415196,389.05,280.63617811559334,0.0,5m BUY signal,2021-03-09 12:55:00,1.5445225238800049,1.515000000000002,FREE,,,,415197,2021-03-09 13:00:00
sell,415197,389.79,280.63617811559334,0.0,5m SELL signal,2021-03-09 13:00:00,3.436265468597412,2.4400000000000026,FREE,207.67077180554162,389.05,415196.0,415198,2021-03-09 13:05:00
buy,415227,389.02,281.191650474724,0.0,5m BUY signal,2021-03-09 15:30:00,1.5172444581985474,1.515000000000002,FREE,,,,415228,2021-03-09 15:35:00
sell,416684,389.19,281.191650474724,0.0,ADAPTIVE_FORCE_SELL->first acceptable 5m signal,2021-03-19 10:40:00,1.5354368686676025,-0.5,FORCE_SELL,47.802580580707556,389.02,415227.0,416685,2021-03-19 10:45:00
buy,417250,390.38,280.33449062005695,0.0,ADAPTIVE_FORCE_BUY->first acceptable 5m signal,2021-03-24 10:15:00,1.3570910692214966,1.3550000000000018,FORCE_BUY,,,,417251,2021-03-24 10:20:00
sell,417497,388.825,280.33449062005695,0.0,5m SELL signal,2021-03-25 14:50:00,1.955999732017517,-0.5,FREE,-435.9201329141905,390.38,417250.0,417498,2021-03-25 14:55:00
buy,417749,393.6,276.93358311825114,0.0,ADAPTIVE_FORCE_BUY->first acceptable 5m signal,2021-03-29 04:10:00,1.8111536502838135,1.805000000000002,FORCE_BUY,,,,417750,2021-03-29 04:15:00
sell,420019,413.24,276.93358311825114,0.0,5m SELL signal,2021-04-15 05:05:00,1.6153472661972046,1.570000000000002,FREE,5438.9755724424485,393.6,417749.0,420020,2021-04-15 05:10:00
buy,420026,413.14,277.0006145320862,0.0,5m BUY signal,2021-04-15 05:45:00,0.8384628295898438,0.640000000000001,FREE,,,,420027,2021-04-15 05:50:00
sell,420077,414.99,277.0006145320862,0.0,5m SELL signal,2021-04-15 10:30:00,1.699385166168213,1.570000000000002,FREE,512.4511368843658,413.14,420026.0,420078,2021-04-15 10:35:00
buy,420451,414.68,277.20769032668676,0.0,ADAPTIVE_FORCE_BUY->first acceptable 5m signal,2021-04-19 10:45:00,0.8078014850616455,0.640000000000001,FORCE_BUY,,,,420452,2021-04-19 10:50:00
sell,420756,412.3,277.20769032668676,0.0,5m SELL signal,2021-04-21 04:20:00,1.5738470554351807,1.0150000000000015,FREE,-659.7543029775132,414.68,420451.0,420757,2021-04-21 04:25:00
buy,420760,412.13,277.3220360606919,0.0,5m BUY signal,2021-04-21 04:45:00,1.519760012626648,1.2850000000000015,FREE,,,,420761,2021-04-21 04:50:00
sell,420781,412.49,277.3220360606919,0.0,5m SELL signal,2021-04-21 06:50:00,1.3630181550979614,1.0150000000000015,FREE,99.83593298185288,412.13,420760.0,420782,2021-04-21 06:55:00
buy,420788,412.19,277.5238765003392,0.0,5m BUY signal,2021-04-21 07:25:00,1.5537216663360596,1.2850000000000015,FREE,,,,420789,2021-04-21 07:30:00
sell,420813,411.52,277.5238765003392,0.0,5m SELL signal,2021-04-21 09:30:00,1.2264349460601807,1.0150000000000015,FREE,-185.94099725523168,412.19,420788.0,420814,2021-04-21 09:35:00
buy,420849,414.5,275.5286505607228,0.0,5m BUY signal,2021-04-21 12:30:00,1.4699195623397827,1.2850000000000015,FREE,,,,420850,2021-04-21 12:35:00
sell,420858,414.87,275.5286505607228,0.0,5m SELL signal,2021-04-21 13:15:00,2.1933515071868896,1.0150000000000015,FREE,101.94560070746869,414.5,420849.0,420859,2021-04-21 13:20:00
buy,420936,414.98,275.4556153504435,0.0,5m BUY signal,2021-04-21 19:45:00,1.5792239904403687,1.2850000000000015,FREE,,,,420937,2021-04-21 19:50:00
sell,421258,417.4601,275.4556153504435,0.0,5m SELL signal,2021-04-23 14:50:00,1.732077717781067,1.4200000000000017,FREE,683.157471630633,414.98,420936.0,421259,2021-04-23 14:55:00
buy,421733,417.54,275.4029044636626,0.0,ADAPTIVE_FORCE_BUY->first acceptable 5m signal,2021-04-28 07:45:00,1.1962463855743408,-0.5,FORCE_BUY,,,,421734,2021-04-28 07:50:00
sell,422660,417.21,275.4029044636626,0.0,5m SELL signal,2021-05-05 06:35:00,1.9933241605758667,-0.5,FREE,-90.88295847301993,417.54,421733.0,422661,2021-05-05 06:40:00
buy,422701,415.52,276.5230212054406,0.0,5m BUY signal,2021-05-05 10:00:00,2.149428606033325,1.9400000000000022,FREE,,,,422702,2021-05-05 10:05:00
sell,422709,416.2702,276.5230212054406,0.0,5m SELL signal,2021-05-05 10:40:00,1.6334205865859985,-0.5,FREE,207.4475705083234,415.52,422701.0,422710,2021-05-05 10:45:00
buy,422764,415.915,276.7591775766515,0.0,5m BUY signal,2021-05-05 15:15:00,1.9981427192687988,1.9400000000000022,FREE,,,,422765,2021-05-05 15:20:00
sell,422956,418.56,276.7591775766515,0.0,5m SELL signal,2021-05-06 15:50:00,1.8623454570770264,1.860000000000002,FREE,732.0280246902382,415.915,422764.0,422957,2021-05-06 15:55:00
buy,424173,415.3,278.9316671478046,0.0,5m BUY signal,2021-05-17 07:05:00,1.712873935699463,1.5800000000000018,FREE,,,,424174,2021-05-17 07:10:00
sell,425158,418.58,278.9316671478046,0.0,5m SELL signal,2021-05-24 10:10:00,2.807556390762329,2.4550000000000027,FREE,914.8958682447915,415.3,424173.0,425159,2021-05-24 10:15:00
buy,425272,419.73,278.1674343857433,0.0,ADAPTIVE_FORCE_BUY->first acceptable 5m signal,2021-05-24 19:40:00,0.9178040623664856,0.8600000000000012,FORCE_BUY,,,,425273,2021-05-24 19:45:00
sell,428269,421.28,278.1674343857433,0.0,ADAPTIVE_FORCE_SELL->first acceptable 5m signal,2021-06-17 07:05:00,0.9724661707878113,-0.5,FORCE_SELL,431.1595232978895,419.73,425272.0,428270,2021-06-17 07:10:00
buy,428471,417.64,280.5918416771046,0.0,ADAPTIVE_FORCE_BUY->first acceptable 5m signal,2021-06-18 08:20:00,1.5337918996810913,1.4400000000000017,FORCE_BUY,,,,428472,2021-06-18 08:25:00
sell,428675,416.9,280.5918416771046,0.0,5m SELL signal,2021-06-21 09:20:00,1.2971532344818115,1.0550000000000015,FREE,-207.63796284105993,417.64,428471.0,428676,2021-06-21 09:25:00
buy,428711,419.8697,278.6072412350424,0.0,5m BUY signal,2021-06-21 12:20:00,1.5297324657440186,1.4700000000000017,FREE,,,,428712,2021-06-21 12:25:00
sell,428725,420.3,278.6072412350424,0.0,5m SELL signal,2021-06-21 13:30:00,1.1699639558792114,1.0550000000000015,FREE,119.8846959034355,419.8697,428711.0,428726,2021-06-21 13:35:00
buy,429027,423.0,276.82889714205277,0.0,ADAPTIVE_FORCE_BUY->first acceptable 5m signal,2021-06-23 07:00:00,0.7474108934402466,-0.5,FORCE_BUY,,,,429028,2021-06-23 07:05:00
sell,429184,424.48,276.82889714205277,0.0,5m SELL signal,2021-06-24 04:15:00,1.3825114965438843,1.1600000000000015,FREE,409.7067677702431,423.0,429027.0,429185,2021-06-24 04:20:00
buy,429203,424.58,276.7636964973823,0.0,5m BUY signal,2021-06-24 05:50:00,1.018154263496399,0.7350000000000012,FREE,,,,429204,2021-06-24 05:55:00
sell,429230,424.73,276.7636964973823,0.0,5m SELL signal,2021-06-24 08:15:00,1.3452101945877075,1.1600000000000015,FREE,41.51455447461678,424.58,429203.0,429231,2021-06-24 08:20:00
buy,429413,425.31,276.3862707515299,0.0,ADAPTIVE_FORCE_BUY->first acceptable 5m signal,2021-06-25 07:55:00,0.8025180697441101,0.7350000000000012,FORCE_BUY,,,,429414,2021-06-25 08:00:00
sell,432169,428.69,276.3862707515299,0.0,ADAPTIVE_FORCE_SELL->first acceptable 5m signal,2021-07-19 05:40:00,0.9566867351531982,-0.5,FORCE_SELL,934.1855951401698,425.31,429413.0,432170,2021-07-19 05:45:00
buy,433277,440.82,268.78097728885564,0.0,ADAPTIVE_FORCE_BUY->first acceptable 5m signal,2021-07-26 19:35:00,0.3695329427719116,-0.5,FORCE_BUY,,,,433278,2021-07-26 19:40:00
sell,434232,439.1,268.78097728885564,0.0,5m SELL signal,2021-08-03 05:35:00,1.997104287147522,1.3650000000000015,FREE,-462.30328093682374,440.82,433277.0,434233,2021-08-03 05:40:00
buy,434278,437.88,269.5298418003483,0.0,5m BUY signal,2021-08-03 09:35:00,1.294237732887268,1.1650000000000014,FREE,,,,434279,2021-08-03 09:40:00
sell,434292,437.9,269.5298418003483,0.0,5m SELL signal,2021-08-03 10:45:00,2.2724609375,1.3650000000000015,FREE,5.3905968360020635,437.88,434278.0,434293,2021-08-03 10:50:00
buy,435264,442.44,266.76412106584513,0.0,ADAPTIVE_FORCE_BUY->first acceptable 5m signal,2021-08-10 15:40:00,0.8608580231666565,0.7800000000000011,FORCE_BUY,,,,435265,2021-08-10 15:45:00
sell,437533,447.8,266.76412106584513,0.0,5m SELL signal,2021-08-27 05:40:00,0.9407085180282593,-0.5,FREE,1429.8556889129336,442.44,435264.0,437534,2021-08-27 05:45:00
buy,437601,449.25,265.90311277303385,0.0,5m BUY signal,2021-08-27 11:25:00,1.132852554321289,1.0050000000000012,FREE,,,,437602,2021-08-27 11:30:00
sell,437607,449.89,265.90311277303385,0.0,5m SELL signal,2021-08-27 11:55:00,0.8566809892654419,-0.5,FREE,170.17799217473805,449.25,437601.0,437608,2021-08-27 12:00:00
buy,438125,453.18,263.9727071041533,0.0,ADAPTIVE_FORCE_BUY->first acceptable 5m signal,2021-09-01 08:45:00,0.6881493330001831,0.5300000000000009,FORCE_BUY,,,,438126,2021-09-01 08:50:00
sell,439430,448.39,263.9727071041533,0.0,5m SELL signal,2021-09-13 08:45:00,2.061269998550415,1.0550000000000015,FREE,-1264.4292670288996,453.18,438125.0,439431,2021-09-13 08:50:00
buy,439445,446.28,265.22076306003254,0.0,5m BUY signal,2021-09-13 10:00:00,2.2973849773406982,1.1050000000000013,FREE,,,,439446,2021-09-13 10:05:00
sell,439453,446.17,265.22076306003254,0.0,5m SELL signal,2021-09-13 10:40:00,1.9793996810913086,1.0550000000000015,FREE,-29.174283936592122,446.28,439445.0,439454,2021-09-13 10:45:00
buy,439460,445.3,265.7389352223102,0.0,5m BUY signal,2021-09-13 11:15:00,2.313807964324951,1.1050000000000013,FREE,,,,439461,2021-09-13 11:20:00
sell,439510,446.02,265.7389352223102,0.0,5m SELL signal,2021-09-13 15:25:00,1.971170425415039,1.0550000000000015,FREE,191.3320333600555,445.3,439460.0,439511,2021-09-13 15:30:00
buy,439607,446.17,265.6495951943313,0.0,ADAPTIVE_FORCE_BUY->first acceptable 5m signal,2021-09-14 08:00:00,2.2004945278167725,2.0950000000000024,FORCE_BUY,,,,439608,2021-09-14 08:05:00
sell,442151,432.78,265.6495951943313,0.0,ADAPTIVE_FORCE_SELL->first acceptable 5m signal,2021-10-01 13:30:00,1.1772410869598389,1.1650000000000014,FORCE_SELL,-3557.048079652108,446.17,439607.0,442152,2021-10-01 13:35:00
buy,442304,430.16,267.2676023065898,0.0,ADAPTIVE_FORCE_BUY->first acceptable 5m signal,2021-10-04 10:20:00,2.603271961212158,2.4400000000000026,FORCE_BUY,,,,442305,2021-10-04 10:25:00
sell,445717,457.07,267.2676023065898,0.0,5m SELL signal,2021-10-28 10:25:00,0.9775440096855164,0.9200000000000013,FREE,7192.171178070324,430.16,442304.0,445718,2021-10-28 10:30:00
buy,445734,457.16,267.21498597049833,0.0,5m BUY signal,2021-10-28 11:50:00,0.8770937323570251,0.8300000000000012,FREE,,,,445735,2021-10-28 11:55:00
sell,447536,465.12,267.21498597049833,0.0,5m SELL signal,2021-11-11 04:20:00,1.2232054471969604,1.0850000000000013,FREE,2127.0312883251613,457.16,445734.0,447537,2021-11-11 04:25:00
buy,448096,466.82,266.2418796850996,0.0,ADAPTIVE_FORCE_BUY->first acceptable 5m signal,2021-11-16 04:00:00,0.641456127166748,-0.5,FORCE_BUY,,,,448097,2021-11-16 04:05:00
sell,449065,467.28,266.2418796850996,0.0,ADAPTIVE_FORCE_SELL->first acceptable 5m signal,2021-11-23 06:55:00,1.5493197441101074,-0.5,FORCE_SELL,122.47126465514037,466.82,448096.0,449066,2021-11-23 07:00:00
buy,449459,461.54,269.5530301582817,0.0,ADAPTIVE_FORCE_BUY->first acceptable 5m signal,2021-11-26 08:00:00,1.3029531240463257,0.9900000000000013,FORCE_BUY,,,,449460,2021-11-26 08:05:00
sell,449567,462.14,269.5530301582817,0.0,ADAPTIVE_FORCE_SELL->first acceptable 5m signal,2021-11-29 04:00:00,2.730443239212036,-0.5,FORCE_SELL,161.7318180949598,461.54,449459.0,449568,2021-11-29 04:05:00
buy,449851,457.39,272.35234123471935,0.0,ADAPTIVE_FORCE_BUY->first acceptable 5m signal,2021-11-30 11:40:00,2.5058913230895996,1.885000000000002,FORCE_BUY,,,,449852,2021-11-30 11:45:00
sell,450230,456.12,272.35234123471935,0.0,ADAPTIVE_FORCE_SELL->first acceptable 5m signal,2021-12-02 11:15:00,2.8389618396759033,2.2650000000000023,FORCE_SELL,-345.8874733680886,457.39,449851.0,450231,2021-12-02 11:20:00
buy,450348,456.51,272.11966853733804,0.0,ADAPTIVE_FORCE_BUY->first acceptable 5m signal,2021-12-03 05:10:00,1.8397331237792969,-0.5,FORCE_BUY,,,,450349,2021-12-03 05:15:00
sell,450526,456.6,272.11966853733804,0.0,ADAPTIVE_FORCE_SELL->first acceptable 5m signal,2021-12-06 04:00:00,2.4006736278533936,-0.5,FORCE_SELL,24.490770168369085,456.51,450348.0,450527,2021-12-06 04:05:00
buy,451104,468.49,265.21343177901036,0.0,ADAPTIVE_FORCE_BUY->first acceptable 5m signal,2021-12-09 04:10:00,1.5185232162475586,1.4950000000000019,FORCE_BUY,,,,451105,2021-12-09 04:15:00
sell,451316,468.05,265.21343177901036,0.0,ADAPTIVE_FORCE_SELL->first acceptable 5m signal,2021-12-10 06:05:00,1.9652019739151,-0.5,FORCE_SELL,-116.69390998276396,468.49,451104.0,451317,2021-12-10 06:10:00
buy,451571,466.88,265.8780559119384,0.0,ADAPTIVE_FORCE_BUY->first acceptable 5m signal,2021-12-13 11:20:00,1.6452991962432861,0.9650000000000012,FORCE_BUY,,,,451572,2021-12-13 11:25:00
sell,451945,462.8,265.8780559119384,0.0,ADAPTIVE_FORCE_SELL->first acceptable 5m signal,2021-12-15 10:35:00,0.9905354380607605,0.8150000000000013,FORCE_SELL,-1084.7824681207046,466.88,451571.0,451946,2021-12-15 10:40:00
buy,452293,462.51,266.04476503436706,0.0,5m BUY signal,2021-12-17 07:40:00,1.7596092224121094,1.635000000000002,FREE,,,,452294,2021-12-17 07:45:00
sell,452553,453.25,266.04476503436706,0.0,ADAPTIVE_FORCE_SELL->first acceptable 5m signal,2021-12-20 13:35:00,1.2154099941253662,-0.5,FORCE_SELL,-2463.5745242182365,462.51,452293.0,452554,2021-12-20 13:40:00
buy,452754,461.89,261.068197518515,0.0,ADAPTIVE_FORCE_BUY->first acceptable 5m signal,2021-12-21 14:20:00,1.6098933219909668,-0.5,FORCE_BUY,,,,452755,2021-12-21 14:25:00
sell,454737,468.73,261.068197518515,0.0,ADAPTIVE_FORCE_SELL->first acceptable 5m signal,2022-01-06 05:40:00,1.1625280380249023,0.7300000000000011,FORCE_SELL,1785.7064710266507,461.89,452754.0,454738,2022-01-06 05:45:00
buy,455170,457.64,267.39466878518823,0.0,ADAPTIVE_FORCE_BUY->first acceptable 5m signal,2022-01-10 10:10:00,2.3303840160369873,2.0500000000000025,FORCE_BUY,,,,455171,2022-01-10 10:15:00
sell,456438,453.39,267.39466878518823,0.0,ADAPTIVE_FORCE_SELL->first acceptable 5m signal,2022-01-20 04:30:00,1.5059537887573242,0.9400000000000013,FORCE_SELL,-1136.42734233705,457.64,455170.0,456439,2022-01-20 04:35:00
buy,457229,440.09,275.47562744101543,0.0,5m BUY signal,2022-01-26 06:25:00,2.901578187942505,-0.5,FREE,,,,457230,2022-01-26 06:30:00
sell,457234,441.0,275.47562744101543,0.0,5m SELL signal,2022-01-26 06:50:00,2.8754351139068604,2.3900000000000023,FREE,250.68282097133093,440.09,457229.0,457235,2022-01-26 06:55:00
buy,457783,442.54,274.5169966590315,0.0,5m BUY signal,2022-01-31 04:40:00,1.349765658378601,-0.5,FREE,,,,457784,2022-01-31 04:45:00
sell,457818,440.35,274.5169966590315,0.0,5m SELL signal,2022-01-31 07:45:00,2.3066353797912598,-0.5,FREE,-601.1922226832784,442.54,457783.0,457819,2022-01-31 07:50:00
buy,458304,453.85,266.35134841644714,0.0,ADAPTIVE_FORCE_BUY->first acceptable 5m signal,2022-02-02 16:20:00,2.412479877471924,2.3750000000000027,FORCE_BUY,,,,458305,2022-02-02 16:25:00
sell,458508,450.92,266.35134841644714,0.0,ADAPTIVE_FORCE_SELL->first acceptable 5m signal,2022-02-03 17:35:00,2.870438575744629,-0.5,FORCE_SELL,-780.4094508601919,453.85,458304.0,458509,2022-02-03 17:40:00
buy,459356,451.65,265.92084584953915,0.0,ADAPTIVE_FORCE_BUY->first acceptable 5m signal,2022-02-10 09:00:00,2.5089824199676514,2.3800000000000026,FORCE_BUY,,,,459357,2022-02-10 09:05:00
sell,459721,439.33,265.92084584953915,0.0,ADAPTIVE_FORCE_SELL->first acceptable 5m signal,2022-02-14 07:35:00,2.932904005050659,1.700000000000002,FORCE_SELL,-3276.1448208663205,451.65,459356.0,459722,2022-02-14 07:40:00
buy,460115,444.4,262.8870504209677,0.0,ADAPTIVE_FORCE_BUY->first acceptable 5m signal,2022-02-16 08:50:00,2.1391422748565674,-0.5,FORCE_BUY,,,,460116,2022-02-16 08:55:00
sell,460512,437.69,262.8870504209677,0.0,ADAPTIVE_FORCE_SELL->first acceptable 5m signal,2022-02-18 10:15:00,1.9470248222351074,1.1650000000000014,FORCE_SELL,-1763.9721083246877,444.4,460115.0,460513,2022-02-18 10:20:00
buy,460629,428.65,268.4311981774253,0.0,5m BUY signal,2022-02-22 04:00:00,3.1362056732177734,2.4850000000000025,FREE,,,,460630,2022-02-22 04:05:00
sell,460706,435.44,268.4311981774253,0.0,5m SELL signal,2022-02-22 10:25:00,1.1790101528167725,1.1200000000000014,FREE,1822.6478356247233,428.65,460629.0,460707,2022-02-22 10:30:00
buy,460712,431.79,270.7002962884228,0.0,5m BUY signal,2022-02-22 10:55:00,3.081082582473755,2.4850000000000025,FREE,,,,460713,2022-02-22 11:00:00
sell,460759,430.75,270.7002962884228,0.0,5m SELL signal,2022-02-22 14:50:00,1.4043818712234497,1.1200000000000014,FREE,-281.52830813996525,431.79,460712.0,460760,2022-02-22 14:55:00
buy,460769,430.32,270.9707952831338,0.0,5m BUY signal,2022-02-22 15:40:00,2.9513394832611084,2.4850000000000025,FREE,,,,460770,2022-02-22 15:45:00
sell,460801,429.57,270.9707952831338,0.0,5m SELL signal,2022-02-22 18:25:00,1.4879590272903442,1.1200000000000014,FREE,-203.22809646235032,430.32,460769.0,460802,2022-02-22 18:30:00
buy,460815,431.91,269.50273096194985,0.0,5m BUY signal,2022-02-22 19:35:00,2.50105619430542,2.4850000000000025,FREE,,,,460816,2022-02-22 19:40:00
sell,460821,433.5,269.50273096194985,0.0,5m SELL signal,2022-02-23 04:05:00,1.6949162483215332,1.3900000000000017,FREE,428.50934222949354,431.91,460815.0,460822,2022-02-23 04:10:00
buy,460889,431.09,271.0093805748342,0.0,5m BUY signal,2022-02-23 09:50:00,3.8434090614318848,-0.5,FREE,,,,460890,2022-02-23 09:55:00
sell,461249,428.78,271.0093805748342,0.0,ADAPTIVE_FORCE_SELL->first acceptable 5m signal,2022-02-25 07:50:00,3.049591541290283,1.2550000000000017,FORCE_SELL,-626.0316691278676,431.09,460889.0,461250,2022-02-25 07:55:00
buy,461514,432.31,268.79647059489116,0.0,5m BUY signal,2022-02-28 14:00:00,2.5347068309783936,-0.5,FREE,,,,461515,2022-02-28 14:05:00
sell,461783,431.7,268.79647059489116,0.0,ADAPTIVE_FORCE_SELL->first acceptable 5m signal,2022-03-02 04:30:00,2.163430690765381,-0.5,FORCE_SELL,-163.96584706288726,432.31,461514.0,461784,2022-03-02 04:35:00
buy,461983,436.74,265.69454676882015,0.0,ADAPTIVE_FORCE_BUY->first acceptable 5m signal,2022-03-03 05:15:00,2.3703362941741943,2.3050000000000024,FORCE_BUY,,,,461984,2022-03-03 05:20:00
sell,462577,421.59,265.69454676882015,0.0,5m SELL signal,2022-03-08 06:55:00,3.1534242630004883,-0.5,FREE,-4025.2723835476345,436.74,461983.0,462578,2022-03-08 07:00:00
buy,462587,420.25,266.5417346157451,0.0,5m BUY signal,2022-03-08 07:45:00,4.401435852050781,2.3300000000000027,FREE,,,,462588,2022-03-08 07:50:00
sell,462611,419.8,266.5417346157451,0.0,5m SELL signal,2022-03-08 09:45:00,2.391622304916382,-0.5,FREE,-119.94378057708226,420.25,462587.0,462612,2022-03-08 09:50:00
buy,462632,415.93,269.02175892984343,0.0,5m BUY signal,2022-03-08 11:30:00,4.250454902648926,2.3300000000000027,FREE,,,,462633,2022-03-08 11:35:00
sell,462637,417.97,269.02175892984343,0.0,5m SELL signal,2022-03-08 11:55:00,2.797586679458618,-0.5,FREE,548.8043882168861,415.93,462632.0,462638,2022-03-08 12:00:00
buy,462656,422.56,266.0995469990218,0.0,5m BUY signal,2022-03-08 13:30:00,4.3475260734558105,2.3300000000000027,FREE,,,,462657,2022-03-08 13:35:00
sell,462667,420.83,266.0995469990218,0.0,5m SELL signal,2022-03-08 14:25:00,2.4807467460632324,-0.5,FREE,-460.35221630831256,422.56,462656.0,462668,2022-03-08 14:30:00
buy,462680,417.73,268.0742880894318,0.0,5m BUY signal,2022-03-08 15:30:00,4.949491500854492,2.3300000000000027,FREE,,,,462681,2022-03-08 15:35:00
sell,462716,416.32,268.0742880894318,0.0,5m SELL signal,2022-03-08 18:30:00,2.5504186153411865,-0.5,FREE,-377.9847462061055,417.73,462680.0,462717,2022-03-08 18:35:00
buy,462843,427.47,261.08191830395634,0.0,5m BUY signal,2022-03-09 13:05:00,3.386413812637329,2.3150000000000026,FREE,,,,462844,2022-03-09 13:10:00
sell,462860,427.71,261.08191830395634,0.0,5m SELL signal,2022-03-09 14:30:00,1.7644426822662354,-0.5,FREE,62.659660392937056,427.47,462843.0,462861,2022-03-09 14:35:00
buy,462986,422.12,264.53934255137204,0.0,ADAPTIVE_FORCE_BUY->first acceptable 5m signal,2022-03-10 09:00:00,2.5843653678894043,-0.5,FORCE_BUY,,,,462987,2022-03-10 09:05:00
sell,466146,453.15,264.53934255137204,0.0,5m SELL signal,2022-04-01 17:45:00,3.0648984909057617,-0.5,FREE,8208.655799369068,422.12,462986.0,466147,2022-04-01 17:50:00
buy,466549,449.45,266.71710552264824,0.0,ADAPTIVE_FORCE_BUY->first acceptable 5m signal,2022-04-06 04:00:00,2.123112678527832,1.0050000000000012,FORCE_BUY,,,,466550,2022-04-06 04:05:00
sell,466746,446.59,266.71710552264824,0.0,5m SELL signal,2022-04-07 04:25:00,1.2361459732055664,0.9900000000000013,FREE,-762.8109217947776,449.45,466549.0,466747,2022-04-07 04:30:00
buy,466790,446.45,266.8007439922936,0.0,5m BUY signal,2022-04-07 08:10:00,2.2728607654571533,2.2100000000000026,FREE,,,,466791,2022-04-07 08:15:00
sell,466812,446.4599,266.8007439922936,0.0,5m SELL signal,2022-04-07 10:00:00,1.2277268171310425,0.9900000000000013,FREE,2.641327365527977,446.45,466790.0,466813,2022-04-07 10:05:00
buy,466820,444.77,267.8144512505902,0.0,5m BUY signal,2022-04-07 10:40:00,2.477952480316162,2.2100000000000026,FREE,,,,466821,2022-04-07 10:45:00
sell,466850,445.73,267.8144512505902,0.0,5m SELL signal,2022-04-07 13:10:00,1.2598247528076172,0.9900000000000013,FREE,257.10187320057634,444.77,466820.0,466851,2022-04-07 13:15:00
buy,467119,445.87,267.7303594229833,0.0,5m BUY signal,2022-04-11 04:00:00,1.899417519569397,1.610000000000002,FREE,,,,467120,2022-04-11 04:05:00
sell,467130,444.72,267.7303594229833,0.0,5m SELL signal,2022-04-11 04:55:00,1.6122955083847046,1.2400000000000015,FREE,-307.88991333642474,445.87,467119.0,467131,2022-04-11 05:00:00
buy,467150,445.67,267.15965948479624,0.0,5m BUY signal,2022-04-11 06:35:00,1.745166301727295,1.610000000000002,FREE,,,,467151,2022-04-11 06:40:00
sell,467332,440.0,267.15965948479624,0.0,5m SELL signal,2022-04-12 05:40:00,2.4384186267852783,-0.5,FREE,-1514.795269278799,445.67,467150.0,467333,2022-04-12 05:45:00
buy,467415,441.88,266.02301569048234,0.0,5m BUY signal,2022-04-12 12:35:00,1.8020648956298828,1.800000000000002,FREE,,,,467416,2022-04-12 12:40:00
sell,467591,441.34,266.02301569048234,0.0,ADAPTIVE_FORCE_SELL->first acceptable 5m signal,2022-04-13 11:20:00,2.4248204231262207,-0.5,FORCE_SELL,-143.6524284728659,441.88,467415.0,467592,2022-04-13 11:25:00
buy,467736,442.49,265.3316408163743,0.0,5m BUY signal,2022-04-14 07:50:00,1.7734118700027466,-0.5,FREE,,,,467737,2022-04-14 07:55:00
sell,467945,438.67,265.3316408163743,0.0,ADAPTIVE_FORCE_SELL->first acceptable 5m signal,2022-04-18 09:35:00,2.5906147956848145,2.4800000000000026,FORCE_SELL,-1013.566867918548,442.49,467736.0,467946,2022-04-18 09:40:00
buy,468529,447.23,260.2531826508037,0.0,5m BUY signal,2022-04-21 10:45:00,1.3716901540756226,1.3450000000000015,FREE,,,,468530,2022-04-21 10:50:00
sell,468678,437.51,260.2531826508037,0.0,ADAPTIVE_FORCE_SELL->first acceptable 5m signal,2022-04-22 07:20:00,1.5830940008163452,-0.5,FORCE_SELL,-2529.660935365819,447.23,468529.0,468679,2022-04-22 07:25:00
buy,470735,406.17,280.3342687582862,0.0,5m BUY signal,2022-05-09 04:00:00,3.1581993103027344,2.4000000000000026,FREE,,,,470736,2022-05-09 04:05:00
sell,470927,401.07,280.3342687582862,0.0,ADAPTIVE_FORCE_SELL->first acceptable 5m signal,2022-05-10 04:00:00,3.316965103149414,-0.5,FORCE_SELL,-1429.704770667266,406.17,470735.0,470928,2022-05-10 04:05:00
buy,471916,406.97,276.27015546818154,0.0,5m BUY signal,2022-05-17 06:25:00,3.538383960723877,-0.5,FREE,,,,471917,2022-05-17 06:30:00
sell,472305,388.08,276.27015546818154,0.0,ADAPTIVE_FORCE_SELL->first acceptable 5m signal,2022-05-19 06:55:00,2.8102853298187256,1.3650000000000015,FORCE_SELL,-5218.743236793961,406.97,471916.0,472306,2022-05-19 07:00:00
buy,472480,393.73,272.3056966299035,0.0,ADAPTIVE_FORCE_BUY->first acceptable 5m signal,2022-05-20 05:35:00,2.688749313354492,-0.5,FORCE_BUY,,,,472481,2022-05-20 05:40:00
sell,472742,396.83,272.3056966299035,0.0,ADAPTIVE_FORCE_SELL->first acceptable 5m signal,2022-05-23 11:30:00,1.9154292345046997,1.8550000000000022,FORCE_SELL,844.1476595526915,393.73,472480.0,472743,2022-05-23 11:35:00
buy,472854,391.11,276.2881787569855,0.0,ADAPTIVE_FORCE_BUY->first acceptable 5m signal,2022-05-24 04:50:00,2.4550821781158447,2.3950000000000027,FORCE_BUY,,,,472855,2022-05-24 04:55:00
sell,475522,378.92,276.2881787569855,0.0,5m SELL signal,2022-06-14 04:00:00,3.37776517868042,2.3600000000000025,FREE,-3367.9528990476524,391.11,472854.0,475523,2022-06-14 04:05:00
buy,475549,375.72,278.641319851477,0.0,5m BUY signal,2022-06-14 06:15:00,3.119805097579956,-0.5,FREE,,,,475550,2022-06-14 06:20:00
sell,475555,377.09,278.641319851477,0.0,5m SELL signal,2022-06-14 06:45:00,3.145872116088867,2.3600000000000025,FREE,381.73860819650895,375.72,475549.0,475556,2022-06-14 06:50:00
buy,475565,376.01,279.4416512932993,0.0,5m BUY signal,2022-06-14 07:35:00,3.054694175720215,-0.5,FREE,,,,475566,2022-06-14 07:40:00
sell,475594,376.79,279.4416512932993,0.0,5m SELL signal,2022-06-14 10:00:00,3.544036865234375,2.3600000000000025,FREE,217.9644880087817,376.01,475565.0,475595,2022-06-14 10:05:00
buy,475598,374.94,280.8204507142536,0.0,5m BUY signal,2022-06-14 10:20:00,3.358637571334839,-0.5,FREE,,,,475599,2022-06-14 10:25:00
sell,475630,373.95,280.8204507142536,0.0,5m SELL signal,2022-06-14 13:00:00,2.974561929702759,2.3600000000000025,FREE,-278.0122462071136,374.94,475598.0,475631,2022-06-14 13:05:00
buy,475638,373.02,281.5205821258783,0.0,5m BUY signal,2022-06-14 13:40:00,3.664112091064453,-0.5,FREE,,,,475639,2022-06-14 13:45:00
sell,475661,374.22,281.5205821258783,0.0,5m SELL signal,2022-06-14 15:35:00,2.9745676517486572,2.3600000000000025,FREE,337.8246985510668,373.02,475638.0,475662,2022-06-14 15:40:00
buy,475704,374.25,281.498015345748,0.0,5m BUY signal,2022-06-14 19:10:00,2.7613964080810547,-0.5,FREE,,,,475705,2022-06-14 19:15:00
sell,475711,375.2,281.498015345748,0.0,5m SELL signal,2022-06-14 19:45:00,3.237898588180542,2.3600000000000025,FREE,267.4231145784574,374.25,475704.0,475712,2022-06-14 19:50:00
buy,475743,375.3,281.42300921322845,0.0,5m BUY signal,2022-06-15 06:25:00,3.4811594486236572,-0.5,FREE,,,,475744,2022-06-15 06:30:00
sell,475755,376.64,281.42300921322845,0.0,5m SELL signal,2022-06-15 07:25:00,3.6299707889556885,2.2850000000000024,FREE,377.1068323457191,375.3,475743.0,475756,2022-06-15 07:30:00
buy,475781,377.43,280.83396176793144,0.0,5m BUY signal,2022-06-15 09:35:00,3.3592288494110107,-0.5,FREE,,,,475782,2022-06-15 09:40:00
sell,475833,378.14,280.83396176793144,0.0,5m SELL signal,2022-06-15 13:55:00,3.6923913955688477,2.2850000000000024,FREE,199.39211285522558,377.43,475781.0,475834,2022-06-15 14:00:00
buy,475840,373.47,284.34560822268344,0.0,5m BUY signal,2022-06-15 14:30:00,4.653474807739258,-0.5,FREE,,,,475841,2022-06-15 14:35:00
sell,475902,381.38,284.34560822268344,0.0,5m SELL signal,2022-06-15 19:40:00,3.466763496398926,2.2850000000000024,FREE,2249.173761041417,373.47,475840.0,475903,2022-06-15 19:45:00
buy,476118,367.9,294.7641426038788,0.0,ADAPTIVE_FORCE_BUY->first acceptable 5m signal,2022-06-17 05:40:00,3.656625986099243,-0.5,FORCE_BUY,,,,476119,2022-06-17 05:45:00
sell,477246,390.26,294.7641426038788,0.0,5m SELL signal,2022-06-28 04:00:00,4.487125396728516,-0.5,FREE,6590.926228622734,367.9,476118.0,477247,2022-06-28 04:05:00
buy,477324,388.62,296.0080651860165,0.0,5m BUY signal,2022-06-28 10:30:00,2.2387259006500244,2.1200000000000023,FREE,,,,477325,2022-06-28 10:35:00
sell,477347,384.875,296.0080651860165,0.0,5m SELL signal,2022-06-28 12:25:00,4.216741561889648,-0.5,FREE,-1108.5502041216332,388.62,477324.0,477348,2022-06-28 12:30:00
buy,477356,382.77,297.6359278116574,0.0,5m BUY signal,2022-06-28 13:10:00,2.7008094787597656,2.1200000000000023,FREE,,,,477357,2022-06-28 13:15:00
sell,477508,381.86,297.6359278116574,0.0,ADAPTIVE_FORCE_SELL->first acceptable 5m signal,2022-06-29 10:00:00,3.1217708587646484,-0.5,FORCE_SELL,-270.84869430859874,382.77,477356.0,477509,2022-06-29 10:05:00
buy,478770,385.7,294.6726870473412,0.0,ADAPTIVE_FORCE_BUY->first acceptable 5m signal,2022-07-11 04:00:00,1.0460808277130127,0.7950000000000013,FORCE_BUY,,,,478771,2022-07-11 04:05:00
sell,479002,382.28,294.6726870473412,0.0,ADAPTIVE_FORCE_SELL->first acceptable 5m signal,2022-07-12 07:25:00,2.3356499671936035,2.2750000000000026,FORCE_SELL,-1007.7805897019116,385.7,478770.0,479003,2022-07-12 07:30:00
buy,480329,394.15,285.79848992631634,0.0,ADAPTIVE_FORCE_BUY->first acceptable 5m signal,2022-07-21 06:45:00,1.6500962972640991,1.1700000000000015,FORCE_BUY,,,,480330,2022-07-21 06:50:00
sell,480711,396.92,285.79848992631634,0.0,5m SELL signal,2022-07-25 07:00:00,2.7805728912353516,-0.5,FREE,791.6618170959073,394.15,480329.0,480712,2022-07-25 07:05:00
buy,480932,393.59,288.21651114498206,0.0,ADAPTIVE_FORCE_BUY->first acceptable 5m signal,2022-07-26 09:35:00,1.7687948942184448,1.6850000000000018,FORCE_BUY,,,,480933,2022-07-26 09:40:00
sell,481139,396.14,288.21651114498206,0.0,5m SELL signal,2022-07-27 10:55:00,1.7102117538452148,1.680000000000002,FREE,734.9521034197076,393.59,480932.0,481140,2022-07-27 11:00:00
buy,481324,398.76,286.32282256237636,0.0,5m BUY signal,2022-07-28 10:25:00,1.9128477573394775,1.910000000000002,FREE,,,,481325,2022-07-28 10:30:00
sell,481329,400.97,286.32282256237636,0.0,5m SELL signal,2022-07-28 10:50:00,2.012645959854126,1.7500000000000018,FREE,632.7734378628621,398.76,481324.0,481330,2022-07-28 10:55:00
buy,481504,407.8,281.5273716597255,0.0,ADAPTIVE_FORCE_BUY->first acceptable 5m signal,2022-07-29 09:35:00,1.6530338525772095,1.2150000000000016,FORCE_BUY,,,,481505,2022-07-29 09:40:00
sell,485540,405.515,281.5273716597255,0.0,ADAPTIVE_FORCE_SELL->first acceptable 5m signal,2022-08-29 13:40:00,2.5795211791992188,-0.5,FORCE_SELL,-643.2900442424798,407.8,481504.0,485541,2022-08-29 13:45:00
buy,485623,406.04,281.16336350752033,0.0,ADAPTIVE_FORCE_BUY->first acceptable 5m signal,2022-08-30 04:35:00,2.3328592777252197,2.1650000000000023,FORCE_BUY,,,,485624,2022-08-30 04:40:00
sell,486238,396.6,281.16336350752033,0.0,5m SELL signal,2022-09-02 08:05:00,2.1107070446014404,2.110000000000002,FREE,-2654.1821515109914,406.04,485623.0,486239,2022-09-02 08:10:00
buy,486329,390.3501,285.66507339714417,0.0,5m BUY signal,2022-09-02 15:40:00,2.7150943279266357,2.490000000000003,FREE,,,,486330,2022-09-02 15:45:00
sell,486405,395.09,285.66507339714417,0.0,ADAPTIVE_FORCE_SELL->first acceptable 5m signal,2022-09-06 06:10:00,2.523737668991089,2.1750000000000025,FORCE_SELL,1354.023881395117,390.3501,486329.0,486406,2022-09-06 06:15:00
buy,487193,407.65,276.86351980492503,0.0,5m BUY signal,2022-09-12 08:25:00,0.9590369462966919,0.8950000000000014,FREE,,,,487194,2022-09-12 08:30:00
sell,487201,408.54,276.86351980492503,0.0,5m SELL signal,2022-09-12 09:05:00,2.470632553100586,2.4450000000000025,FREE,246.40853262639524,407.65,487193.0,487202,2022-09-12 09:10:00
buy,487223,410.52,275.5281652077952,0.0,5m BUY signal,2022-09-12 10:55:00,0.9734753966331482,0.8950000000000014,FREE,,,,487224,2022-09-12 11:00:00
sell,487293,411.58,275.5281652077952,0.0,5m SELL signal,2022-09-12 16:45:00,2.4758946895599365,2.4450000000000025,FREE,292.05985512026353,410.52,487223.0,487294,2022-09-12 16:50:00
buy,487314,411.25,275.7492577172629,0.0,5m BUY signal,2022-09-12 18:30:00,0.9271667003631592,0.8950000000000014,FREE,,,,487315,2022-09-12 18:35:00
sell,487525,395.05,275.7492577172629,0.0,ADAPTIVE_FORCE_SELL->first acceptable 5m signal,2022-09-14 04:10:00,2.245051383972168,1.9800000000000022,FORCE_SELL,-4467.137975019656,411.25,487314.0,487526,2022-09-14 04:15:00
buy,487761,393.7,276.69480381306755,0.0,5m BUY signal,2022-09-15 08:00:00,1.9200782775878906,1.8500000000000023,FREE,,,,487762,2022-09-15 08:05:00
sell,487771,394.47,276.69480381306755,0.0,5m SELL signal,2022-09-15 08:50:00,1.52324640750885,-0.5,FREE,213.0549989360727,393.7,487761.0,487772,2022-09-15 08:55:00
buy,487776,393.12,277.6449920129751,0.0,5m BUY signal,2022-09-15 09:15:00,1.8668837547302246,1.8500000000000023,FREE,,,,487777,2022-09-15 09:20:00
sell,487816,391.53,277.6449920129751,0.0,5m SELL signal,2022-09-15 12:35:00,1.3212541341781616,-0.5,FREE,-441.4555373006392,393.12,487776.0,487817,2022-09-15 12:40:00
buy,487833,391.595,277.5989063262813,0.0,5m BUY signal,2022-09-15 14:00:00,1.9630119800567627,1.8500000000000023,FREE,,,,487834,2022-09-15 14:05:00
sell,488047,385.67,277.5989063262813,0.0,ADAPTIVE_FORCE_SELL->first acceptable 5m signal,2022-09-16 15:50:00,1.4874603748321533,1.3800000000000017,FORCE_SELL,-1644.7735199832198,391.595,487833.0,488048,2022-09-16 15:55:00
buy,488291,387.52,276.2736638182724,0.0,5m BUY signal,2022-09-20 04:15:00,2.3559863567352295,2.3500000000000023,FREE,,,,488292,2022-09-20 04:20:00
sell,488672,378.62,276.2736638182724,0.0,ADAPTIVE_FORCE_SELL->first acceptable 5m signal,2022-09-22 04:05:00,1.7541389465332031,-0.5,FORCE_SELL,-2458.835607982618,387.52,488291.0,488673,2022-09-22 04:10:00
buy,496910,394.42,265.2064666976175,0.0,5m BUY signal,2022-11-22 04:00:00,2.4608709812164307,2.3300000000000027,FREE,,,,496911,2022-11-22 04:05:00
sell,496916,395.31,265.2064666976175,0.0,5m SELL signal,2022-11-22 04:30:00,2.2500014305114746,-0.5,FREE,236.03375536087594,394.42,496910.0,496917,2022-11-22 04:35:00
buy,496931,395.14,265.3205657494437,0.0,5m BUY signal,2022-11-22 05:45:00,2.3651483058929443,2.3300000000000027,FREE,,,,496932,2022-11-22 05:50:00
sell,496948,395.5,265.3205657494437,0.0,5m SELL signal,2022-11-22 07:10:00,2.2932958602905273,-0.5,FREE,95.51540366980335,395.14,496931.0,496949,2022-11-22 07:15:00
buy,496978,395.51,265.3138574344643,0.0,5m BUY signal,2022-11-22 09:40:00,2.3637843132019043,2.3300000000000027,FREE,,,,496979,2022-11-22 09:45:00
sell,496983,396.55,265.3138574344643,0.0,5m SELL signal,2022-11-22 10:05:00,2.398724317550659,-0.5,FREE,275.9264117318483,395.51,496978.0,496984,2022-11-22 10:10:00
buy,497353,401.91,261.77554717632506,0.0,5m BUY signal,2022-11-25 09:05:00,2.0059025287628174,1.905000000000002,FREE,,,,497354,2022-11-25 09:10:00
sell,497637,397.75,261.77554717632506,0.0,ADAPTIVE_FORCE_SELL->first acceptable 5m signal,2022-11-29 04:00:00,2.059154510498047,-0.5,FORCE_SELL,-1088.9862762535188,401.91,497353.0,497638,2022-11-29 04:05:00
buy,498404,404.97,257.1084867752754,0.0,ADAPTIVE_FORCE_BUY->first acceptable 5m signal,2022-12-05 04:05:00,1.7444814443588257,-0.5,FORCE_BUY,,,,498405,2022-12-05 04:10:00
sell,498737,393.99,257.1084867752754,0.0,ADAPTIVE_FORCE_SELL->first acceptable 5m signal,2022-12-06 15:50:00,1.7921587228775024,-0.5,FORCE_SELL,-2823.0511847925286,404.97,498404.0,498738,2022-12-06 15:55:00
buy,502100,380.2501,266.3988062188301,0.0,5m BUY signal,2023-01-03 10:15:00,2.371293306350708,2.2700000000000022,FREE,,,,502101,2023-01-03 10:20:00
sell,502160,380.66,266.3988062188301,0.0,5m SELL signal,2023-01-03 15:15:00,2.279505491256714,2.1800000000000024,FREE,109.1968706691118,380.2501,502100.0,502161,2023-01-03 15:20:00
buy,503596,394.18,257.26157992607403,0.0,ADAPTIVE_FORCE_BUY->first acceptable 5m signal,2023-01-13 07:25:00,2.147268295288086,1.530000000000002,FORCE_BUY,,,,503597,2023-01-13 07:30:00
sell,504384,390.09,257.26157992607403,0.0,ADAPTIVE_FORCE_SELL->first acceptable 5m signal,2023-01-20 09:25:00,1.2643587589263916,0.600000000000001,FORCE_SELL,-1052.199861897651,394.18,503596.0,504385,2023-01-20 09:30:00
buy,504906,397.6,252.4023383132852,0.0,ADAPTIVE_FORCE_BUY->first acceptable 5m signal,2023-01-25 04:55:00,2.047934055328369,-0.5,FORCE_BUY,,,,504907,2023-01-25 05:00:00
sell,505639,401.55,252.4023383132852,0.0,5m SELL signal,2023-01-30 18:35:00,2.0257558822631836,1.820000000000002,FREE,996.9892363374737,397.6,504906.0,505640,2023-01-30 18:40:00
buy,505648,401.21,252.61623326861164,0.0,5m BUY signal,2023-01-30 19:20:00,1.0405983924865723,0.9800000000000013,FREE,,,,505649,2023-01-30 19:25:00
sell,505737,402.95,252.61623326861164,0.0,ADAPTIVE_FORCE_SELL->first acceptable 5m signal,2023-01-31 10:45:00,1.7784380912780762,1.2900000000000016,FORCE_SELL,439.55224588738656,401.21,505648.0,505738,2023-01-31 10:50:00
buy,506232,413.05,246.439199117751,0.0,5m BUY signal,2023-02-03 04:00:00,1.1858428716659546,1.0000000000000013,FREE,,,,506233,2023-02-03 04:05:00
sell,506281,414.9,246.439199117751,0.0,5m SELL signal,2023-02-03 08:10:00,1.8181719779968262,1.7950000000000021,FREE,455.91251836783096,413.05,506232.0,506282,2023-02-03 08:15:00
buy,506288,411.32,248.58412844975905,0.0,5m BUY signal,2023-02-03 08:45:00,1.3302905559539795,1.0000000000000013,FREE,,,,506289,2023-02-03 08:50:00
sell,506310,416.36,248.58412844975905,0.0,5m SELL signal,2023-02-03 10:35:00,1.8821046352386475,1.7950000000000021,FREE,1252.8640073867907,411.32,506288.0,506311,2023-02-03 10:40:00
buy,506326,414.77,249.53706324310264,0.0,5m BUY signal,2023-02-03 11:55:00,1.0334521532058716,1.0000000000000013,FREE,,,,506327,2023-02-03 12:00:00
sell,506332,416.175,249.53706324310264,0.0,5m SELL signal,2023-02-03 12:25:00,1.8093290328979492,1.7950000000000021,FREE,350.59957385656656,414.77,506326.0,506333,2023-02-03 12:30:00
buy,506339,413.7,251.02994270050337,0.0,5m BUY signal,2023-02-03 13:00:00,1.028541088104248,1.0000000000000013,FREE,,,,506340,2023-02-03 13:05:00
sell,506997,413.72,251.02994270050337,0.0,5m SELL signal,2023-02-09 04:05:00,1.9201191663742065,1.7050000000000018,FREE,5.020598854019771,413.7,506339.0,506998,2023-02-09 04:10:00
buy,507026,413.89,250.9268353766756,0.0,5m BUY signal,2023-02-09 06:30:00,1.890147089958191,1.885000000000002,FREE,,,,507027,2023-02-09 06:35:00
sell,507298,407.725,250.9268353766756,0.0,ADAPTIVE_FORCE_SELL->first acceptable 5m signal,2023-02-10 13:15:00,1.6991862058639526,-0.5,FORCE_SELL,-1546.963940097196,413.89,507026.0,507299,2023-02-10 13:20:00
buy,508073,411.38,248.69741833330514,0.0,ADAPTIVE_FORCE_BUY->first acceptable 5m signal,2023-02-16 15:05:00,1.3785064220428467,-0.5,FORCE_BUY,,,,508074,2023-02-16 15:10:00
sell,508168,405.7,248.69741833330514,0.0,ADAPTIVE_FORCE_SELL->first acceptable 5m signal,2023-02-17 07:00:00,2.118177890777588,1.570000000000002,FORCE_SELL,-1412.601336133175,411.38,508073.0,508169,2023-02-17 07:05:00
buy,512235,395.965,254.81177027722626,0.0,5m BUY signal,2023-03-21 11:40:00,1.9634262323379517,1.5600000000000018,FREE,,,,512236,2023-03-21 11:45:00
sell,515265,410.675,254.81177027722626,0.0,ADAPTIVE_FORCE_SELL->first acceptable 5m signal,2023-04-13 10:15:00,2.125386953353882,2.0900000000000025,FORCE_SELL,3748.2811407780077,395.965,512235.0,515266,2023-04-13 10:20:00
buy,515385,412.94,253.4141128459338,0.0,5m BUY signal,2023-04-14 04:15:00,1.3427330255508423,1.2250000000000014,FREE,,,,515386,2023-04-14 04:20:00
sell,516902,407.85,253.4141128459338,0.0,ADAPTIVE_FORCE_SELL->first acceptable 5m signal,2023-04-26 05:00:00,1.130160927772522,1.1250000000000013,FORCE_SELL,-1289.8778343857966,412.94,515385.0,516903,2023-04-26 05:05:00
buy,518476,412.53,250.53922363031563,0.0,5m BUY signal,2023-05-08 09:30:00,1.467140793800354,1.4000000000000017,FREE,,,,518477,2023-05-08 09:35:00
sell,528988,454.85,250.53922363031563,0.0,5m SELL signal,2023-07-28 07:25:00,1.8917932510375977,-0.5,FREE,10602.81994403497,412.53,518476.0,528989,2023-07-28 07:30:00
buy,529326,457.16,249.27326508935397,0.0,ADAPTIVE_FORCE_BUY->first acceptable 5m signal,2023-08-01 04:00:00,0.7699828147888184,-0.5,FORCE_BUY,,,,529327,2023-08-01 04:05:00
sell,536323,432.54,249.27326508935397,0.0,5m SELL signal,2023-09-22 05:45:00,1.2671867609024048,-0.5,FREE,-6137.107786499896,457.16,529326.0,536324,2023-09-22 05:50:00
buy,536756,427.48,252.22386563523247,0.0,ADAPTIVE_FORCE_BUY->first acceptable 5m signal,2023-09-26 10:10:00,2.0541775226593018,2.005000000000002,FORCE_BUY,,,,536757,2023-09-26 10:15:00
sell,536977,424.265,252.22386563523247,0.0,5m SELL signal,2023-09-27 12:35:00,1.443467617034912,0.8750000000000013,FREE,-810.8997280172804,427.48,536756.0,536978,2023-09-27 12:40:00
buy,536984,423.78,252.51252620164215,0.0,5m BUY signal,2023-09-27 13:10:00,2.45967698097229,1.990000000000002,FREE,,,,536985,2023-09-27 13:15:00
sell,537531,428.325,252.51252620164215,0.0,5m SELL signal,2023-10-02 11:20:00,1.4895697832107544,1.0100000000000013,FREE,1147.6694315864677,423.78,536984.0,537532,2023-10-02 11:25:00
buy,537691,424.57,254.7458081949228,0.0,ADAPTIVE_FORCE_BUY->first acceptable 5m signal,2023-10-03 08:40:00,1.9392900466918945,1.805000000000002,FORCE_BUY,,,,537692,2023-10-03 08:45:00
sell,537845,421.67,254.7458081949228,0.0,5m SELL signal,2023-10-04 05:35:00,1.7245020866394043,1.1250000000000013,FREE,-738.7628437652703,424.57,537691.0,537846,2023-10-04 05:40:00
buy,539074,435.43,246.6955996177413,0.0,ADAPTIVE_FORCE_BUY->first acceptable 5m signal,2023-10-12 13:00:00,1.4058117866516113,1.3500000000000016,FORCE_BUY,,,,539075,2023-10-12 13:05:00
sell,539348,431.68,246.6955996177413,0.0,5m SELL signal,2023-10-16 04:00:00,1.0956437587738037,0.8400000000000012,FREE,-925.1084985665299,435.43,539074.0,539349,2023-10-16 04:05:00
buy,539817,432.52,246.21649043509333,0.0,ADAPTIVE_FORCE_BUY->first acceptable 5m signal,2023-10-18 11:45:00,1.463782787322998,1.4250000000000016,FORCE_BUY,,,,539818,2023-10-18 11:50:00
sell,540920,414.8,246.21649043509333,0.0,ADAPTIVE_FORCE_SELL->first acceptable 5m signal,2023-10-26 08:00:00,1.376022219657898,-0.5,FORCE_SELL,-4362.956210509847,432.52,539817.0,540921,2023-10-26 08:05:00
buy,542237,435.48,234.52420371194248,0.0,ADAPTIVE_FORCE_BUY->first acceptable 5m signal,2023-11-06 07:10:00,0.7029498815536499,-0.5,FORCE_BUY,,,,542238,2023-11-06 07:15:00
sell,550032,469.08,234.52420371194248,0.0,ADAPTIVE_FORCE_SELL->first acceptable 5m signal,2024-01-08 09:30:00,1.4812355041503906,-0.5,FORCE_SELL,7880.013244721259,435.48,542237.0,550033,2024-01-08 09:35:00
buy,550728,476.3,230.9691653940751,0.0,ADAPTIVE_FORCE_BUY->first acceptable 5m signal,2024-01-12 04:50:00,0.22359244525432587,0.14000000000000057,FORCE_BUY,,,,550729,2024-01-12 04:55:00
sell,553157,484.62,230.9691653940751,0.0,ADAPTIVE_FORCE_SELL->first acceptable 5m signal,2024-02-01 04:00:00,1.3956596851348877,-0.5,FORCE_SELL,1921.6634560787033,476.3,550728.0,553158,2024-02-01 04:05:00
buy,553607,492.31,227.3613717642881,0.0,ADAPTIVE_FORCE_BUY->first acceptable 5m signal,2024-02-05 10:00:00,1.121402621269226,0.9200000000000013,FORCE_BUY,,,,553608,2024-02-05 10:05:00
sell,554850,495.63,227.3613717642881,0.0,ADAPTIVE_FORCE_SELL->first acceptable 5m signal,2024-02-14 04:00:00,2.1905789375305176,-0.5,FORCE_SELL,754.839754257435,492.31,553607.0,554851,2024-02-14 04:05:00
buy,555422,498.19,226.19305222411953,0.0,ADAPTIVE_FORCE_BUY->first acceptable 5m signal,2024-02-20 04:20:00,0.6986594796180725,0.6450000000000009,FORCE_BUY,,,,555423,2024-02-20 04:25:00
sell,561658,519.8,226.19305222411953,0.0,5m SELL signal,2024-04-08 08:50:00,1.6715058088302612,-0.5,FREE,4888.031858563213,498.19,555422.0,561659,2024-04-08 08:55:00
buy,561788,518.48,226.76891788708787,0.0,ADAPTIVE_FORCE_BUY->first acceptable 5m signal,2024-04-09 04:00:00,1.2758479118347168,1.2350000000000017,FORCE_BUY,,,,561789,2024-04-09 04:05:00
sell,562261,515.495,226.76891788708787,0.0,5m SELL signal,2024-04-11 12:20:00,1.2563867568969727,1.2350000000000017,FREE,-676.9052198929604,518.48,561788.0,562262,2024-04-11 12:25:00
buy,562304,518.05,225.6505034768929,0.0,5m BUY signal,2024-04-11 15:55:00,1.378426432609558,1.2600000000000016,FREE,,,,562305,2024-04-11 16:00:00
sell,562555,513.74,225.6505034768929,0.0,ADAPTIVE_FORCE_SELL->first acceptable 5m signal,2024-04-15 05:05:00,2.1020727157592773,1.735000000000002,FORCE_SELL,-972.5536699853961,518.05,562304.0,562556,2024-04-15 05:10:00
buy,563531,497.71,232.91814441385338,0.0,5m BUY signal,2024-04-22 06:45:00,1.8780845403671265,1.660000000000002,FREE,,,,563532,2024-04-22 06:50:00
sell,563541,498.26,232.91814441385338,0.0,5m SELL signal,2024-04-22 07:40:00,1.980765461921692,-0.5,FREE,128.104979427622,497.71,563531.0,563542,2024-04-22 07:45:00
buy,563574,496.435,233.7744007486309,0.0,5m BUY signal,2024-04-22 10:25:00,1.917967438697815,1.660000000000002,FREE,,,,563575,2024-04-22 10:30:00
sell,563588,496.9,233.7744007486309,0.0,5m SELL signal,2024-04-22 11:35:00,1.9929618835449219,-0.5,FREE,108.70509634810753,496.435,563574.0,563589,2024-04-22 11:40:00
buy,563633,500.43,232.12537164437524,0.0,5m BUY signal,2024-04-22 15:20:00,1.9774407148361206,1.660000000000002,FREE,,,,563634,2024-04-22 15:25:00
sell,564936,502.01,232.12537164437524,0.0,ADAPTIVE_FORCE_SELL->first acceptable 5m signal,2024-05-01 14:00:00,0.9153047204017639,-0.5,FORCE_SELL,366.7580871981092,500.43,563633.0,564937,2024-05-01 14:05:00
buy,565612,516.56,225.5870718197166,0.0,ADAPTIVE_FORCE_BUY->first acceptable 5m signal,2024-05-07 07:20:00,0.9923470616340637,-0.5,FORCE_BUY,,,,565613,2024-05-07 07:25:00
sell,568038,530.205,225.5870718197166,0.0,ADAPTIVE_FORCE_SELL->first acceptable 5m signal,2024-05-24 11:10:00,1.0164016485214233,0.705000000000001,FORCE_SELL,3078.1355949800545,516.56,565612.0,568039,2024-05-24 11:15:00
buy,568320,527.17,226.88581181435373,0.0,ADAPTIVE_FORCE_BUY->first acceptable 5m signal,2024-05-29 04:10:00,0.9287233948707581,0.8650000000000011,FORCE_BUY,,,,568321,2024-05-29 04:15:00
sell,568735,521.93,226.88581181435373,0.0,ADAPTIVE_FORCE_SELL->first acceptable 5m signal,2024-05-31 07:15:00,1.1062266826629639,0.600000000000001,FORCE_SELL,-1188.8816539072157,527.17,568320.0,568736,2024-05-31 07:20:00
buy,569631,534.7,221.46719985088015,0.0,5m BUY signal,2024-06-07 04:55:00,0.6217638254165649,0.590000000000001,FREE,,,,569632,2024-06-07 05:00:00
sell,569805,533.24,221.46719985088015,0.0,ADAPTIVE_FORCE_SELL->first acceptable 5m signal,2024-06-10 04:00:00,1.3250246047973633,-0.5,FORCE_SELL,-323.3421117822931,534.7,569631.0,569806,2024-06-10 04:05:00
buy,570004,534.76,220.83770223742115,0.0,5m BUY signal,2024-06-11 05:00:00,0.9546434879302979,0.9500000000000013,FREE,,,,570005,2024-06-11 05:05:00
sell,570234,542.66,220.83770223742115,0.0,ADAPTIVE_FORCE_SELL->first acceptable 5m signal,2024-06-12 09:40:00,1.0027104616165161,0.9600000000000013,FORCE_SELL,1744.6178476756222,534.76,570004.0,570235,2024-06-12 09:45:00
buy,570557,541.43,221.33939289688226,0.0,ADAPTIVE_FORCE_BUY->first acceptable 5m signal,2024-06-14 05:15:00,0.7834646701812744,0.7700000000000011,FORCE_BUY,,,,570558,2024-06-14 05:20:00
sell,570926,547.32,221.33939289688226,0.0,5m SELL signal,2024-06-18 04:55:00,0.9460105895996094,0.6450000000000009,FREE,1303.6890241626586,541.43,570557.0,570927,2024-06-18 05:10:00
buy,571140,549.96,220.27688653778748,0.0,ADAPTIVE_FORCE_BUY->first acceptable 5m signal,2024-06-20 08:10:00,0.8960456848144531,0.8100000000000012,FORCE_BUY,,,,571141,2024-06-20 08:15:00
sell,571352,544.555,220.27688653778748,0.0,ADAPTIVE_FORCE_SELL->first acceptable 5m signal,2024-06-21 10:15:00,1.0387256145477295,-0.5,FORCE_SELL,-1190.5965717367603,549.96,571140.0,571353,2024-06-21 10:20:00
buy,571577,543.7238,220.6136276333404,0.0,ADAPTIVE_FORCE_BUY->first acceptable 5m signal,2024-06-24 13:30:00,1.3488092422485352,1.3250000000000015,FORCE_BUY,,,,571578,2024-06-24 13:35:00
sell,571659,543.5,220.6136276333404,0.0,ADAPTIVE_FORCE_SELL->first acceptable 5m signal,2024-06-25 04:30:00,0.6344083547592163,-0.5,FORCE_SELL,-49.37332986433781,543.7238,571577.0,571660,2024-06-25 04:35:00
buy,572113,544.87,220.0589252825821,0.0,ADAPTIVE_FORCE_BUY->first acceptable 5m signal,2024-06-27 11:30:00,1.3155324459075928,1.3000000000000016,FORCE_BUY,,,,572114,2024-06-27 11:35:00
sell,572437,545.15,220.0589252825821,0.0,ADAPTIVE_FORCE_SELL->first acceptable 5m signal,2024-07-01 07:05:00,1.463374137878418,0.9750000000000014,FORCE_SELL,61.616499079116984,544.87,572113.0,572438,2024-07-01 07:10:00
buy,572587,543.39,220.77167985756017,0.0,ADAPTIVE_FORCE_BUY->first acceptable 5m signal,2024-07-02 04:00:00,0.7837740182876587,0.5750000000000011,FORCE_BUY,,,,572588,2024-07-02 04:05:00
sell,573463,556.32,220.77167985756017,0.0,5m SELL signal,2024-07-10 04:00:00,1.2352211475372314,0.9450000000000012,FREE,2854.577820558267,543.39,572587.0,573464,2024-07-10 04:05:00
buy,573516,557.11,220.4586184745524,0.0,5m BUY signal,2024-07-10 08:55:00,0.7700520753860474,0.660000000000001,FREE,,,,573517,2024-07-10 09:00:00
sell,573530,557.66,220.4586184745524,0.0,5m SELL signal,2024-07-10 10:05:00,1.308762788772583,0.9450000000000012,FREE,121.2522401609938,557.11,573516.0,573531,2024-07-10 10:10:00
buy,573536,557.25,220.62082221358258,0.0,5m BUY signal,2024-07-10 10:35:00,0.905301570892334,0.660000000000001,FREE,,,,573537,2024-07-10 10:40:00
sell,573546,557.68,220.62082221358258,0.0,5m SELL signal,2024-07-10 11:25:00,1.1473557949066162,0.9450000000000012,FREE,94.86695355182948,557.25,573536.0,573547,2024-07-10 11:30:00
buy,573570,559.35,219.96213485665635,0.0,5m BUY signal,2024-07-10 13:25:00,0.6778331398963928,0.660000000000001,FREE,,,,573571,2024-07-10 13:30:00
sell,573575,559.7201,219.96213485665635,0.0,5m SELL signal,2024-07-10 13:50:00,1.2912920713424683,0.9450000000000012,FREE,81.407986110444,559.35,573570.0,573576,2024-07-10 13:55:00
buy,573751,556.06,221.40997035963957,0.0,5m BUY signal,2024-07-11 13:00:00,1.42397940158844,0.725000000000001,FREE,,,,573752,2024-07-11 13:05:00
sell,574099,564.11,221.40997035963957,0.0,ADAPTIVE_FORCE_SELL->first acceptable 5m signal,2024-07-15 11:00:00,0.9105993509292603,0.8900000000000012,FORCE_SELL,1782.3502613951136,556.06,573751.0,574100,2024-07-15 11:05:00
buy,574393,560.25,222.9354366435989,0.0,ADAPTIVE_FORCE_BUY->first acceptable 5m signal,2024-07-17 04:15:00,1.0512490272521973,1.0500000000000014,FORCE_BUY,,,,574394,2024-07-17 04:20:00
sell,574795,553.08,222.9354366435989,0.0,ADAPTIVE_FORCE_SELL->first acceptable 5m signal,2024-07-19 06:00:00,1.520053505897522,1.0000000000000013,FORCE_SELL,-1598.447080734595,560.25,574393.0,574796,2024-07-19 06:05:00
buy,575150,552.7,223.0887123192359,0.0,ADAPTIVE_FORCE_BUY->first acceptable 5m signal,2024-07-23 04:00:00,1.4964017868041992,1.2700000000000016,FORCE_BUY,,,,575151,2024-07-23 04:05:00
sell,575540,541.4,223.0887123192359,0.0,ADAPTIVE_FORCE_SELL->first acceptable 5m signal,2024-07-25 04:40:00,2.4974822998046875,-0.5,FORCE_SELL,-2520.902449207381,552.7,575150.0,575541,2024-07-25 04:45:00
buy,577332,528.2,228.66381834463138,0.0,5m BUY signal,2024-08-07 11:40:00,2.5010719299316406,2.4450000000000025,FREE,,,,577333,2024-08-07 11:45:00
sell,577469,518.96,228.66381834463138,0.0,ADAPTIVE_FORCE_SELL->first acceptable 5m signal,2024-08-08 07:10:00,3.4391705989837646,-0.5,FORCE_SELL,-2112.853681504396,528.2,577332.0,577470,2024-08-08 07:15:00
buy,577643,532.59,222.81187248752303,0.0,ADAPTIVE_FORCE_BUY->first acceptable 5m signal,2024-08-09 05:40:00,2.197646379470825,-0.5,FORCE_BUY,,,,577644,2024-08-09 05:45:00
sell,579487,558.2,222.81187248752303,0.0,ADAPTIVE_FORCE_SELL->first acceptable 5m signal,2024-08-23 04:05:00,3.6105151176452637,-0.5,FORCE_SELL,5706.212054405468,532.59,577643.0,579488,2024-08-23 04:10:00
buy,579842,559.51,222.29019538977923,0.0,ADAPTIVE_FORCE_BUY->first acceptable 5m signal,2024-08-26 18:30:00,1.0058141946792603,0.8400000000000012,FORCE_BUY,,,,579843,2024-08-26 18:35:00
sell,580426,560.86,222.29019538977923,0.0,ADAPTIVE_FORCE_SELL->first acceptable 5m signal,2024-08-30 04:00:00,1.3008300065994263,-0.5,FORCE_SELL,300.091763776207,559.51,579842.0,580427,2024-08-30 04:05:00
buy,580679,557.41,223.6660249839644,0.0,ADAPTIVE_FORCE_BUY->first acceptable 5m signal,2024-09-03 10:00:00,0.9973975419998169,0.8350000000000013,FORCE_BUY,,,,580680,2024-09-03 10:05:00
sell,581366,543.65,223.6660249839644,0.0,ADAPTIVE_FORCE_SELL->first acceptable 5m signal,2024-09-09 04:00:00,3.199080467224121,-0.5,FORCE_SELL,-3077.6445037793483,557.41,580679.0,581367,2024-09-09 04:05:00
buy,581743,547.55,222.07293303357181,0.0,ADAPTIVE_FORCE_BUY->first acceptable 5m signal,2024-09-11 04:00:00,1.2553479671478271,1.0600000000000014,FORCE_BUY,,,,581744,2024-09-11 04:05:00
sell,581946,556.22,222.07293303357181,0.0,ADAPTIVE_FORCE_SELL->first acceptable 5m signal,2024-09-12 05:10:00,4.070032119750977,-0.5,FORCE_SELL,1925.3723294010838,547.55,581743.0,581947,2024-09-12 05:15:00
buy,582163,559.82,220.64486229847685,0.0,ADAPTIVE_FORCE_BUY->first acceptable 5m signal,2024-09-13 07:35:00,0.8151203989982605,0.7550000000000012,FORCE_BUY,,,,582164,2024-09-13 07:40:00
sell,582945,571.33,220.64486229847685,0.0,5m SELL signal,2024-09-19 10:25:00,2.411238670349121,-0.5,FREE,2539.6223650554666,559.82,582163.0,582946,2024-09-19 10:30:00
buy,582951,569.92,221.1907446255418,0.0,5m BUY signal,2024-09-19 10:55:00,1.2781263589859009,0.8750000000000013,FREE,,,,582952,2024-09-19 11:00:00
sell,582957,570.9,221.1907446255418,0.0,5m SELL signal,2024-09-19 11:25:00,2.484018325805664,-0.5,FREE,216.766929733035,569.92,582951.0,582958,2024-09-19 11:30:00
buy,582962,570.46,221.36135067615925,0.0,5m BUY signal,2024-09-19 11:50:00,1.174644947052002,0.8750000000000013,FREE,,,,582963,2024-09-19 11:55:00
sell,582964,571.23,221.36135067615925,0.0,5m SELL signal,2024-09-19 12:00:00,2.477161169052124,-0.5,FREE,170.4482400206386,570.46,582962.0,582965,2024-09-19 12:05:00
buy,582991,571.382,221.30246375759555,0.0,5m BUY signal,2024-09-19 14:15:00,1.290940284729004,0.8750000000000013,FREE,,,,582992,2024-09-19 14:20:00
sell,582996,572.09,221.30246375759555,0.0,5m SELL signal,2024-09-19 14:40:00,2.5625011920928955,-0.5,FREE,156.68214434039618,571.382,582991.0,582997,2024-09-19 14:45:00
buy,583004,571.61,221.4882988245182,0.0,5m BUY signal,2024-09-19 15:20:00,1.2119697332382202,0.8750000000000013,FREE,,,,583005,2024-09-19 15:25:00
sell,594889,589.6,221.4882988245182,0.0,ADAPTIVE_FORCE_SELL->first acceptable 5m signal,2024-12-19 07:05:00,3.126084089279175,-0.5,FORCE_SELL,3984.5744958530845,571.61,583004.0,594890,2024-12-19 07:10:00
buy,595044,580.5,224.96038068378286,0.0,ADAPTIVE_FORCE_BUY->first acceptable 5m signal,2024-12-20 04:00:00,2.590076208114624,1.9750000000000023,FORCE_BUY,,,,595045,2024-12-20 04:05:00
sell,602684,603.46,224.96038068378286,0.0,ADAPTIVE_FORCE_SELL->first acceptable 5m signal,2025-02-24 04:00:00,1.5160348415374756,-0.5,FORCE_SELL,5165.0903404996625,580.5,595044.0,602685,2025-02-24 04:05:00
buy,602875,596.5,227.58523273669002,0.0,ADAPTIVE_FORCE_BUY->first acceptable 5m signal,2025-02-25 04:00:00,1.6468098163604736,1.530000000000002,FORCE_BUY,,,,602876,2025-02-25 04:05:00
sell,603447,586.6,227.58523273669002,0.0,ADAPTIVE_FORCE_SELL->first acceptable 5m signal,2025-02-28 04:00:00,2.3313255310058594,0.7000000000000011,FORCE_SELL,-2253.093804093226,596.5,602875.0,603448,2025-02-28 04:05:00
buy,603746,589.96,226.2890662474445,0.0,5m BUY signal,2025-03-03 13:05:00,2.408783197402954,2.000000000000002,FREE,,,,603747,2025-03-03 13:10:00
sell,603757,589.69,226.2890662474445,0.0,5m SELL signal,2025-03-03 14:00:00,0.8961842060089111,-0.5,FREE,-61.0980478868059,589.96,603746.0,603758,2025-03-03 14:05:00
buy,603769,584.35,228.35697694096956,0.0,5m BUY signal,2025-03-03 15:00:00,2.4870445728302,2.000000000000002,FREE,,,,603770,2025-03-03 15:05:00
sell,604406,575.15,228.35697694096956,0.0,ADAPTIVE_FORCE_SELL->first acceptable 5m signal,2025-03-07 04:05:00,2.003566265106201,-0.5,FORCE_SELL,-2100.88418785693,584.35,603769.0,604407,2025-03-07 04:10:00
buy,611094,548.86,239.29511221003284,0.0,5m BUY signal,2025-04-28 04:00:00,1.493545413017273,-0.5,FREE,,,,611095,2025-04-28 04:05:00
sell,611102,549.45,239.29511221003284,0.0,5m SELL signal,2025-04-28 04:40:00,4.403628826141357,-0.5,FREE,141.184116203927,548.86,611094.0,611103,2025-04-28 04:45:00
buy,611204,545.42,241.06321624400013,0.0,5m BUY signal,2025-04-28 13:10:00,1.7254654169082642,-0.5,FREE,,,,611205,2025-04-28 13:15:00
sell,611212,547.14,241.06321624400013,0.0,5m SELL signal,2025-04-28 13:50:00,4.440726280212402,-0.5,FREE,414.6287319396868,545.42,611204.0,611213,2025-04-28 13:55:00
buy,611315,550.84,239.44399124199808,0.0,5m BUY signal,2025-04-29 06:30:00,1.5439485311508179,-0.5,FREE,,,,611316,2025-04-29 06:35:00
sell,611358,552.18,239.44399124199808,0.0,5m SELL signal,2025-04-29 10:05:00,3.8440282344818115,-0.5,FREE,320.8549482642578,550.84,611315.0,611359,2025-04-29 10:10:00
buy,611373,551.4599,239.75665879605478,0.0,5m BUY signal,2025-04-29 11:20:00,1.5380226373672485,-0.5,FREE,,,,611374,2025-04-29 11:25:00
sell,611381,552.71,239.75665879605478,0.0,5m SELL signal,2025-04-29 12:00:00,3.9826717376708984,-0.5,FREE,299.71979916096933,551.4599,611373.0,611382,2025-04-29 12:05:00
buy,611390,551.34,240.35241934771182,0.0,5m BUY signal,2025-04-29 12:45:00,1.4840399026870728,-0.5,FREE,,,,611391,2025-04-29 12:50:00
sell,611400,553.35,240.35241934771182,0.0,5m SELL signal,2025-04-29 13:35:00,3.7698585987091064,-0.5,FREE,483.10836288889857,551.34,611390.0,611401,2025-04-29 13:40:00
buy,611415,554.62,239.8020468898639,0.0,5m BUY signal,2025-04-29 14:50:00,1.4267514944076538,-0.5,FREE,,,,611416,2025-04-29 14:55:00
sell,611668,559.81,239.8020468898639,0.0,5m SELL signal,2025-05-01 04:00:00,3.1688179969787598,2.4950000000000028,FREE,1244.5726233583796,554.62,611415.0,611669,2025-05-01 04:05:00
buy,611707,560.49,239.5111132569978,0.0,5m BUY signal,2025-05-01 07:20:00,2.060725450515747,1.8700000000000019,FREE,,,,611708,2025-05-01 07:25:00
sell,611712,561.31,239.5111132569978,0.0,5m SELL signal,2025-05-01 07:45:00,3.3145484924316406,2.4950000000000028,FREE,196.39911287072294,560.49,611707.0,611713,2025-05-01 07:50:00
buy,611810,558.43,240.7463477647788,0.0,5m BUY signal,2025-05-01 15:55:00,2.073103904724121,1.8700000000000019,FREE,,,,611811,2025-05-01 16:00:00
sell,611851,557.71,240.7463477647788,0.0,5m SELL signal,2025-05-01 19:20:00,2.7256786823272705,2.4950000000000028,FREE,-173.33737039061992,558.43,611810.0,611852,2025-05-01 19:25:00
buy,613581,584.53,229.70017896753765,0.0,5m BUY signal,2025-05-15 04:00:00,0.7439743280410767,0.045000000000000484,FREE,,,,613582,2025-05-15 04:05:00
sell,613599,584.03,229.70017896753765,0.0,5m SELL signal,2025-05-15 05:30:00,1.7599340677261353,-0.5,FREE,-114.85008948376883,584.53,613581.0,613600,2025-05-15 05:35:00
buy,613634,584.6,229.47621539926615,0.0,5m BUY signal,2025-05-15 08:25:00,0.6239153146743774,0.045000000000000484,FREE,,,,613635,2025-05-15 08:30:00
sell,613653,586.81,229.47621539926615,0.0,5m SELL signal,2025-05-15 10:00:00,2.0530405044555664,-0.5,FREE,507.1424360323605,584.6,613634.0,613654,2025-05-15 10:05:00
buy,613659,585.59,229.95429901201072,0.0,5m BUY signal,2025-05-15 10:30:00,0.47719961404800415,0.045000000000000484,FREE,,,,613660,2025-05-15 10:35:00
sell,613665,587.24,229.95429901201072,0.0,5m SELL signal,2025-05-15 11:00:00,1.941292643547058,-0.5,FREE,379.42459336981244,585.59,613659.0,613666,2025-05-15 11:05:00
buy,613700,589.895,228.9193204753612,0.0,5m BUY signal,2025-05-15 13:55:00,0.6533654928207397,0.045000000000000484,FREE,,,,613701,2025-05-15 14:00:00
sell,613723,589.37,228.9193204753612,0.0,5m SELL signal,2025-05-15 15:50:00,1.8217198848724365,-0.5,FREE,-120.18264324955942,589.895,613700.0,613724,2025-05-15 15:55:00
buy,614175,592.92,227.54870793456726,0.0,5m BUY signal,2025-05-20 05:25:00,1.146506667137146,0.6450000000000009,FREE,,,,614176,2025-05-20 05:30:00
sell,614577,584.54,227.54870793456726,0.0,ADAPTIVE_FORCE_SELL->first acceptable 5m signal,2025-05-22 07:05:00,1.5207260847091675,0.9700000000000013,FORCE_SELL,-1906.8581724916726,592.92,614175.0,614578,2025-05-22 07:10:00
buy,615877,589.76,225.53466110972587,0.0,5m BUY signal,2025-06-03 04:05:00,1.2210015058517456,1.1700000000000015,FREE,,,,615878,2025-06-03 04:10:00
sell,615957,593.93,225.53466110972587,0.0,5m SELL signal,2025-06-03 10:45:00,1.7923717498779297,1.740000000000002,FREE,940.4795368275477,589.76,615877.0,615958,2025-06-03 10:50:00
buy,616394,591.821,226.33837135366852,0.0,5m BUY signal,2025-06-05 15:15:00,1.3791046142578125,1.2650000000000015,FREE,,,,616395,2025-06-05 15:20:00
sell,616450,595.58,226.33837135366852,0.0,ADAPTIVE_FORCE_SELL->first acceptable 5m signal,2025-06-06 04:00:00,1.5609322786331177,1.4300000000000017,FORCE_SELL,850.8059379184433,591.821,616394.0,616451,2025-06-06 04:05:00
buy,616706,598.66,225.17390039557995,0.0,5m BUY signal,2025-06-09 09:30:00,1.0085285902023315,0.7700000000000011,FREE,,,,616707,2025-06-09 09:35:00
sell,617029,602.68,225.17390039557995,0.0,5m SELL signal,2025-06-11 04:35:00,1.438342571258545,1.2550000000000017,FREE,905.1990795902273,598.66,616706.0,617030,2025-06-11 04:40:00
buy,617142,601.06,225.78079774133715,0.0,5m BUY signal,2025-06-11 14:00:00,0.7806707620620728,0.7550000000000012,FREE,,,,617143,2025-06-11 14:05:00
sell,617210,600.83,225.78079774133715,0.0,ADAPTIVE_FORCE_SELL->first acceptable 5m signal,2025-06-11 19:40:00,1.4313362836837769,1.1450000000000014,FORCE_SELL,-51.92958348048598,601.06,617142.0,617211,2025-06-11 19:45:00
buy,617406,597.08,227.19882881176324,0.0,5m BUY signal,2025-06-13 04:00:00,0.8088124990463257,0.6050000000000009,FREE,,,,617407,2025-06-13 04:05:00
sell,617488,598.92,227.19882881176324,0.0,5m SELL signal,2025-06-13 10:50:00,1.927712321281433,-0.5,FREE,418.04584501362575,597.08,617406.0,617489,2025-06-13 10:55:00
buy,617522,599.44,227.0017392098312,0.0,5m BUY signal,2025-06-13 13:40:00,0.6161152124404907,0.6050000000000009,FREE,,,,617523,2025-06-13 13:45:00
sell,617539,597.47,227.0017392098312,0.0,5m SELL signal,2025-06-13 15:05:00,1.8015037775039673,-0.5,FREE,-447.1934262433736,599.44,617522.0,617540,2025-06-13 15:10:00
buy,617547,596.33,227.43569688879953,0.0,5m BUY signal,2025-06-13 15:45:00,0.9344692230224609,0.6050000000000009,FREE,,,,617548,2025-06-13 15:50:00
sell,617552,597.69,227.43569688879953,0.0,5m SELL signal,2025-06-13 16:10:00,1.966072916984558,-0.5,FREE,309.31254776877046,596.33,617547.0,617553,2025-06-13 16:15:00
buy,617561,596.76,227.7901361912102,0.0,5m BUY signal,2025-06-13 16:55:00,0.7633530497550964,0.6050000000000009,FREE,,,,617562,2025-06-13 17:00:00
sell,617569,597.19,227.7901361912102,0.0,5m SELL signal,2025-06-13 17:35:00,1.8442960977554321,-0.5,FREE,97.94975856223489,596.76,617561.0,617570,2025-06-13 17:40:00
buy,619434,616.125,220.78959859124174,0.0,5m BUY signal,2025-06-30 13:30:00,0.4288071095943451,-0.5,FREE,,,,619435,2025-06-30 13:35:00
sell,619452,617.21,220.78959859124174,0.0,5m SELL signal,2025-06-30 15:00:00,2.1363563537597656,2.030000000000002,FREE,239.55671447150533,616.125,619434.0,619453,2025-06-30 15:05:00
buy,619499,617.14,220.81464197183834,0.0,5m BUY signal,2025-06-30 18:55:00,0.4941362738609314,-0.5,FREE,,,,619500,2025-06-30 19:00:00
sell,619783,618.86,220.81464197183834,0.0,5m SELL signal,2025-07-02 10:35:00,1.5291154384613037,1.4650000000000016,FREE,379.801184191568,617.14,619499.0,619784,2025-07-02 10:40:00
buy,620503,623.38,219.21356047786566,0.0,5m BUY signal,2025-07-09 10:25:00,0.6233709454536438,-0.5,FREE,,,,620504,2025-07-09 10:30:00
sell,620820,622.77,219.21356047786566,0.0,5m SELL signal,2025-07-11 04:50:00,1.5087810754776,1.3300000000000016,FREE,-133.72027189150103,623.38,620503.0,620821,2025-07-11 04:55:00
buy,620832,622.15,219.43201648927175,0.0,5m BUY signal,2025-07-11 05:50:00,0.7358127236366272,0.630000000000001,FREE,,,,620833,2025-07-11 05:55:00
sell,620848,622.25,219.43201648927175,0.0,5m SELL signal,2025-07-11 07:10:00,1.6591992378234863,1.3300000000000016,FREE,21.943201648932163,622.15,620832.0,620849,2025-07-11 07:15:00
buy,620879,622.61,219.30513846621375,0.0,5m BUY signal,2025-07-11 09:45:00,0.8755846619606018,0.630000000000001,FREE,,,,620880,2025-07-11 09:50:00
sell,620885,623.73,219.30513846621375,0.0,5m SELL signal,2025-07-11 10:15:00,1.6890602111816406,1.3300000000000016,FREE,245.6217550821604,622.61,620879.0,620886,2025-07-11 10:20:00
buy,620896,622.83,219.6220381412769,0.0,5m BUY signal,2025-07-11 11:10:00,0.7392492890357971,0.630000000000001,FREE,,,,620897,2025-07-11 11:15:00
sell,620901,624.08,219.6220381412769,0.0,5m SELL signal,2025-07-11 11:35:00,1.6980822086334229,1.3300000000000016,FREE,274.5275476765961,622.83,620896.0,620902,2025-07-11 11:40:00
buy,620907,623.37,219.87218114957102,0.0,5m BUY signal,2025-07-11 12:05:00,0.8010307550430298,0.630000000000001,FREE,,,,620908,2025-07-11 12:10:00
sell,620916,624.18,219.87218114957102,0.0,5m SELL signal,2025-07-11 12:50:00,1.4984525442123413,1.3300000000000016,FREE,178.09646673114054,623.37,620907.0,620917,2025-07-11 12:55:00
buy,620943,624.08,219.90741255918988,0.0,5m BUY signal,2025-07-11 15:05:00,0.8193084001541138,0.630000000000001,FREE,,,,620944,2025-07-11 15:10:00
sell,620947,624.45,219.90741255918988,0.0,5m SELL signal,2025-07-11 15:25:00,1.4949297904968262,1.3300000000000016,FREE,81.36574264690125,624.08,620943.0,620948,2025-07-11 15:30:00
buy,620951,624.44,219.91093423321075,0.0,5m BUY signal,2025-07-11 15:45:00,0.6967572569847107,0.630000000000001,FREE,,,,620952,2025-07-11 15:50:00
sell,620979,623.3,219.91093423321075,0.0,5m SELL signal,2025-07-11 18:15:00,1.489072561264038,1.3300000000000016,FREE,-250.69846502588226,624.44,620951.0,620980,2025-07-11 18:20:00
buy,620991,623.16,219.9603397322682,0.0,5m BUY signal,2025-07-11 19:25:00,0.7864466905593872,0.630000000000001,FREE,,,,620992,2025-07-11 19:30:00
sell,621042,622.22,219.9603397322682,0.0,5m SELL signal,2025-07-14 07:40:00,1.7031201124191284,1.6900000000000022,FREE,-206.7627193483191,623.16,620991.0,621043,2025-07-14 07:45:00
buy,621296,623.22,219.60739801067348,0.0,5m BUY signal,2025-07-15 12:55:00,0.9904472827911377,-0.5,FREE,,,,621297,2025-07-15 13:00:00
sell,621304,624.29,219.60739801067348,0.0,5m SELL signal,2025-07-15 13:35:00,2.040039300918579,1.1600000000000015,FREE,234.97991587140663,623.22,621296.0,621305,2025-07-15 13:40:00
buy,621316,624.56,219.51246077892174,0.0,5m BUY signal,2025-07-15 14:35:00,0.8334319591522217,-0.5,FREE,,,,621317,2025-07-15 14:40:00
sell,621357,621.49,219.51246077892174,0.0,5m SELL signal,2025-07-15 18:00:00,1.721219778060913,1.1600000000000015,FREE,-673.9032545912758,624.56,621316.0,621358,2025-07-15 18:05:00
buy,621359,621.04,219.67151753428453,0.0,5m BUY signal,2025-07-15 18:10:00,0.9535471796989441,-0.5,FREE,,,,621360,2025-07-15 18:15:00
sell,621378,621.15,219.67151753428453,0.0,5m SELL signal,2025-07-15 19:45:00,1.7304389476776123,1.1600000000000015,FREE,24.163866928774297,621.04,621359.0,621379,2025-07-15 19:50:00
buy,622978,636.715,214.3014741547173,0.0,5m BUY signal,2025-07-28 11:15:00,0.9763433337211609,0.7550000000000012,FREE,,,,622979,2025-07-28 11:20:00
sell,623347,636.56,214.3014741547173,0.0,ADAPTIVE_FORCE_SELL->first acceptable 5m signal,2025-07-30 10:20:00,1.4276556968688965,0.9450000000000012,FORCE_SELL,-33.216728493999696,636.715,622978.0,623348,2025-07-30 10:25:00
buy,624111,630.7,216.29260565709026,0.0,5m BUY signal,2025-08-05 10:00:00,1.4861023426055908,1.4800000000000018,FREE,,,,624112,2025-08-05 10:05:00
sell,624136,628.4,216.29260565709026,0.0,5m SELL signal,2025-08-05 12:05:00,2.279266357421875,-0.5,FREE,-497.4729930113224,630.7,624111.0,624137,2025-08-05 12:10:00
buy,624165,628.665,216.20143223324905,0.0,5m BUY signal,2025-08-05 14:30:00,1.5500038862228394,1.4800000000000018,FREE,,,,624166,2025-08-05 14:35:00
sell,624232,631.12,216.20143223324905,0.0,ADAPTIVE_FORCE_SELL->first acceptable 5m signal,2025-08-06 04:05:00,1.1811532974243164,-0.5,FORCE_SELL,530.7745161326353,628.665,624165.0,624233,2025-08-06 04:10:00
buy,624886,636.78,214.2797322639658,0.0,ADAPTIVE_FORCE_BUY->first acceptable 5m signal,2025-08-11 10:45:00,1.2323226928710938,1.2250000000000014,FORCE_BUY,,,,624887,2025-08-11 10:50:00
sell,624997,636.67,214.2797322639658,0.0,5m SELL signal,2025-08-12 04:00:00,1.1990982294082642,-0.5,FREE,-23.57077054903916,636.78,624886.0,624998,2025-08-12 04:05:00
buy,625033,635.719,214.60028273576705,0.0,5m BUY signal,2025-08-12 07:00:00,1.2854632139205933,1.2800000000000016,FREE,,,,625034,2025-08-12 07:05:00
sell,625045,635.92,214.60028273576705,0.0,5m SELL signal,2025-08-12 08:00:00,1.137290120124817,-0.5,FREE,43.13465682986946,635.719,625033.0,625046,2025-08-12 08:05:00
buy,625295,643.08,212.21094078081882,0.0,5m BUY signal,2025-08-13 12:50:00,1.1958136558532715,1.1700000000000015,FREE,,,,625296,2025-08-13 12:55:00
sell,625833,643.84,212.21094078081882,0.0,5m SELL signal,2025-08-18 10:20:00,0.8581148982048035,0.5100000000000009,FREE,161.28031499342038,643.08,625295.0,625834,2025-08-18 10:25:00
buy,625946,642.67,212.59727715985247,0.0,ADAPTIVE_FORCE_BUY->first acceptable 5m signal,2025-08-19 04:00:00,0.695870578289032,-0.5,FORCE_BUY,,,,625947,2025-08-19 04:05:00
sell,626163,639.32,212.59727715985247,0.0,5m SELL signal,2025-08-20 06:15:00,1.2775195837020874,0.785000000000001,FREE,-712.2008784854864,642.67,625946.0,626164,2025-08-20 06:20:00
buy,626205,635.51,213.87183716044893,0.0,5m BUY signal,2025-08-20 09:50:00,1.1892147064208984,0.7700000000000011,FREE,,,,626206,2025-08-20 09:55:00
sell,626222,635.51,213.87183716044893,0.0,5m SELL signal,2025-08-20 11:15:00,1.1029033660888672,0.785000000000001,FREE,0.0,635.51,626205.0,626223,2025-08-20 11:20:00
buy,626230,635.14,213.9964279274442,0.0,5m BUY signal,2025-08-20 11:55:00,1.052132248878479,0.7700000000000011,FREE,,,,626231,2025-08-20 12:00:00
sell,626235,637.0,213.9964279274442,0.0,5m SELL signal,2025-08-20 12:20:00,1.3452695608139038,0.785000000000001,FREE,398.0333559450491,635.14,626230.0,626236,2025-08-20 12:25:00
buy,626241,636.58,214.13761756539938,0.0,5m BUY signal,2025-08-20 12:50:00,1.017822265625,0.7700000000000011,FREE,,,,626242,2025-08-20 12:55:00
sell,626247,636.52,214.13761756539938,0.0,5m SELL signal,2025-08-20 13:20:00,1.36696195602417,0.785000000000001,FREE,-12.848257053936623,636.58,626241.0,626248,2025-08-20 13:25:00
buy,626258,635.56,214.4610679286425,0.0,5m BUY signal,2025-08-20 14:15:00,1.0767698287963867,0.7700000000000011,FREE,,,,626259,2025-08-20 14:20:00
sell,626263,636.74,214.4610679286425,0.0,5m SELL signal,2025-08-20 14:40:00,1.260433554649353,0.785000000000001,FREE,253.0640601558118,635.56,626258.0,626264,2025-08-20 14:45:00
buy,643215,690.02,197.90142371653553,0.0,ADAPTIVE_FORCE_BUY->first acceptable 5m signal,2025-12-26 19:55:00,1.039259672164917,0.8550000000000013,FORCE_BUY,,,,643216,2025-12-29 04:00:00
sell,643983,685.1,197.90142371653553,0.0,ADAPTIVE_FORCE_SELL->first acceptable 5m signal,2026-01-05 04:00:00,1.3903846740722656,1.1850000000000014,FORCE_SELL,-973.6750046853467,690.02,643215.0,643984,2026-01-05 04:05:00
buy,644367,691.2,196.15489784172235,0.0,ADAPTIVE_FORCE_BUY->first acceptable 5m signal,2026-01-07 04:00:00,0.5087040662765503,-0.5,FORCE_BUY,,,,644368,2026-01-07 04:05:00
sell,644579,688.42,196.15489784172235,0.0,ADAPTIVE_FORCE_SELL->first acceptable 5m signal,2026-01-08 05:40:00,1.2485228776931763,1.1500000000000015,FORCE_SELL,-545.3106160000051,691.2,644367.0,644580,2026-01-08 05:45:00
buy,645205,694.41,194.46286022983324,0.0,5m BUY signal,2026-01-13 09:50:00,0.5645105838775635,0.4050000000000008,FREE,,,,645206,2026-01-13 09:55:00
sell,645218,693.76,194.46286022983324,0.0,5m SELL signal,2026-01-13 10:55:00,1.553086280822754,1.5000000000000018,FREE,-126.40085914938719,694.41,645205.0,645219,2026-01-13 11:00:00
buy,645242,692.92,194.69860000151405,0.0,5m BUY signal,2026-01-13 12:55:00,0.7276537418365479,0.4050000000000008,FREE,,,,645243,2026-01-13 13:00:00
sell,645250,693.57,194.69860000151405,0.0,5m SELL signal,2026-01-13 13:35:00,1.6313483715057373,1.5000000000000018,FREE,126.55409000100184,692.92,645242.0,645251,2026-01-13 13:40:00
buy,645255,692.47,195.0078819343078,0.0,5m BUY signal,2026-01-13 14:00:00,0.7055112719535828,0.4050000000000008,FREE,,,,645256,2026-01-13 14:05:00
sell,645261,692.87,195.0078819343078,0.0,5m SELL signal,2026-01-13 14:30:00,1.5960735082626343,1.5000000000000018,FREE,78.00315277371868,692.47,645255.0,645262,2026-01-13 14:35:00
buy,645272,692.0,195.25305080321363,0.0,5m BUY signal,2026-01-13 15:25:00,0.7310982346534729,0.4050000000000008,FREE,,,,645273,2026-01-13 15:30:00
sell,645278,693.75,195.25305080321363,0.0,5m SELL signal,2026-01-13 15:55:00,1.7238701581954956,1.5000000000000018,FREE,341.69283890562383,692.0,645272.0,645279,2026-01-13 16:00:00
buy,645294,693.48,195.32907076589007,0.0,5m BUY signal,2026-01-13 17:15:00,0.6346174478530884,0.4050000000000008,FREE,,,,645295,2026-01-13 17:20:00
sell,645304,693.7123,195.32907076589007,0.0,5m SELL signal,2026-01-13 18:05:00,1.7156540155410767,1.5000000000000018,FREE,45.37494313891808,693.48,645294.0,645305,2026-01-13 18:10:00
buy,645315,693.55,195.37478038766977,0.0,5m BUY signal,2026-01-13 19:00:00,0.6391505599021912,0.4050000000000008,FREE,,,,645316,2026-01-13 19:05:00
sell,645519,691.69,195.37478038766977,0.0,ADAPTIVE_FORCE_SELL->first acceptable 5m signal,2026-01-15 04:00:00,1.52754545211792,-0.5,FORCE_SELL,-363.3970915210462,693.55,645315.0,645520,2026-01-15 04:05:00
buy,647313,693.21,194.9463825483581,0.0,5m BUY signal,2026-01-29 09:40:00,1.0585864782333374,0.9800000000000013,FREE,,,,647314,2026-01-29 09:45:00
sell,647337,688.48,194.9463825483581,0.0,5m SELL signal,2026-01-29 11:40:00,1.4573930501937866,-0.5,FREE,-922.0963894537373,693.21,647313.0,647338,2026-01-29 11:45:00
buy,647352,688.89,194.83035819491295,0.0,5m BUY signal,2026-01-29 12:55:00,0.9991523027420044,0.9800000000000013,FREE,,,,647353,2026-01-29 13:00:00
sell,647361,691.34,194.83035819491295,0.0,5m SELL signal,2026-01-29 13:40:00,1.6456016302108765,-0.5,FREE,477.3343775775456,688.89,647352.0,647362,2026-01-29 13:45:00
buy,647647,687.21,196.00125119609888,0.0,5m BUY signal,2026-02-02 05:35:00,1.4014623165130615,1.2500000000000016,FREE,,,,647648,2026-02-02 05:40:00
sell,647821,697.17,196.00125119609888,0.0,ADAPTIVE_FORCE_SELL->first acceptable 5m signal,2026-02-03 04:05:00,2.425370693206787,1.825000000000002,FORCE_SELL,1952.1724619131296,687.21,647647.0,647822,2026-02-03 04:10:00
buy,651115,685.7,199.27984876240956,0.0,ADAPTIVE_FORCE_BUY->first acceptable 5m signal,2026-02-27 06:40:00,1.3431416749954224,1.3400000000000016,FORCE_BUY,,,,651116,2026-02-27 06:45:00
sell,653856,658.77,199.27984876240956,0.0,5m SELL signal,2026-03-19 11:05:00,1.9159804582595825,1.4150000000000018,FREE,-5366.606327171702,685.7,651115.0,653857,2026-03-19 11:10:00
buy,653984,655.84,200.17014206088763,0.0,ADAPTIVE_FORCE_BUY->first acceptable 5m signal,2026-03-20 05:45:00,2.1751601696014404,2.110000000000002,FORCE_BUY,,,,653985,2026-03-20 05:50:00
sell,655307,638.75,200.17014206088763,0.0,ADAPTIVE_FORCE_SELL->first acceptable 5m signal,2026-03-31 04:00:00,2.532538652420044,-0.5,FORCE_SELL,-3420.907727820576,655.84,653984.0,655308,2026-03-31 04:05:00
buy,655550,654.86,195.2458208493296,0.0,ADAPTIVE_FORCE_BUY->first acceptable 5m signal,2026-04-01 08:20:00,1.3455334901809692,-0.5,FORCE_BUY,,,,655551,2026-04-01 08:25:00
sell,663992,751.37,195.2458208493296,0.0,5m SELL signal,2026-06-04 07:25:00,0.72313392162323,0.6900000000000011,FREE,18843.174170168797,654.86,655550.0,663993,2026-06-04 07:30:00
buy,664204,752.45,194.96558231319125,0.0,ADAPTIVE_FORCE_BUY->first acceptable 5m signal,2026-06-05 09:05:00,1.3137778043746948,1.3000000000000016,FORCE_BUY,,,,664205,2026-06-05 09:10:00
sell,664418,744.98,194.96558231319125,0.0,ADAPTIVE_FORCE_SELL->first acceptable 5m signal,2026-06-08 10:55:00,2.7052242755889893,-0.5,FORCE_SELL,-1456.3928998795438,752.45,664204.0,664419,2026-06-08 11:00:00
buy,664567,742.3,195.66948607258686,0.0,ADAPTIVE_FORCE_BUY->first acceptable 5m signal,2026-06-09 07:20:00,1.2607476711273193,-0.5,FORCE_BUY,,,,664568,2026-06-09 07:25:00
sell,665043,736.35,195.66948607258686,0.0,5m SELL signal,2026-06-11 15:00:00,2.607225179672241,2.2700000000000022,FREE,-1164.2334421318785,742.3,664567.0,665044,2026-06-11 15:05:00
buy,665158,740.09,194.68068217318074,0.0,ADAPTIVE_FORCE_BUY->first acceptable 5m signal,2026-06-12 08:35:00,1.5907752513885498,1.1350000000000016,FORCE_BUY,,,,665159,2026-06-12 08:40:00
